Date,^GSPC,^NDX,^DJI,^KS11,^N225,000001.SS,^HSI,^STOXX50E,^BVSP,^NSEI,GC=F,SI=F,CL=F,BZ=F,NG=F,HG=F,ZC=F,ZW=F,BTC-USD,ETH-USD,DX-Y.NYB,EURUSD=X,USDJPY=X,USDKRW=X,GBPUSD=X,CNY=X
2021-05-14,,,,,,3490.3798828125,28027.5703125,4017.43994140625,121881.0,14677.7998046875,1837.9000244140625,27.35300064086914,65.37000274658203,68.70999908447266,2.9609999656677246,4.664000034332275,685.0,727.25,,,90.31999969482422,,,,,
2021-05-15,,,,,,,,,,,,,,,,,,,46760.1875,3638.1220703125,,,,,,
2021-05-16,,,,,,,,,,,,,,,,,,,46456.05859375,3587.506103515625,,,,,,
2021-05-17,4163.2900390625,13312.91015625,34327.7890625,3134.52001953125,27824.830078125,3517.6201171875,28194.08984375,4006.840087890625,122938.0,14923.150390625,1867.5,28.260000228881836,66.2699966430664,69.45999908447266,3.1089999675750732,4.721499919891357,652.5,699.75,43537.51171875,3282.397705078125,90.22000122070312,1.2150373458862305,109.41200256347656,1125.530029296875,1.4101786613464355,6.436100006103516
2021-05-18,4127.830078125,13217.6796875,34060.66015625,3173.050048828125,28406.83984375,3529.010009765625,28593.810546875,4005.340087890625,122980.0,15108.099609375,1867.800048828125,28.31399917602539,65.48999786376953,68.70999908447266,3.01200008392334,4.735499858856201,658.25,698.0,42909.40234375,3380.070068359375,89.75,1.2156872749328613,109.24199676513672,1135.510009765625,1.4148674011230469,6.438199996948242
2021-05-19,4115.68017578125,13237.91015625,33896.0390625,,28044.44921875,3510.9599609375,,3936.739990234375,122636.0,15030.150390625,1881.300048828125,28.007999420166016,63.36000061035156,66.66000366210938,2.9639999866485596,4.5894999504089355,658.25,679.25,37002.44140625,2460.67919921875,90.19000244140625,1.2223997116088867,108.86799621582031,1127.1400146484375,1.41880202293396,6.424200057983398
2021-05-20,4159.1201171875,13494.08984375,34084.1484375,3162.280029296875,28098.25,3506.93994140625,28450.2890625,3999.909912109375,122701.0,14906.0498046875,1881.800048828125,28.052000045776367,62.04999923706055,65.11000061035156,2.924999952316284,4.581999778747559,664.5,675.25,40782.73828125,2784.294189453125,89.80999755859375,1.217285394668579,109.27300262451172,1130.3699951171875,1.4106162786483765,6.434000015258789
2021-05-21,4155.85986328125,13411.740234375,34207.83984375,3156.419921875,28317.830078125,3486.56005859375,28458.439453125,4025.780029296875,122592.0,15175.2998046875,1876.699951171875,27.472999572753906,63.58000183105469,66.44000244140625,2.9059998989105225,4.495999813079834,659.5,674.25,37304.69140625,2430.621337890625,90.0199966430664,1.222538709640503,108.86000061035156,1127.050048828125,1.4185603857040405,6.433899879455566
2021-05-22,,,,,,,,,,,,,,,,,,,37536.6328125,2295.70556640625,,,,,,
2021-05-23,,,,,,,,,,,,,,,,,,,34770.58203125,2109.579833984375,,,,,,
2021-05-24,4197.0498046875,13641.75,34393.98046875,3144.300048828125,28364.609375,3497.280029296875,28412.259765625,,124032.0,15197.7001953125,1884.5999755859375,27.886999130249023,66.05000305175781,68.45999908447266,2.885999917984009,4.541500091552734,657.25,662.25,38705.98046875,2643.591064453125,89.83000183105469,1.2183235883712769,108.91899871826172,1126.7900390625,1.4142870903015137,6.433199882507324
2021-05-25,4188.1298828125,13657.73046875,34312.4609375,3171.320068359375,28553.98046875,3581.340087890625,28910.859375,4036.0400390625,122988.0,15208.4501953125,1898.0999755859375,28.03700065612793,66.06999969482422,68.6500015258789,2.9130001068115234,4.521999835968018,620.25,656.5,38402.22265625,2706.62890625,89.63999938964844,1.2214635610580444,108.85099792480469,1122.18994140625,1.415608525276184,6.418300151824951
2021-05-26,4195.990234375,13702.740234375,34323.05078125,3168.429931640625,28642.189453125,3593.360107421875,29166.009765625,4031.669921875,123989.0,15301.4501953125,1901.300048828125,27.85300064086914,66.20999908447266,68.87000274658203,2.9839999675750732,4.5329999923706055,624.5,648.5,39294.19921875,2888.69873046875,90.04000091552734,1.2249093055725098,108.802001953125,1121.3800048828125,1.4143872261047363,6.409999847412109
2021-05-27,4200.8798828125,13657.849609375,34464.640625,3165.510009765625,28549.009765625,3608.85009765625,29113.19921875,4039.2099609375,124367.0,15337.849609375,1895.699951171875,27.91900062561035,66.8499984741211,69.45999908447266,2.9579999446868896,4.666500091552734,664.5,676.25,38436.96875,2736.488525390625,89.97000122070312,1.21925950050354,109.16999816894531,1115.52001953125,1.4116119146347046,6.390699863433838
2021-05-28,4204.10986328125,13686.509765625,34529.44921875,3188.72998046875,29149.41015625,3600.780029296875,29124.41015625,4070.56005859375,125561.0,15435.650390625,1902.5,27.993000030517578,66.31999969482422,69.62999725341797,2.9860000610351562,4.682499885559082,656.75,663.5,35697.60546875,2419.90625,90.02999877929688,1.2193188667297363,109.80899810791016,1117.300048828125,1.4203739166259766,6.381999969482422
2021-05-29,,,,,,,,,,,,,,,,,,,34616.06640625,2279.51416015625,,,,,,
2021-05-30,,,,,,,,,,,,,,,,,,,35678.12890625,2390.305419921875,,,,,,
2021-05-31,,,,3203.919921875,28860.080078125,3615.47998046875,29151.80078125,4039.4599609375,126216.0,15582.7998046875,,,,,,,,,37332.85546875,2714.9453125,,1.2190067768096924,109.90699768066406,1112.8499755859375,1.4180374145507812,6.367400169372559
2021-06-01,4202.0400390625,13654.58984375,34575.30859375,3221.8701171875,28814.33984375,3624.7099609375,29468.0,4071.75,128267.0,15574.849609375,1902.9000244140625,28.08300018310547,67.72000122070312,70.25,3.1040000915527344,4.6620001792907715,688.75,693.5,36684.92578125,2633.518310546875,89.83000183105469,1.223286509513855,109.49299621582031,1106.97998046875,1.4226775169372559,6.36899995803833
2021-06-02,4208.1201171875,13675.7900390625,34600.37890625,3224.22998046875,28946.140625,3597.139892578125,29297.619140625,4088.5,129601.0,15576.2001953125,1907.5,28.18600082397461,68.83000183105469,71.3499984741211,3.075000047683716,4.599999904632568,675.0,687.5,37575.1796875,2706.125,89.9000015258789,1.2217769622802734,109.49299621582031,1107.2099609375,1.4157087802886963,6.38070011138916
2021-06-03,4192.85009765625,13529.6796875,34577.0390625,3247.429931640625,29058.109375,3584.2099609375,28966.029296875,4079.239990234375,,15690.349609375,1871.199951171875,27.459999084472656,68.80999755859375,71.30999755859375,3.0409998893737793,4.471499919891357,662.0,676.25,39208.765625,2855.12646484375,90.5,1.220986247062683,109.59500122070312,1109.8800048828125,1.4171934127807617,6.380099773406982
2021-06-04,4229.89013671875,13770.76953125,34756.390625,3240.080078125,28941.51953125,3591.840087890625,28918.099609375,4089.3798828125,130126.0,15670.25,1889.800048828125,27.878999710083008,69.62000274658203,71.88999938964844,3.0969998836517334,4.537499904632568,682.75,687.75,36894.40625,2688.195068359375,90.13999938964844,1.2133007049560547,110.26599884033203,1115.43994140625,1.4109944105148315,6.402699947357178
2021-06-05,,,,,,,,,,,,,,,,,,,35551.95703125,2630.576904296875,,,,,,
2021-06-06,,,,,,,,,,,,,,,,,,,35862.37890625,2715.0927734375,,,,,,
2021-06-07,4226.52001953125,13802.8896484375,34630.23828125,3252.1201171875,29019.240234375,3599.5400390625,28787.279296875,4097.64990234375,130776.0,15751.650390625,1896.800048828125,28.000999450683594,69.2300033569336,71.48999786376953,3.069999933242798,4.534999847412109,679.25,680.0,33560.70703125,2590.26318359375,89.94999694824219,1.2168411016464233,109.61699676513672,1109.6800537109375,1.4164307117462158,6.3942999839782715
2021-06-08,4227.259765625,13810.8603515625,34599.8203125,3247.830078125,28963.560546875,3580.110107421875,28781.380859375,4096.009765625,129787.0,15740.099609375,1892.199951171875,27.71500015258789,70.05000305175781,72.22000122070312,3.128000020980835,4.563000202178955,680.0,685.0,33472.6328125,2517.438720703125,90.08000183105469,1.2193634510040283,109.27400207519531,1109.3199462890625,1.41765558719635,6.396299839019775
2021-06-09,4219.5498046875,13814.9404296875,34447.140625,3216.179931640625,28860.80078125,3591.39990234375,28742.630859375,4096.85009765625,129907.0,15635.349609375,1893.199951171875,27.985000610351562,69.95999908447266,72.22000122070312,3.128999948501587,4.536499977111816,690.75,682.25,37345.12109375,2608.26708984375,90.12000274658203,1.217285394668579,109.46900177001953,1116.8900146484375,1.414987564086914,6.399499893188477
2021-06-10,4239.18017578125,13960.349609375,34466.23828125,3224.639892578125,28958.560546875,3610.860107421875,28738.880859375,4096.06982421875,130076.0,15737.75,1894.199951171875,28.014999389648438,70.29000091552734,72.5199966430664,3.1489999294281006,4.489999771118164,699.0,683.75,36702.59765625,2471.5185546875,90.08000183105469,1.218200445175171,109.61000061035156,1116.4100341796875,1.4112334251403809,6.386499881744385
2021-06-11,4247.43994140625,13998.2998046875,34479.6015625,3249.320068359375,28948.73046875,3589.75,28842.130859375,4126.7001953125,129441.0,15799.349609375,1877.4000244140625,28.131000518798828,70.91000366210938,72.69000244140625,3.2960000038146973,4.541500091552734,684.5,680.75,37334.3984375,2353.768798828125,90.55999755859375,1.2172558307647705,109.40899658203125,1111.260009765625,1.4170126914978027,6.392300128936768
2021-06-12,,,,,,,,,,,,,,,,,,,35552.515625,2372.484375,,,,,,
2021-06-13,,,,,,,,,,,,,,,,,,,39097.859375,2508.3916015625,,,,,,
2021-06-14,4255.14990234375,14128.2001953125,34393.75,3252.1298828125,29161.80078125,,,4132.669921875,130208.0,15811.849609375,1864.0,28.02400016784668,70.87999725341797,72.86000061035156,3.3519999980926514,4.5320000648498535,659.25,674.5,40218.4765625,2537.89111328125,90.5199966430664,1.2110203504562378,109.70899963378906,1115.550048828125,1.411930799484253,6.39769983291626
2021-06-15,4246.58984375,14030.41015625,34299.328125,3258.6298828125,29441.30078125,3556.56005859375,28638.529296875,4143.52001953125,130091.0,15869.25,1854.5,27.679000854492188,72.12000274658203,73.98999786376953,3.240000009536743,4.340000152587891,667.5,661.5,40406.26953125,2610.936767578125,90.54000091552734,1.212224006652832,110.04100036621094,1116.3199462890625,1.4109944105148315,6.397200107574463
2021-06-16,4223.7001953125,13983.009765625,34033.671875,3278.679931640625,29291.009765625,3518.330078125,28436.83984375,4151.759765625,129259.0,15767.5498046875,1859.5,27.799999237060547,72.1500015258789,74.38999938964844,3.250999927520752,4.392499923706055,673.0,662.75,38347.0625,2367.66357421875,91.12999725341797,1.2127091884613037,110.08399963378906,1116.030029296875,1.4081531763076782,6.40500020980835
2021-06-17,4221.85986328125,14163.8095703125,33823.44921875,3264.9599609375,29018.330078125,3525.60009765625,28558.58984375,4158.14013671875,128057.0,15691.400390625,1773.800048828125,25.8439998626709,71.04000091552734,73.08000183105469,3.253000020980835,4.184500217437744,633.0,639.0,38053.50390625,2372.001953125,91.88999938964844,1.1995586156845093,110.7699966430664,1131.949951171875,1.3990709781646729,6.396699905395508
2021-06-18,4166.4501953125,14049.580078125,33290.078125,3267.929931640625,28964.080078125,3525.10009765625,28801.26953125,4083.3701171875,128405.0,15683.349609375,1767.9000244140625,25.95800018310547,71.63999938964844,73.51000213623047,3.2149999141693115,4.162499904632568,655.25,662.75,35787.24609375,2231.733154296875,92.2300033569336,1.1913414001464844,110.32499694824219,1133.5400390625,1.3938642740249634,6.447400093078613
2021-06-19,,,,,,,,,,,,,,,,,,,35615.87109375,2178.4990234375,,,,,,
2021-06-20,,,,,,,,,,,,,,,,,,,35698.296875,2246.364501953125,,,,,,
2021-06-21,4224.7900390625,14137.23046875,33876.96875,3240.7900390625,28010.9296875,3529.179931640625,28489.0,4112.330078125,129265.0,15746.5,1781.800048828125,26.014999389648438,73.66000366210938,74.9000015258789,3.190999984741211,4.1875,659.25,661.5,31676.693359375,1888.447509765625,91.86000061035156,1.1873664855957031,110.20099639892578,1134.25,1.381711721420288,6.452099800109863
2021-06-22,4246.43994140625,14270.419921875,33945.578125,3263.8798828125,28884.130859375,3557.409912109375,28309.759765625,4123.1298828125,128767.0,15772.75,1776.300048828125,25.847999572753906,73.05999755859375,74.80999755859375,3.257999897003174,4.234499931335449,659.75,651.0,32505.66015625,1874.9500732421875,91.7300033569336,1.1912561655044556,110.3740005493164,1130.3399658203125,1.392540454864502,6.46589994430542
2021-06-23,4241.83984375,14274.240234375,33874.23828125,3276.18994140625,28874.890625,3566.219970703125,28817.0703125,4075.93994140625,128428.0,15686.9501953125,1782.300048828125,26.107999801635742,73.08000183105469,75.19000244140625,3.3329999446868896,4.330999851226807,664.25,661.25,33723.02734375,1989.736328125,91.80000305175781,1.1936734914779663,110.65399932861328,1132.510009765625,1.3949919939041138,6.480299949645996
2021-06-24,4266.490234375,14365.9599609375,34196.8203125,3286.10009765625,28875.23046875,3566.64990234375,28882.4609375,4122.43017578125,129514.0,15790.4501953125,1775.5999755859375,26.047000885009766,73.30000305175781,75.55999755859375,3.4179999828338623,4.311500072479248,653.25,651.25,34662.4375,1988.456298828125,91.81999969482422,1.1933174133300781,111.01200103759766,1132.6099853515625,1.3967455625534058,6.4730000495910645
2021-06-25,4280.7001953125,14345.1796875,34433.83984375,3302.840087890625,29066.1796875,3607.56005859375,29288.220703125,4120.66015625,127256.0,15860.349609375,1776.5999755859375,26.082000732421875,74.05000305175781,76.18000030517578,3.496000051498413,4.298999786376953,636.5,637.0,31637.779296875,1813.21728515625,91.80999755859375,1.1930327415466309,110.9209976196289,1130.800048828125,1.3916915655136108,6.4710001945495605
2021-06-26,,,,,,,,,,,,,,,,,,,32186.27734375,1829.2392578125,,,,,,
2021-06-27,,,,,,,,,,,,,,,,,,,34649.64453125,1978.8946533203125,,,,,,
2021-06-28,4290.60986328125,14524.98046875,34283.26953125,3301.889892578125,29048.01953125,3606.3701171875,29268.30078125,4089.909912109375,127429.0,15814.7001953125,1779.5999755859375,26.218000411987305,72.91000366210938,74.68000030517578,3.617000102996826,4.2779998779296875,675.5,646.0,34434.3359375,2079.657470703125,91.87999725341797,1.1942152976989746,110.8219985961914,1125.3399658203125,1.389506459236145,6.446300029754639
2021-06-29,4291.7998046875,14572.75,34292.2890625,3286.679931640625,28812.609375,3573.179931640625,28994.099609375,4107.509765625,127327.0,15748.4501953125,1762.800048828125,25.871999740600586,72.9800033569336,74.76000213623047,3.630000114440918,4.276500225067139,694.5,639.75,35867.77734375,2160.768310546875,92.05000305175781,1.1928904056549072,110.60299682617188,1129.0400390625,1.3879058361053467,6.455100059509277
2021-06-30,4297.5,14554.7998046875,34502.51171875,3296.679931640625,28791.529296875,3591.199951171875,28827.94921875,4064.300048828125,126802.0,15721.5,1770.800048828125,26.165000915527344,73.47000122070312,75.12999725341797,3.6500000953674316,4.296500205993652,720.0,671.5,35040.8359375,2274.547607421875,92.44000244140625,1.1901928186416626,110.53500366210938,1130.510009765625,1.3842746019363403,6.463099956512451
2021-07-01,4319.93994140625,14560.0498046875,34633.53125,3282.06005859375,28707.0390625,3588.780029296875,,4078.889892578125,125666.0,15680.0,1775.9000244140625,26.075000762939453,75.2300033569336,75.83999633789062,3.6610000133514404,4.242000102996826,719.75,658.5,33572.1171875,2113.60546875,92.5999984741211,1.1856770515441895,111.1240005493164,1129.5999755859375,1.3829153776168823,6.456200122833252
2021-07-02,4352.33984375,14727.6298828125,34786.3515625,3281.780029296875,28783.279296875,3518.760009765625,28310.419921875,4084.31005859375,127622.0,15722.2001953125,1782.5999755859375,26.481000900268555,75.16000366210938,76.16999816894531,3.700000047683716,4.2820000648498535,697.25,645.75,33897.046875,2150.040283203125,92.2300033569336,1.1846235990524292,111.5719985961914,1132.4100341796875,1.3759511709213257,6.467599868774414
2021-07-03,,,,,,,,,,,,,,,,,,,34668.546875,2226.1142578125,,,,,,
2021-07-04,,,,,,,,,,,,,,,,,,,35287.78125,2321.72412109375,,,,,,
2021-07-05,,,,3293.2099609375,28598.189453125,3534.320068359375,28143.5,4087.3701171875,126920.0,15834.349609375,,,,,,,,,33746.00390625,2198.58251953125,,1.1856207847595215,111.13500213623047,1129.77001953125,1.383125901222229,6.472099781036377
2021-07-06,4343.5400390625,14786.3603515625,34577.37109375,3305.2099609375,28643.2109375,3530.260009765625,28072.859375,4052.669921875,125095.0,15818.25,1793.5,26.15399932861328,73.37000274658203,74.52999877929688,3.63700008392334,4.257999897003174,656.0,620.0,34235.1953125,2324.679443359375,92.55000305175781,1.186380386352539,110.91600036621094,1129.43994140625,1.3856172561645508,6.462800025939941
2021-07-07,4358.1298828125,14810.5400390625,34681.7890625,3285.340087890625,28366.94921875,3553.719970703125,27960.619140625,4078.530029296875,127019.0,15879.650390625,1801.5,26.110000610351562,72.19999694824219,73.43000030517578,3.5959999561309814,4.328999996185303,652.5,614.75,33855.328125,2315.161865234375,92.63999938964844,1.1824523210525513,110.60199737548828,1135.47998046875,1.3805670738220215,6.478099822998047
2021-07-08,4320.81982421875,14722.1396484375,34421.9296875,3252.679931640625,28118.029296875,3525.5,27153.130859375,3991.659912109375,125428.0,15727.900390625,1799.5999755859375,25.966999053955078,72.94000244140625,74.12000274658203,3.687999963760376,4.271500110626221,638.0,612.25,32877.37109375,2120.0263671875,92.36000061035156,1.17933988571167,110.63500213623047,1140.52001953125,1.3801099061965942,6.471499919891357
2021-07-09,4369.5498046875,14826.08984375,34870.16015625,3217.949951171875,27940.419921875,3524.090087890625,27344.5390625,4068.090087890625,,15689.7998046875,1810.0,26.211000442504883,74.55999755859375,75.55000305175781,3.6740000247955322,4.352499961853027,629.75,608.5,33798.01171875,2146.6923828125,92.12999725341797,1.184800386428833,109.8010025024414,1146.280029296875,1.3790820837020874,6.489099979400635
2021-07-10,,,,,,,,,,,,,,,,,,,33520.51953125,2111.403564453125,,,,,,
2021-07-11,,,,,,,,,,,,,,,,,,,34240.1875,2139.664794921875,,,,,,
2021-07-12,4384.6298828125,14877.8896484375,34996.1796875,3246.469970703125,28569.01953125,3547.840087890625,27515.240234375,4093.3798828125,127594.0,15692.599609375,1805.5,26.216999053955078,74.0999984741211,75.16000366210938,3.749000072479248,4.322999954223633,669.25,635.0,33155.84765625,2036.7210693359375,92.2300033569336,1.187295913696289,110.21499633789062,1144.31005859375,1.3899506330490112,6.478000164031982
2021-07-13,4369.2099609375,14874.5400390625,34888.7890625,3271.3798828125,28718.240234375,3566.52001953125,27963.41015625,4094.56005859375,128168.0,15812.349609375,1809.4000244140625,26.114999771118164,75.25,76.48999786376953,3.696000099182129,4.314499855041504,677.0,628.75,32702.025390625,1940.083984375,92.75,1.186521053314209,110.32499694824219,1141.0999755859375,1.3886960744857788,6.474599838256836
2021-07-14,4374.2998046875,14900.4404296875,34933.23046875,3264.81005859375,28608.490234375,3528.5,27787.4609375,4099.5,128407.0,15853.9501953125,1824.300048828125,26.246000289916992,73.12999725341797,74.76000213623047,3.6600000858306885,4.2769999504089355,683.0,645.0,32822.34765625,1994.331298828125,92.41000366210938,1.1775373220443726,110.59500122070312,1148.699951171875,1.3806052207946777,6.46750020980835
2021-07-15,4360.02978515625,14794.6904296875,34987.01953125,3286.219970703125,28279.08984375,3564.590087890625,27996.26953125,4056.389892578125,127468.0,15924.2001953125,1828.4000244140625,26.375,71.6500015258789,73.47000122070312,3.614000082015991,4.333000183105469,564.25,672.0,31780.73046875,1911.1756591796875,92.62000274658203,1.1833338737487793,109.98400115966797,1143.4100341796875,1.385809302330017,6.468299865722656
2021-07-16,4327.16015625,14681.3798828125,34687.8515625,3276.909912109375,28003.080078125,3539.300048828125,28004.6796875,4035.77001953125,125960.0,15923.400390625,1814.5,25.777000427246094,71.80999755859375,73.58999633789062,3.6740000247955322,4.332499980926514,556.0,692.5,31421.5390625,1880.3829345703125,92.69000244140625,1.1811814308166504,109.77799987792969,1140.1199951171875,1.3829728364944458,6.460100173950195
2021-07-17,,,,,,,,,,,,,,,,,,,31533.068359375,1898.8251953125,,,,,,
2021-07-18,,,,,,,,,,,,,,,,,,,31796.810546875,1895.5521240234375,,,,,,
2021-07-19,4258.490234375,14549.08984375,33962.0390625,3244.0400390625,27652.740234375,3539.1201171875,27489.779296875,3928.530029296875,124395.0,15752.400390625,1808.699951171875,25.125999450683594,66.41999816894531,68.62000274658203,3.7790000438690186,4.2104997634887695,556.0,697.75,30817.83203125,1817.296630859375,92.88999938964844,1.1814005374908447,109.8740005493164,1141.5,1.3763866424560547,6.4781999588012695
2021-07-20,4323.06005859375,14728.2099609375,34511.98828125,3232.699951171875,27388.16015625,3536.7900390625,27259.25,3956.340087890625,125401.0,15632.099609375,1810.9000244140625,24.976999282836914,67.41999816894531,69.3499984741211,3.875999927520752,4.273499965667725,571.75,700.5,29807.34765625,1787.5107421875,92.97000122070312,1.1793843507766724,109.53399658203125,1150.0699462890625,1.3669979572296143,6.4893999099731445
2021-07-21,4358.68994140625,14842.6298828125,34798.0,3215.909912109375,27548.0,3562.660888671875,27224.580078125,4026.679931640625,125929.0,,1802.9000244140625,25.238000869750977,70.30000305175781,72.2300033569336,3.9590001106262207,4.28249979019165,571.75,710.75,32110.693359375,1990.9708251953125,92.75,1.1784114837646484,109.91999816894531,1147.47998046875,1.3633265495300293,6.48390007019043
2021-07-22,4367.47998046875,14940.169921875,34823.3515625,3250.2099609375,,3574.73388671875,27723.83984375,4059.050048828125,126147.0,15824.0498046875,1805.0,25.364999771118164,71.91000366210938,73.79000091552734,4.002999782562256,4.3480000495910645,564.5,692.25,32313.10546875,2025.2027587890625,92.81999969482422,1.179273009300232,110.25499725341797,1148.68994140625,1.3714035749435425,6.4670000076293945
2021-07-23,4411.7900390625,15111.7900390625,35061.55078125,3254.419921875,,3550.39990234375,27321.98046875,4109.10009765625,125053.0,15856.0498046875,1801.4000244140625,25.218000411987305,72.06999969482422,74.0999984741211,4.059999942779541,4.406499862670898,547.25,684.0,33581.55078125,2124.776611328125,92.91000366210938,1.1772738695144653,110.13999938964844,1149.9100341796875,1.377389669418335,6.469699859619141
2021-07-24,,,,,,,,,,,,,,,,,,,34292.4453125,2189.21875,,,,,,
2021-07-25,,,,,,,,,,,,,,,,,,,35350.1875,2191.373779296875,,,,,,
2021-07-26,4422.2998046875,15125.9501953125,35144.30859375,3224.949951171875,27833.2890625,3467.43994140625,26192.3203125,4102.58984375,126004.0,15824.4501953125,1798.699951171875,25.295000076293945,71.91000366210938,74.5,4.1020002365112305,4.589000225067139,549.75,677.0,37337.53515625,2233.36669921875,92.6500015258789,1.1773432493209839,110.54399871826172,1151.1199951171875,1.3757808208465576,6.480400085449219
2021-07-27,4401.4599609375,14956.9697265625,35058.51953125,3232.530029296875,27970.220703125,3381.179931640625,25086.4296875,4064.830078125,124612.0,15746.4501953125,1799.5,24.631999969482422,71.6500015258789,74.4800033569336,3.9709999561309814,4.546000003814697,548.75,674.5,39406.94140625,2298.33349609375,92.43000030517578,1.1807769536972046,110.302001953125,1151.760009765625,1.3829153776168823,6.4816999435424805
2021-07-28,4400.64013671875,15018.099609375,34930.9296875,3236.860107421875,27581.66015625,3361.590087890625,25473.880859375,4103.02978515625,126286.0,15709.400390625,1799.5,24.856000900268555,72.38999938964844,74.73999786376953,4.044000148773193,4.479000091552734,549.25,688.75,39995.90625,2296.54541015625,92.31999969482422,1.1823126077651978,109.80599975585938,1153.56005859375,1.3882719278335571,6.509699821472168
2021-07-29,4419.14990234375,15048.3603515625,35084.53125,3242.64990234375,27782.419921875,3411.719970703125,26315.3203125,4116.77001953125,125675.0,15778.4501953125,1831.199951171875,25.763999938964844,73.62000274658203,76.05000305175781,4.059000015258789,4.519999980926514,558.0,705.25,40008.421875,2380.956787109375,91.86000061035156,1.1845955848693848,109.89099884033203,1149.4100341796875,1.3906852006912231,6.4893999099731445
2021-07-30,4395.259765625,14959.900390625,34935.46875,3202.320068359375,27283.58984375,3397.360107421875,25961.029296875,4089.300048828125,121801.0,15763.0498046875,1812.5999755859375,25.527999877929688,73.94999694824219,76.33000183105469,3.9140000343322754,4.480500221252441,547.0,703.75,42235.546875,2466.96142578125,92.16999816894531,1.1892997026443481,109.40899658203125,1142.1199951171875,1.3964334726333618,6.4552998542785645
2021-07-31,,,,,,,,,,,,,,,,,,,41626.1953125,2536.2099609375,,,,,,
2021-08-01,,,,,,,,,,,,,,,,,,,39974.89453125,2561.85205078125,,,,,,
2021-08-02,4387.16015625,14963.6201171875,34838.16015625,3223.0400390625,27781.01953125,3464.2900390625,26235.80078125,4116.6201171875,122516.0,15885.150390625,1818.0999755859375,25.55699920654297,71.26000213623047,72.88999938964844,3.934999942779541,4.432000160217285,558.75,729.5,39201.9453125,2610.1533203125,92.05000305175781,1.186704158782959,109.70600128173828,1150.9300537109375,1.3896223306655884,6.4604997634887695
2021-08-03,4423.14990234375,15061.419921875,35116.3984375,3237.139892578125,27641.830078125,3447.989990234375,26194.8203125,4117.9501953125,123577.0,16130.75,1810.0999755859375,25.56599998474121,70.55999755859375,72.41000366210938,4.0269999504089355,4.382999897003174,550.5,724.5,38152.98046875,2502.349609375,92.08000183105469,1.1874650716781616,109.26899719238281,1149.56005859375,1.3892748355865479,6.460999965667725
2021-08-04,4402.66015625,15083.3896484375,34792.671875,3280.3798828125,27584.080078125,3477.219970703125,26426.55078125,4144.89990234375,121801.0,16258.7998046875,1810.5,25.445999145507812,68.1500015258789,70.37999725341797,4.1579999923706055,4.329999923706055,545.75,717.25,39747.50390625,2724.619873046875,92.2699966430664,1.1869436502456665,108.99099731445312,1148.5799560546875,1.391788363456726,6.469200134277344
2021-08-05,4429.10009765625,15181.6396484375,35064.25,3276.1298828125,27728.119140625,3466.550048828125,26204.689453125,4161.080078125,121633.0,16294.599609375,1805.0999755859375,25.277000427246094,69.08999633789062,71.29000091552734,4.139999866485596,4.3454999923706055,555.75,712.75,40869.5546875,2827.328857421875,92.23999786376953,1.1837401390075684,109.52899932861328,1144.06005859375,1.3890432119369507,6.465199947357178
2021-08-06,4436.52001953125,15109.3603515625,35208.51171875,3270.360107421875,27820.0390625,3458.22998046875,26179.400390625,4174.5400390625,122810.0,16238.2001953125,1760.0,24.312000274658203,68.27999877929688,70.69999694824219,4.139999866485596,4.3454999923706055,555.0,719.0,42816.5,2890.941650390625,92.80000305175781,1.1835720539093018,109.75199890136719,1143.1199951171875,1.3927576541900635,6.460299968719482
2021-08-07,,,,,,,,,,,,,,,,,,,44555.80078125,3157.23876953125,,,,,,
2021-08-08,,,,,,,,,,,,,,,,,,,43798.1171875,3013.732666015625,,,,,,
2021-08-09,4432.35009765625,15133.1103515625,35101.8515625,3260.419921875,,3494.6298828125,26283.400390625,4177.14990234375,123019.0,16258.25,1723.4000244140625,23.2549991607666,66.4800033569336,69.04000091552734,4.059999942779541,4.2870001792907715,550.25,711.25,46365.40234375,3167.856201171875,92.94999694824219,1.1749500036239624,110.25900268554688,1144.9200439453125,1.3868471384048462,6.482500076293945
2021-08-10,4436.75,15053.580078125,35264.671875,3243.18994140625,27888.150390625,3529.929931640625,26605.619140625,4187.81982421875,122202.0,16280.099609375,1728.800048828125,23.37700080871582,68.29000091552734,70.62999725341797,4.089000225067139,4.351500034332275,549.25,727.0,45585.03125,3141.691162109375,93.05999755859375,1.17384672164917,110.30599975585938,1145.8900146484375,1.3849073648452759,6.485199928283691
2021-08-11,4442.41015625,15027.759765625,35484.96875,3220.6201171875,28070.509765625,3532.6201171875,26660.16015625,4206.330078125,122056.0,16282.25,1750.4000244140625,23.474000930786133,69.25,71.44000244140625,4.059000015258789,4.363999843597412,556.25,727.0,45593.63671875,3164.2451171875,92.91000366210938,1.172333002090454,110.5979995727539,1152.47998046875,1.3836042881011963,6.484899997711182
2021-08-12,4460.830078125,15088.98046875,35499.8515625,3208.3798828125,28015.01953125,3524.739990234375,26517.8203125,4226.330078125,120701.0,16364.400390625,1749.0,23.104999542236328,69.08999633789062,71.30999755859375,3.933000087738037,4.355999946594238,567.0,753.5,44428.2890625,3043.414306640625,93.04000091552734,1.1741899251937866,110.3740005493164,1152.8499755859375,1.3866932392120361,6.4781999588012695
2021-08-13,4468.0,15136.6796875,35515.37890625,3171.2900390625,27977.150390625,3516.300048828125,26391.619140625,4229.7001953125,121194.0,16529.099609375,1775.199951171875,23.76799964904785,68.44000244140625,70.58999633789062,3.8610000610351562,4.38700008392334,568.25,762.25,47793.3203125,3322.211669921875,92.5199966430664,1.173626184463501,110.40299987792969,1162.06005859375,1.3811582326889038,6.478300094604492
2021-08-14,,,,,,,,,,,,,,,,,,,47096.9453125,3265.443359375,,,,,,
2021-08-15,,,,,,,,,,,,,,,,,,,47047.00390625,3310.504150390625,,,,,,
2021-08-16,4479.7099609375,15140.76953125,35625.3984375,,27523.189453125,3517.340087890625,26181.4609375,4202.43994140625,119180.0,16563.05078125,1786.9000244140625,23.780000686645508,67.29000091552734,69.51000213623047,3.946000099182129,4.322000026702881,564.75,760.5,46004.484375,3156.509521484375,92.62999725341797,1.179467797279358,109.6240005493164,1161.3800048828125,1.3863856792449951,6.476399898529053
2021-08-17,4448.080078125,15002.830078125,35343.28125,3143.090087890625,27424.470703125,3446.97607421875,25745.869140625,4196.39990234375,117904.0,16614.599609375,1785.0,23.648000717163086,66.58999633789062,69.02999877929688,3.8369998931884766,4.199999809265137,558.25,734.5,44695.359375,3014.845947265625,93.12999725341797,1.177994966506958,109.2969970703125,1164.5,1.3842746019363403,6.473599910736084
2021-08-18,4400.27001953125,14857.919921875,34960.69140625,3158.929931640625,27585.91015625,3485.285888671875,25867.009765625,4189.419921875,116643.0,16568.849609375,1781.5999755859375,23.41200065612793,65.45999908447266,68.2300033569336,3.8519999980926514,4.116000175476074,561.75,737.25,44801.1875,3020.08984375,93.13999938964844,1.1709738969802856,109.53700256347656,1176.449951171875,1.3740416765213013,6.485099792480469
2021-08-19,4405.7998046875,14933.9404296875,34894.12109375,3097.830078125,27281.169921875,3465.554931640625,25316.330078125,4124.7099609375,117165.0,,1780.199951171875,23.219999313354492,63.689998626708984,66.44999694824219,3.8299999237060547,4.03849983215332,550.0,727.5,46717.578125,3182.7021484375,93.56999969482422,1.1703298091888428,109.84200286865234,1169.6800537109375,1.3743815422058105,6.4832000732421875
2021-08-20,4441.669921875,15092.5703125,35120.078125,3060.510009765625,27013.25,3427.333984375,24849.720703125,4147.5,118053.0,16450.5,1781.0,23.104999542236328,62.31999969482422,65.18000030517578,3.8510000705718994,4.134500026702881,538.75,714.25,49339.17578125,3286.935302734375,93.5,1.1676595211029053,109.76799774169922,1175.3900146484375,1.3630849123001099,6.49370002746582
2021-08-21,,,,,,,,,,,,,,,,,,,48905.4921875,3226.083984375,,,,,,
2021-08-22,,,,,,,,,,,,,,,,,,,49321.65234375,3242.115478515625,,,,,,
2021-08-23,4479.52978515625,15312.8203125,35335.7109375,3090.2099609375,27494.240234375,3477.1298828125,25109.58984375,4176.419921875,117472.0,16496.44921875,1803.199951171875,23.64900016784668,65.63999938964844,68.75,3.944999933242798,4.234499931335449,538.0,719.75,49546.1484375,3319.25732421875,92.95999908447266,1.1697548627853394,109.83999633789062,1174.239990234375,1.3625277280807495,6.491600036621094
2021-08-24,4486.22998046875,15357.6796875,35366.26171875,3138.300048828125,27732.099609375,3514.470947265625,25727.919921875,4178.080078125,120211.0,16624.599609375,1805.5999755859375,23.889999389648438,67.54000091552734,71.05000305175781,3.8959999084472656,4.255000114440918,544.5,718.0,47706.1171875,3172.456298828125,92.88999938964844,1.1744533777236938,109.6780014038086,1167.6099853515625,1.37247633934021,6.480000019073486
2021-08-25,4496.18994140625,15368.919921875,35405.5,3146.81005859375,27724.80078125,3540.3798828125,25693.94921875,4181.1201171875,120818.0,16634.650390625,1788.199951171875,23.770999908447266,68.36000061035156,72.25,3.8970000743865967,4.264999866485596,551.25,711.25,48960.7890625,3224.915283203125,92.83000183105469,1.175309181213379,109.7300033569336,1163.469970703125,1.3725517988204956,6.469900131225586
2021-08-26,4470.0,15278.51953125,35213.12109375,3128.530029296875,27742.2890625,3501.6640625,25415.689453125,4169.8701171875,118724.0,16636.900390625,1792.199951171875,23.54599952697754,67.41999816894531,71.06999969482422,4.184000015258789,4.245999813079834,552.75,725.25,46942.21875,3100.325439453125,93.05999755859375,1.1774401664733887,109.97599792480469,1163.3299560546875,1.3766520023345947,6.474899768829346
2021-08-27,4509.3701171875,15432.9501953125,35455.80078125,3133.89990234375,27641.140625,3522.156982421875,25407.890625,4190.97998046875,120678.0,16705.19921875,1816.5999755859375,24.059999465942383,68.73999786376953,72.69999694824219,4.369999885559082,4.316500186920166,558.0,718.5,49058.66796875,3270.600830078125,92.69000244140625,1.1756407022476196,110.0479965209961,1170.0,1.3702384233474731,6.480500221252441
2021-08-28,,,,,,,,,,,,,,,,,,,48902.40234375,3244.4033203125,,,,,,
2021-08-29,,,,,,,,,,,,,,,,,,,48829.83203125,3227.002685546875,,,,,,
2021-08-30,4528.7900390625,15605.08984375,35399.83984375,3144.18994140625,27789.2890625,3528.15087890625,25539.5390625,4198.7998046875,119740.0,16931.05078125,1809.0,23.959999084472656,69.20999908447266,73.41000366210938,4.304999828338623,4.361000061035156,540.25,708.75,47054.984375,3224.374267578125,92.6500015258789,1.1799006462097168,109.86499786376953,1161.3299560546875,1.3762996196746826,6.470799922943115
2021-08-31,4522.68017578125,15582.509765625,35360.73046875,3199.27001953125,28089.5390625,3543.93994140625,25878.990234375,4196.41015625,118781.0,17132.19921875,1815.0,23.959999084472656,68.5,72.98999786376953,4.376999855041504,4.360000133514404,534.0,706.75,47166.6875,3433.732666015625,92.62999725341797,1.1796904802322388,109.94400024414062,1165.510009765625,1.376045823097229,6.465099811553955
2021-09-01,4524.08984375,15611.5703125,35312.53125,3207.02001953125,28451.01953125,3567.10009765625,26028.2890625,4227.27001953125,119396.0,17076.25,1813.0999755859375,24.177000045776367,68.58999633789062,71.58999633789062,4.614999771118164,4.263000011444092,515.5,701.0,48847.02734375,3834.828125,92.44999694824219,1.1810280084609985,110.05599975585938,1158.4100341796875,1.3753398656845093,6.45959997177124
2021-09-02,4536.9501953125,15604.25,35443.8203125,3175.85009765625,28543.509765625,3597.0400390625,26090.4296875,4232.10009765625,116677.0,17234.150390625,1808.699951171875,23.875,69.98999786376953,73.02999877929688,4.640999794006348,4.289999961853027,516.25,704.0,49327.72265625,3790.989990234375,92.2300033569336,1.1840906143188477,110.09600067138672,1155.280029296875,1.3771638870239258,6.459000110626221
2021-09-03,4535.43017578125,15652.8603515625,35369.08984375,3201.06005859375,29128.109375,3581.72998046875,25901.990234375,4201.97998046875,116933.0,17323.599609375,1830.9000244140625,24.761999130249023,69.29000091552734,72.61000061035156,4.711999893188477,4.325500011444092,508.0,714.5,50025.375,3940.61474609375,92.04000091552734,1.1876484155654907,109.94499969482422,1157.1300048828125,1.383680820465088,6.455399990081787
2021-09-04,,,,,,,,,,,,,,,,,,,49944.625,3887.828369140625,,,,,,
2021-09-05,,,,,,,,,,,,,,,,,,,51753.41015625,3952.133544921875,,,,,,
2021-09-06,,,,3203.330078125,29659.890625,3621.860107421875,26163.630859375,4246.1298828125,117869.0,17377.80078125,,,,,,,,,52633.53515625,3928.37939453125,,1.1885942220687866,109.76399993896484,1154.75,1.3859245777130127,6.451900005340576
2021-09-07,4520.02978515625,15675.759765625,35100.0,3187.419921875,29916.140625,3676.590087890625,26353.630859375,4225.009765625,,17362.099609375,1795.9000244140625,24.333999633789062,68.3499984741211,71.69000244140625,4.567999839782715,4.277500152587891,495.75,708.75,46811.12890625,3426.394287109375,92.5199966430664,1.1875073909759521,109.81999969482422,1155.5400390625,1.3839489221572876,6.456699848175049
2021-09-08,4514.06982421875,15620.849609375,35031.0703125,3162.989990234375,30181.2109375,3675.18994140625,26320.9296875,4177.14990234375,113413.0,17353.5,1790.699951171875,24.011999130249023,69.30000305175781,72.5999984741211,4.914000034332275,4.23199987411499,498.25,698.25,46091.390625,3497.315185546875,92.6500015258789,1.184356927871704,110.2959976196289,1161.0,1.3779798746109009,6.4654998779296875
2021-09-09,4493.27978515625,15561.0498046875,34879.37890625,3114.699951171875,30008.189453125,3693.1298828125,25716.0,4177.10986328125,115361.0,17369.25,1797.4000244140625,24.132999420166016,68.13999938964844,71.44999694824219,5.031000137329102,4.2835001945495605,496.0,681.5,46391.421875,3427.340087890625,92.4800033569336,1.1819101572036743,110.21800231933594,1166.489990234375,1.3767657279968262,6.460700035095215
2021-09-10,4458.580078125,15440.75,34607.71875,3125.760009765625,30381.83984375,3703.110107421875,26205.91015625,4170.35009765625,114286.0,,1789.5999755859375,23.854999542236328,69.72000122070312,72.91999816894531,4.938000202178955,4.447999954223633,502.75,675.0,44883.91015625,3211.505859375,92.58000183105469,1.1825922727584839,109.78099822998047,1169.1300048828125,1.3839681148529053,6.4542999267578125
2021-09-11,,,,,,,,,,,,,,,,,,,45201.45703125,3270.278076171875,,,,,,
2021-09-12,,,,,,,,,,,,,,,,,,,46063.26953125,3410.134521484375,,,,,,
2021-09-13,4468.72998046875,15434.5,34869.62890625,3127.860107421875,30447.369140625,3715.3701171875,25813.810546875,4189.52978515625,116404.0,17355.30078125,1792.0,23.753000259399414,70.44999694824219,73.51000213623047,5.230999946594238,4.363500118255615,496.75,674.5,44963.07421875,3285.51171875,92.62000274658203,1.1811953783035278,109.91500091552734,1169.3800048828125,1.3840830326080322,6.443399906158447
2021-09-14,4443.0498046875,15382.900390625,34577.5703125,3148.830078125,30670.099609375,3662.60009765625,25502.23046875,4191.669921875,116181.0,17380.0,1804.699951171875,23.841999053955078,70.45999908447266,73.5999984741211,5.260000228881836,4.317999839782715,503.0,685.0,47092.4921875,3429.169677734375,92.6500015258789,1.1811953783035278,109.99400329589844,1171.1099853515625,1.3838149309158325,6.450799942016602
2021-09-15,4480.7001953125,15503.5302734375,34814.390625,3153.39990234375,30511.7109375,3656.219970703125,25033.2109375,4145.93994140625,115063.0,17519.44921875,1792.4000244140625,23.759000778198242,72.61000061035156,75.45999908447266,5.460000038146973,4.403500080108643,533.5,712.25,48176.34765625,3615.28271484375,92.48999786376953,1.1804981231689453,109.71900177001953,1170.800048828125,1.381024718284607,6.438300132751465
2021-09-16,4473.75,15515.91015625,34751.3203125,3130.090087890625,30323.33984375,3607.090087890625,24667.849609375,4169.8701171875,113794.0,17629.5,1754.5999755859375,22.75200080871582,72.61000061035156,75.66999816894531,5.335000038146973,4.278500080108643,529.5,713.0,47783.359375,3571.294921875,92.86000061035156,1.1819995641708374,109.38300323486328,1165.219970703125,1.3848881721496582,6.431399822235107
2021-09-17,4432.990234375,15333.4697265625,34584.87890625,3140.510009765625,30500.05078125,3613.969970703125,24920.759765625,4130.83984375,111439.0,17585.150390625,1749.4000244140625,22.295000076293945,71.97000122070312,75.33999633789062,5.105000019073486,4.245500087738037,527.25,708.75,47267.51953125,3398.538818359375,93.19999694824219,1.176747441291809,109.6989974975586,1174.4200439453125,1.3797005414962769,6.456600189208984
2021-09-18,,,,,,,,,,,,,,,,,,,48278.36328125,3432.018310546875,,,,,,
2021-09-19,,,,,,,,,,,,,,,,,,,47260.21875,3329.447998046875,,,,,,
2021-09-20,4357.72998046875,15012.1904296875,33970.46875,,,,24099.140625,4043.6298828125,108844.0,17396.900390625,1761.800048828125,22.163000106811523,70.29000091552734,73.91999816894531,4.985000133514404,4.117000102996826,521.75,700.75,42843.80078125,2958.993408203125,93.23999786376953,1.1729930639266968,109.97100067138672,1181.1099853515625,1.3729662895202637,6.465199947357178
2021-09-21,4354.18994140625,15027.76953125,33919.83984375,,29839.7109375,,24221.5390625,4097.509765625,110250.0,17562.0,1776.0,22.572999954223633,70.55999755859375,74.36000061035156,4.804999828338623,4.127999782562256,517.0,690.25,40693.67578125,2764.43115234375,93.19999694824219,1.1730204820632935,109.43699645996094,1186.3199462890625,1.366269588470459,6.465000152587891
2021-09-22,4395.64013671875,15176.509765625,34258.3203125,,29639.400390625,3628.489990234375,,4150.18994140625,112282.0,17546.650390625,1776.699951171875,22.868999481201172,72.2300033569336,76.19000244140625,4.804999828338623,4.252500057220459,525.5,705.75,43574.5078125,3077.867919921875,93.45999908447266,1.17229163646698,109.14900207519531,1182.9200439453125,1.3657469749450684,6.466000080108643
2021-09-23,4448.97998046875,15316.580078125,34764.8203125,3127.580078125,,3642.219970703125,24510.98046875,4194.919921875,114064.0,17822.94921875,1747.699951171875,22.642000198364258,73.30000305175781,77.25,4.97599983215332,4.230999946594238,529.25,717.75,44895.09765625,3155.523681640625,93.0999984741211,1.168770432472229,109.8219985961914,1181.030029296875,1.3617113828659058,6.4608001708984375
2021-09-24,4455.47998046875,15329.6796875,34798.0,3125.239990234375,30248.810546875,3613.070068359375,24192.16015625,4158.509765625,113283.0,17853.19921875,1749.699951171875,22.38800048828125,73.9800033569336,78.08999633789062,5.139999866485596,4.287499904632568,526.75,723.75,42839.75,2931.669189453125,93.33000183105469,1.1740258932113647,110.32599639892578,1174.699951171875,1.3722503185272217,6.457900047302246
2021-09-25,,,,,,,,,,,,,,,,,,,42716.59375,2925.565673828125,,,,,,
2021-09-26,,,,,,,,,,,,,,,,,,,43208.5390625,3062.265380859375,,,,,,
2021-09-27,4443.10986328125,15204.8203125,34869.37109375,3133.639892578125,30240.060546875,3582.830078125,24208.779296875,4165.47998046875,113583.0,17855.099609375,1750.0,22.656999588012695,75.44999694824219,79.52999877929688,5.705999851226807,4.293499946594238,539.5,722.25,42235.73046875,2934.138916015625,93.37999725341797,1.1723054647445679,110.76399993896484,1179.199951171875,1.3669044971466064,6.465700149536133
2021-09-28,4352.6298828125,14770.2998046875,34299.98828125,3097.919921875,30183.9609375,3602.219970703125,24500.390625,4058.820068359375,110124.0,17748.599609375,1735.800048828125,22.43000030517578,75.29000091552734,79.08999633789062,5.841000080108643,4.244999885559082,532.5,706.5,41034.54296875,2807.296630859375,93.7699966430664,1.1696795225143433,110.96399688720703,1176.9599609375,1.3701633214950562,6.455999851226807
2021-09-29,4359.4599609375,14752.8896484375,34390.71875,3060.27001953125,29544.2890625,3536.2900390625,24663.5,4080.219970703125,111107.0,17711.30078125,1721.5,21.458999633789062,74.83000183105469,78.63999938964844,5.4770002365112305,4.199999809265137,539.0,710.25,41564.36328125,2853.143310546875,94.33999633789062,1.1686338186264038,111.52799987792969,1186.8900146484375,1.354224443435669,6.459000110626221
2021-09-30,4307.5400390625,14689.6201171875,33843.921875,3068.820068359375,29452.66015625,3568.169921875,24575.640625,4048.080078125,110979.0,17618.150390625,1755.300048828125,22.020999908447266,75.02999877929688,78.5199966430664,5.867000102996826,4.090000152587891,536.75,725.5,43790.89453125,3001.678955078125,94.25,1.1601601839065552,111.93599700927734,1187.4300537109375,1.3426424264907837,6.469600200653076
2021-10-01,4357.0400390625,14791.8701171875,34326.4609375,3019.179931640625,28771.0703125,,,4035.300048828125,112900.0,17532.05078125,1757.0,22.510000228881836,75.87999725341797,79.27999877929688,5.61899995803833,4.19350004196167,541.5,755.25,48116.94140625,3307.51611328125,94.04000091552734,1.1574475765228271,111.46099853515625,1183.719970703125,1.346982717514038,6.445499897003174
2021-10-02,,,,,,,,,,,,,,,,,,,47711.48828125,3391.6943359375,,,,,,
2021-10-03,,,,,,,,,,,,,,,,,,,48199.953125,3418.358642578125,,,,,,
2021-10-04,4300.4599609375,14472.1201171875,34002.921875,,28444.890625,,24036.369140625,3996.409912109375,110393.0,17691.25,1766.199951171875,22.618000030517578,77.62000274658203,81.26000213623047,5.765999794006348,4.246500015258789,540.75,756.5,49112.90234375,3380.089111328125,93.80999755859375,1.160725712776184,110.9469985961914,1180.0,1.3570915460586548,6.445700168609619
2021-10-05,4345.72021484375,14674.150390625,34314.671875,2962.169921875,27822.119140625,,24104.150390625,4065.429931640625,110458.0,17822.30078125,1759.5999755859375,22.582000732421875,78.93000030517578,82.55999755859375,6.311999797821045,4.202000141143799,537.5,744.75,51514.8125,3518.5185546875,93.9800033569336,1.1618449687957764,110.96800231933594,1183.780029296875,1.3607479333877563,6.445199966430664
2021-10-06,4363.5498046875,14766.75,34416.98828125,2908.31005859375,27528.869140625,,23966.490234375,4012.64990234375,110560.0,17646.0,1760.5,22.506000518798828,77.43000030517578,81.08000183105469,5.675000190734863,4.1570000648498535,532.25,746.0,55361.44921875,3580.56201171875,94.2699966430664,1.1596084833145142,111.48699951171875,1187.1700439453125,1.3627691268920898,6.445199966430664
2021-10-07,4399.759765625,14897.1298828125,34754.94140625,2959.4599609375,27678.2109375,,24701.73046875,4098.33984375,110585.0,17790.349609375,1757.9000244140625,22.631999969482422,78.30000305175781,81.94999694824219,5.677000045776367,4.250999927520752,534.0,741.25,53805.984375,3587.974853515625,94.22000122070312,1.1555349826812744,111.41300201416016,1191.3800048828125,1.3592127561569214,6.445199966430664
2021-10-08,4391.33984375,14820.75,34746.25,2956.300048828125,28048.939453125,3592.169921875,24837.849609375,4073.2900390625,112833.0,17895.19921875,1756.300048828125,22.679000854492188,79.3499984741211,82.38999938964844,5.565000057220459,4.2829999923706055,530.5,734.0,53967.84765625,3563.75927734375,94.06999969482422,1.1559758186340332,111.66200256347656,1191.1500244140625,1.3620266914367676,6.445199966430664
2021-10-09,,,,,,,,,,,,,,,,,,,54968.22265625,3575.716796875,,,,,,
2021-10-10,,,,,,,,,,,,,,,,,,,54771.578125,3425.852783203125,,,,,,
2021-10-11,4361.18994140625,14713.73046875,34496.05859375,,28498.19921875,3591.7099609375,25325.08984375,4072.52001953125,112180.0,17945.94921875,1754.5999755859375,22.639999389648438,80.5199966430664,83.6500015258789,5.34499979019165,4.374499797821045,533.0,731.75,57484.7890625,3545.35400390625,94.31999969482422,1.1566041707992554,112.2699966430664,1195.5799560546875,1.361655831336975,6.442299842834473
2021-10-12,4350.64990234375,14662.1103515625,34378.33984375,2916.3798828125,28230.609375,3546.93994140625,24962.58984375,4055.090087890625,,17991.94921875,1758.300048828125,22.490999221801758,80.63999938964844,83.41999816894531,5.505000114440918,4.328999996185303,522.5,734.0,56041.05859375,3492.5732421875,94.5199966430664,1.1553747653961182,113.38800048828125,1195.800048828125,1.3590649366378784,6.4496002197265625
2021-10-13,4363.7998046875,14774.599609375,34377.80859375,2944.409912109375,28140.279296875,3561.760009765625,,4083.280029296875,113456.0,18161.75,1793.699951171875,23.14900016784668,80.44000244140625,83.18000030517578,5.590000152587891,4.520500183105469,512.25,718.75,57401.09765625,3606.20166015625,94.08000183105469,1.15340256690979,113.51899719238281,1196.8900146484375,1.3578838109970093,6.447999954223633
2021-10-14,4438.259765625,15052.419921875,34912.55859375,2988.639892578125,28550.9296875,3558.280029296875,,4149.06005859375,113185.0,18338.55078125,1796.699951171875,23.45599937438965,81.30999755859375,84.0,5.686999797821045,4.631499767303467,516.75,724.75,57321.5234375,3786.01416015625,93.95999908447266,1.1599582433700562,113.3010025024414,1186.7099609375,1.366923213005066,6.426599979400635
2021-10-15,4471.3701171875,15146.919921875,35294.76171875,3015.06005859375,29068.630859375,3572.3701171875,25330.9609375,4182.91015625,114648.0,,1767.199951171875,23.327999114990234,82.27999877929688,84.86000061035156,5.409999847412109,4.734000205993652,525.75,734.0,61593.94921875,3862.634765625,93.94000244140625,1.159151554107666,113.83399963378906,1182.1300048828125,1.3668859004974365,6.439000129699707
2021-10-16,,,,,,,,,,,,,,,,,,,60892.1796875,3830.382080078125,,,,,,
2021-10-17,,,,,,,,,,,,,,,,,,,61553.6171875,3847.1044921875,,,,,,
2021-10-18,4486.4599609375,15300.8896484375,35258.609375,3006.679931640625,29025.4609375,3568.139892578125,25409.75,4151.39990234375,114428.0,18477.05078125,1764.800048828125,23.243000030517578,82.44000244140625,84.33000183105469,4.988999843597412,4.730500221252441,532.75,736.25,62026.078125,3748.76025390625,93.94999694824219,1.1597026586532593,114.3239974975586,1181.7900390625,1.376159429550171,6.434800148010254
2021-10-19,4519.6298828125,15410.7197265625,35457.30859375,3029.0400390625,29215.51953125,3593.14990234375,25787.2109375,4166.830078125,110673.0,18418.75,1769.699951171875,23.86199951171875,82.95999908447266,85.08000183105469,5.0879998207092285,4.714000225067139,530.25,736.0,64261.9921875,3877.65087890625,93.79000091552734,1.161386251449585,114.28500366210938,1185.6800537109375,1.373645305633545,6.428899765014648
2021-10-20,4536.18994140625,15388.7099609375,35609.33984375,3013.1298828125,29255.55078125,3587.0,26136.01953125,4172.169921875,110786.0,18266.599609375,1784.0999755859375,24.423999786376953,83.87000274658203,85.81999969482422,5.170000076293945,4.75600004196167,539.25,749.25,65992.8359375,4155.9921875,93.55999755859375,1.1631964445114136,114.54299926757812,1175.6500244140625,1.3793197870254517,6.381800174713135
2021-10-21,4549.77978515625,15489.58984375,35603.078125,3007.330078125,28708.580078125,3594.780029296875,26017.529296875,4155.72998046875,107735.0,18178.099609375,1781.199951171875,24.149999618530273,82.5,84.61000061035156,5.114999771118164,4.58650016784668,532.25,741.25,62210.171875,4054.32275390625,93.7699966430664,1.1655012369155884,114.38899993896484,1174.5899658203125,1.3822999000549316,6.392899990081787
2021-10-22,4544.89990234375,15355.0703125,35677.01953125,3006.159912109375,28804.849609375,3582.60009765625,26126.9296875,4188.81005859375,106296.0,18114.900390625,1795.5,24.429000854492188,83.76000213623047,85.52999877929688,5.28000020980835,4.526000022888184,538.0,756.0,60692.265625,3970.181884765625,93.61000061035156,1.1625338792800903,113.8499984741211,1176.550048828125,1.379120111465454,6.3917999267578125
2021-10-23,,,,,,,,,,,,,,,,,,,61393.6171875,4171.66357421875,,,,,,
2021-10-24,,,,,,,,,,,,,,,,,,,60930.8359375,4087.903076171875,,,,,,
2021-10-25,4566.47998046875,15514.1904296875,35741.1484375,3020.5400390625,28600.41015625,3609.860107421875,26132.029296875,4188.31005859375,108715.0,18125.400390625,1806.0,24.57200050354004,83.76000213623047,85.98999786376953,5.8979997634887695,4.551499843597412,538.0,759.5,63039.82421875,4217.876953125,93.80999755859375,1.1640088558197021,113.66400146484375,1176.5400390625,1.3762730360031128,6.383900165557861
2021-10-26,4574.7900390625,15559.490234375,35756.87890625,3049.080078125,29106.009765625,3597.639892578125,26038.26953125,4223.97021484375,106420.0,18268.400390625,1792.699951171875,24.086000442504883,84.6500015258789,86.4000015258789,5.881999969482422,4.486499786376953,543.5,752.25,60363.79296875,4131.10205078125,93.94999694824219,1.161170482635498,113.76499938964844,1167.06005859375,1.37644362449646,6.384699821472168
2021-10-27,4551.68017578125,15598.3896484375,35490.69140625,3025.489990234375,29098.240234375,3562.31005859375,25628.740234375,4220.8798828125,106363.0,18210.94921875,1797.9000244140625,24.18899917602539,82.66000366210938,84.58000183105469,6.202000141143799,4.38700008392334,557.25,759.75,58482.38671875,3930.25732421875,93.86000061035156,1.1598236560821533,114.18800354003906,1167.3299560546875,1.3766140937805176,6.381499767303467
2021-10-28,4596.419921875,15778.16015625,35730.48046875,3009.550048828125,28820.08984375,3518.419921875,25555.73046875,4233.8701171875,105705.0,17857.25,1801.5999755859375,24.117000579833984,82.80999755859375,84.31999969482422,5.7820000648498535,4.4375,562.75,772.5,60622.13671875,4287.31884765625,93.3499984741211,1.1600120067596436,113.7760009765625,1172.1700439453125,1.3732868432998657,6.391600131988525
2021-10-29,4605.3798828125,15850.4697265625,35819.55859375,2970.679931640625,28892.689453125,3547.340087890625,25377.240234375,4250.56005859375,103501.0,17671.650390625,1783.0,23.94499969482422,83.56999969482422,84.37999725341797,5.426000118255615,4.375500202178955,568.25,772.75,62227.96484375,4414.74658203125,94.12000274658203,1.1683608293533325,113.61599731445312,1167.3699951171875,1.380071759223938,6.390399932861328
2021-10-30,,,,,,,,,,,,,,,,,,,61888.83203125,4325.650390625,,,,,,
2021-10-31,,,,,,,,,,,,,,,,,,,61318.95703125,4288.07421875,,,,,,
2021-11-01,4613.669921875,15905.2802734375,35913.83984375,2978.93994140625,29647.080078125,3544.47998046875,25154.3203125,4280.47021484375,105551.0,17929.650390625,1795.0999755859375,24.06399917602539,84.05000305175781,84.70999908447266,5.185999870300293,4.4019999504089355,579.0,797.25,61004.40625,4324.626953125,93.87999725341797,1.1556684970855713,114.23600006103516,1174.3800048828125,1.36832594871521,6.404699802398682
2021-11-02,4630.64990234375,15972.490234375,36052.62890625,3013.489990234375,29520.900390625,3505.6298828125,25099.669921875,4296.22021484375,,17888.94921875,1788.699951171875,23.5,83.91000366210938,84.72000122070312,5.541999816894531,4.374000072479248,573.0,791.5,63226.40234375,4584.798828125,94.08999633789062,1.1599582433700562,114.09400177001953,1176.5699462890625,1.365541934967041,6.396200180053711
2021-11-03,4660.56982421875,16144.5,36157.578125,2975.7099609375,,3498.5400390625,25024.75,4309.60986328125,105617.0,17829.19921875,1763.5999755859375,23.22599983215332,80.86000061035156,81.98999786376953,5.670000076293945,4.326000213623047,564.0,781.0,62970.046875,4607.19384765625,93.86000061035156,1.1579434871673584,113.96199798583984,1178.0400390625,1.3617392778396606,6.398900032043457
2021-11-04,4680.06005859375,16346.240234375,36124.23046875,2983.219970703125,29794.369140625,3526.8701171875,25225.189453125,4333.33984375,103412.0,17916.80078125,1793.0,23.9060001373291,78.80999755859375,80.54000091552734,5.716000080108643,4.326000213623047,559.25,773.75,61452.23046875,4537.32421875,94.3499984741211,1.1615750789642334,114.06999969482422,1179.3399658203125,1.3694878816604614,6.406199932098389
2021-11-05,4697.52978515625,16359.3798828125,36327.94921875,2969.27001953125,29611.5703125,3491.570068359375,24870.509765625,4363.0400390625,104824.0,,1816.4000244140625,24.152000427246094,81.2699966430664,82.73999786376953,5.515999794006348,4.348999977111816,553.0,766.5,61125.67578125,4486.2431640625,94.31999969482422,1.1555349826812744,113.83699798583984,1185.8299560546875,1.3508602380752563,6.396399974822998
2021-11-06,,,,,,,,,,,,,,,,,,,61527.48046875,4521.5810546875,,,,,,
2021-11-07,,,,,,,,,,,,,,,,,,,63326.98828125,4620.5546875,,,,,,
2021-11-08,4701.7001953125,16336.0302734375,36432.21875,2960.199951171875,29507.05078125,3498.6298828125,24763.76953125,4352.52978515625,104781.0,18068.55078125,1827.4000244140625,24.53700065612793,81.93000030517578,83.43000030517578,5.427000045776367,4.40500020980835,551.5,768.0,67566.828125,4812.08740234375,94.05000305175781,1.1568851470947266,113.4749984741211,1180.5,1.349127173423767,6.397900104522705
2021-11-09,4685.25,16219.9404296875,36319.98046875,2962.4599609375,29285.4609375,3507.0,24813.130859375,4344.6298828125,105535.0,18044.25,1830.199951171875,24.312999725341797,84.1500015258789,84.77999877929688,4.979000091552734,4.380000114440918,554.75,778.5,66971.828125,4735.06884765625,93.95999908447266,1.159151554107666,113.25399780273438,1199.8599853515625,1.3564507961273193,6.391600131988525
2021-11-10,4646.7099609375,15985.5703125,36079.94140625,2930.169921875,29106.779296875,3492.4599609375,24996.140625,4348.81982421875,105968.0,18017.19921875,1847.5999755859375,24.767000198364258,81.33999633789062,82.63999938964844,4.880000114440918,4.328000068664551,569.25,803.0,64995.23046875,4636.17431640625,94.8499984741211,1.1595547199249268,112.91200256347656,1177.5,1.3560001850128174,6.39169979095459
2021-11-11,4649.27001953125,16032.4697265625,35921.23046875,2924.919921875,29277.859375,3532.7900390625,25247.990234375,4358.0,107725.0,17873.599609375,1863.199951171875,25.301000595092773,81.58999633789062,82.87000274658203,5.14900016784668,4.4045000076293945,569.5,812.5,64949.9609375,4730.38427734375,95.18000030517578,1.148593544960022,113.90499877929688,1184.1400146484375,1.3412736654281616,6.3881001472473145
2021-11-12,4682.85009765625,16199.8896484375,36100.30859375,2968.800048828125,29609.970703125,3539.10009765625,25327.970703125,4370.330078125,106312.0,18102.75,1867.9000244140625,25.3439998626709,80.79000091552734,82.16999816894531,4.790999889373779,4.45550012588501,577.25,817.0,64155.94140625,4667.115234375,95.12999725341797,1.145081877708435,114.04299926757812,1183.1099853515625,1.3366482257843018,6.389500141143799
2021-11-13,,,,,,,,,,,,,,,,,,,64469.52734375,4651.46044921875,,,,,,
2021-11-14,,,,,,,,,,,,,,,,,,,65466.83984375,4626.35888671875,,,,,,
2021-11-15,4682.7998046875,16189.1201171875,36087.44921875,2999.52001953125,29776.80078125,3533.300048828125,25390.91015625,4386.18994140625,,18109.44921875,1866.0999755859375,25.10700035095215,80.87999725341797,82.05000305175781,5.017000198364258,4.4070000648498535,576.5,826.25,63557.87109375,4557.50390625,95.41000366210938,1.144164800643921,113.98100280761719,1179.1099853515625,1.341705560684204,6.378600120544434
2021-11-16,4700.89990234375,16309.76953125,36142.21875,2997.2099609375,29808.119140625,3521.7900390625,25713.779296875,4401.490234375,104508.0,17999.19921875,1853.5999755859375,24.944000244140625,80.76000213623047,82.43000030517578,5.177000045776367,4.358500003814697,571.0,810.25,60161.24609375,4216.365234375,95.91999816894531,1.1366478204727173,114.13200378417969,1183.510009765625,1.3408420085906982,6.3821001052856445
2021-11-17,4688.669921875,16308.0703125,35931.05078125,2962.419921875,29688.330078125,3537.3701171875,25650.080078125,4400.81005859375,102945.0,17898.650390625,1869.699951171875,25.16699981689453,78.36000061035156,80.27999877929688,4.815999984741211,4.2729997634887695,575.25,822.25,60368.01171875,4287.59375,95.83000183105469,1.1321182250976562,114.90399932861328,1184.050048828125,1.3424620628356934,6.39109992980957
2021-11-18,4704.5400390625,16482.970703125,35870.94921875,2947.3798828125,29598.66015625,3520.7099609375,25319.720703125,4383.7001953125,102524.0,17764.80078125,1861.0,24.900999069213867,79.01000213623047,81.23999786376953,4.9019999504089355,4.309999942779541,573.0,820.0,56942.13671875,4000.65087890625,95.54000091552734,1.1321182250976562,114.19000244140625,1181.22998046875,1.34916353225708,6.3769001960754395
2021-11-19,4697.9599609375,16573.33984375,35601.98046875,2971.02001953125,29745.869140625,3560.3701171875,25049.970703125,4356.47021484375,103035.0,,1851.199951171875,24.780000686645508,76.0999984741211,78.88999938964844,5.065000057220459,4.4085001945495605,570.75,823.0,58119.578125,4298.306640625,96.06999969482422,1.1368415355682373,114.28199768066406,1182.9000244140625,1.3499648571014404,6.385000228881836
2021-11-20,,,,,,,,,,,,,,,,,,,59697.1953125,4409.93115234375,,,,,,
2021-11-21,,,,,,,,,,,,,,,,,,,58730.4765625,4269.73291015625,,,,,,
2021-11-22,4682.93994140625,16380.98046875,35619.25,3013.25,29774.109375,3582.080078125,24951.33984375,4338.68994140625,102122.0,17416.55078125,1806.0,24.297000885009766,76.75,79.69999694824219,4.789000034332275,4.395500183105469,576.75,845.75,56289.2890625,4088.457763671875,96.5,1.1275737285614014,114.13800048828125,1191.6300048828125,1.3434540033340454,6.386199951171875
2021-11-23,4690.7001953125,16306.7197265625,35813.80078125,2997.330078125,,3589.089111328125,24651.580078125,4283.81982421875,103663.0,17503.349609375,1783.5,23.434999465942383,78.5,82.30999755859375,4.9670000076293945,4.423500061035156,580.5,856.0,57569.07421875,4340.763671875,96.48999786376953,1.12421452999115,114.79000091552734,1189.5,1.3397642374038696,6.384300231933594
2021-11-24,4701.4599609375,16367.8095703125,35804.37890625,2994.2900390625,29302.66015625,3592.702880859375,24685.5,4276.25,104514.0,17415.05078125,1784.0999755859375,23.496000289916992,78.38999938964844,82.25,5.067999839782715,4.458000183105469,579.75,836.75,56280.42578125,4239.9814453125,96.83999633789062,1.1244926452636719,115.14099884033203,1189.949951171875,1.337595820426941,6.3907999992370605
2021-11-25,,,,2980.27001953125,29499.279296875,3584.179931640625,24740.16015625,4293.240234375,105811.0,17536.25,,,,,,,,,57274.6796875,4274.7431640625,,1.1202975511550903,115.40799713134766,1187.8800048828125,1.333066701889038,6.3917999267578125
2021-11-26,4594.6201171875,16025.580078125,34899.33984375,2936.43994140625,28751.619140625,3564.090087890625,24080.51953125,4089.580078125,102224.0,17026.44921875,1785.300048828125,23.10700035095215,68.1500015258789,72.72000122070312,5.447000026702881,4.281499862670898,586.75,825.5,53569.765625,4030.908935546875,96.08999633789062,1.1209630966186523,115.06900024414062,1190.219970703125,1.331416130065918,6.386000156402588
2021-11-27,,,,,,,,,,,,,,,,,,,54815.078125,4096.912109375,,,,,,
2021-11-28,,,,,,,,,,,,,,,,,,,57248.45703125,4294.45361328125,,,,,,
2021-11-29,4655.27001953125,16399.240234375,35135.94140625,2909.320068359375,28283.919921875,3562.699951171875,23852.240234375,4109.509765625,102814.0,17053.94921875,1782.300048828125,22.798999786376953,69.94999694824219,73.44000244140625,4.854000091552734,4.336999893188477,581.0,807.5,57806.56640625,4445.10498046875,96.33999633789062,1.1293182373046875,113.71900177001953,1194.6099853515625,1.334098219871521,6.392000198364258
2021-11-30,4567.0,16135.919921875,34483.71875,2839.010009765625,27821.759765625,3563.889892578125,23475.259765625,4063.06005859375,101915.0,16983.19921875,1773.5999755859375,22.764999389648438,66.18000030517578,70.56999969482422,4.566999912261963,4.2779998779296875,567.0,773.75,57005.42578125,4631.47900390625,95.98999786376953,1.1293437480926514,113.80400085449219,1190.739990234375,1.3315047025680542,6.38700008392334
2021-12-01,4513.0400390625,15877.7197265625,34022.0390625,2899.719970703125,27935.619140625,3576.889892578125,23658.919921875,4179.14990234375,100775.0,17166.900390625,1781.5999755859375,22.298999786376953,65.56999969482422,68.87000274658203,4.257999897003174,4.247499942779541,572.0,778.5,57229.828125,4586.990234375,96.05000305175781,1.1330289840698242,113.29900360107422,1182.8599853515625,1.3295927047729492,6.3632001876831055
2021-12-02,4577.10009765625,15990.759765625,34639.7890625,2945.27001953125,27753.369140625,3573.840087890625,23788.9296875,4108.02001953125,104466.0,17401.650390625,1760.699951171875,22.280000686645508,66.5,69.66999816894531,4.056000232696533,4.298999786376953,577.0,806.5,56477.81640625,4511.30224609375,96.12999725341797,1.1319515705108643,112.88200378417969,1177.1099853515625,1.3280000686645508,6.367300033569336
2021-12-03,4538.43017578125,15712.0400390625,34580.078125,2968.330078125,28029.5703125,3607.429931640625,23766.689453125,4080.14990234375,105070.0,17196.69921875,1782.0,22.44499969482422,66.26000213623047,69.87999725341797,4.131999969482422,4.266499996185303,586.0,794.5,53598.24609375,4220.7060546875,96.12000274658203,1.1306205987930298,113.02200317382812,1176.77001953125,1.3299994468688965,6.3755998611450195
2021-12-04,,,,,,,,,,,,,,,,,,,49200.703125,4119.58740234375,,,,,,
2021-12-05,,,,,,,,,,,,,,,,,,,49368.84765625,4198.32275390625,,,,,,
2021-12-06,4591.669921875,15846.16015625,35227.03125,2973.25,27927.369140625,3589.31005859375,23349.380859375,4137.10986328125,106859.0,16912.25,1777.5,22.22800064086914,69.48999786376953,73.08000183105469,3.6570000648498535,4.336999893188477,583.5,797.0,50582.625,4358.7373046875,96.29000091552734,1.1304799318313599,113.04199981689453,1183.1400146484375,1.3237318992614746,6.37529993057251
2021-12-07,4686.75,16325.66015625,35719.4296875,2991.719970703125,28455.599609375,3595.090087890625,23983.66015625,4276.2001953125,107558.0,17176.69921875,1782.5999755859375,22.48699951171875,72.05000305175781,75.44000244140625,3.7079999446868896,4.3379998207092285,586.25,799.25,50700.0859375,4315.0615234375,96.37000274658203,1.128668189048767,113.45800018310547,1180.56005859375,1.326435923576355,6.374800205230713
2021-12-08,4701.2099609375,16394.33984375,35754.75,3001.800048828125,28860.619140625,3637.570068359375,23996.869140625,4233.08984375,108096.0,17469.75,1783.4000244140625,22.389999389648438,72.36000061035156,75.81999969482422,3.815000057220459,4.390999794006348,584.75,791.25,50504.796875,4439.35791015625,95.88999938964844,1.1276500225067139,113.5250015258789,1176.8399658203125,1.3246086835861206,6.366300106048584
2021-12-09,4667.4501953125,16149.5703125,35754.69140625,3029.570068359375,28725.470703125,3673.0400390625,24254.859375,4208.2998046875,106291.0,17516.849609375,1774.5999755859375,21.974000930786133,70.94000244140625,74.41999816894531,3.813999891281128,4.329999923706055,588.5,773.5,47672.12109375,4119.81591796875,96.2699966430664,1.1345586776733398,113.68399810791016,1172.56005859375,1.3210039138793945,6.343699932098389
2021-12-10,4712.02001953125,16331.98046875,35970.98828125,3010.22998046875,28437.76953125,3666.35009765625,23995.720703125,4199.16015625,107758.0,17511.30078125,1782.9000244140625,22.15999984741211,71.66999816894531,75.1500015258789,3.924999952316284,4.2829999923706055,588.5,782.0,47243.3046875,3908.49609375,96.05000305175781,1.1293309926986694,113.447998046875,1177.3299560546875,1.3224014043807983,6.376500129699707
2021-12-11,,,,,,,,,,,,,,,,,,,49362.5078125,4084.452392578125,,,,,,
2021-12-12,,,,,,,,,,,,,,,,,,,50098.3359375,4134.453125,,,,,,
2021-12-13,4668.97021484375,16082.5498046875,35650.94921875,3001.659912109375,28640.490234375,3681.080078125,23954.580078125,4183.0400390625,107383.0,17368.25,1786.300048828125,22.290000915527344,71.29000091552734,74.38999938964844,3.7939999103546143,4.28000020980835,584.25,785.5,46737.48046875,3784.226806640625,96.31999969482422,1.131183385848999,113.5009994506836,1178.969970703125,1.3257148265838623,6.360000133514404
2021-12-14,4634.08984375,15914.900390625,35544.1796875,2987.949951171875,28432.640625,3661.530029296875,23635.94921875,4144.509765625,106760.0,17324.900390625,1770.4000244140625,21.886999130249023,70.7300033569336,73.69999694824219,3.746999979019165,4.254000186920166,588.75,785.5,46612.6328125,3745.4404296875,96.56999969482422,1.1285407543182373,113.5770034790039,1185.0999755859375,1.3213530778884888,6.365499973297119
2021-12-15,4709.85009765625,16289.58984375,35927.4296875,2989.389892578125,28459.720703125,3647.6298828125,23420.759765625,4159.68017578125,107370.0,17221.400390625,1762.5999755859375,21.507999420166016,70.87000274658203,73.87999725341797,3.802000045776367,4.179500102996826,585.75,756.0,48896.72265625,4018.388671875,96.51000213623047,1.1261261701583862,113.74299621582031,1184.22998046875,1.323050618171692,6.366499900817871
2021-12-16,4668.669921875,15863.9404296875,35897.640625,3006.409912109375,29066.3203125,3675.02001953125,23475.5,4201.8701171875,108212.0,17248.400390625,1796.5999755859375,22.454999923706055,72.37999725341797,75.0199966430664,3.7660000324249268,4.30049991607666,591.25,770.5,47665.42578125,3962.4697265625,96.04000091552734,1.1290758848190308,114.13600158691406,1184.4000244140625,1.3263126611709595,6.366499900817871
2021-12-17,4620.64013671875,15801.4599609375,35365.44140625,3017.72998046875,28545.6796875,3632.360107421875,23192.630859375,4161.35009765625,107201.0,16985.19921875,1803.800048828125,22.506999969482422,70.86000061035156,73.5199966430664,3.690000057220459,4.290999889373779,593.25,775.0,46202.14453125,3879.486572265625,96.56999969482422,1.1334141492843628,113.66300201416016,1186.1500244140625,1.3323739767074585,6.367199897766113
2021-12-18,,,,,,,,,,,,,,,,,,,46848.77734375,3960.860107421875,,,,,,
2021-12-19,,,,,,,,,,,,,,,,,,,46707.015625,3922.592529296875,,,,,,
2021-12-20,4568.02001953125,15627.6396484375,34932.16015625,2963.0,27937.810546875,3593.60009765625,22744.859375,4107.1298828125,105020.0,16614.19921875,1793.699951171875,22.274999618530273,68.2300033569336,71.5199966430664,3.8340001106262207,4.288000106811523,591.0,777.75,46880.27734375,3933.844482421875,96.55000305175781,1.1243535280227661,113.51799774169922,1186.3900146484375,1.3229438066482544,6.374000072479248
2021-12-21,4649.22998046875,15986.2802734375,35492.69921875,2975.030029296875,28517.58984375,3625.1298828125,22971.330078125,4174.990234375,105500.0,16770.849609375,1787.9000244140625,22.50200080871582,71.12000274658203,73.9800033569336,3.86899995803833,4.3379998207092285,598.25,799.0,48936.61328125,4020.260009765625,96.48999786376953,1.1277517080307007,113.66200256347656,1190.1199951171875,1.3210004568099976,6.374599933624268
2021-12-22,4696.56005859375,16180.1396484375,35753.890625,2984.47998046875,28562.2109375,3622.6201171875,23102.330078125,4217.06005859375,105244.0,16955.44921875,1801.5999755859375,22.79199981689453,72.76000213623047,75.29000091552734,3.9760000705718994,4.389500141143799,602.5,814.0,48628.51171875,3982.099609375,96.08000183105469,1.128757357597351,113.99400329589844,1191.27001953125,1.3269639015197754,6.37060022354126
2021-12-23,4725.7900390625,16308.2099609375,35950.55859375,2998.169921875,28798.369140625,3643.340087890625,23193.640625,4265.85986328125,104891.0,17072.599609375,1811.199951171875,22.930999755859375,73.79000091552734,76.8499984741211,3.7309999465942383,4.38700008392334,605.75,814.75,50784.5390625,4108.015625,96.0199966430664,1.1328877210617065,114.12100219726562,1187.77001953125,1.3352025747299194,6.369100093841553
2021-12-24,,,,3012.429931640625,28782.58984375,3618.053955078125,23223.759765625,,,17003.75,,,,,,,,,50822.1953125,4047.98291015625,,1.132733702659607,114.45800018310547,1185.5,1.3406623601913452,6.368800163269043
2021-12-25,,,,,,,,,,,,,,,,,,,50429.859375,4093.281005859375,,,,,,
2021-12-26,,,,,,,,,,,,,,,,,,,50809.515625,4067.328125,,,,,,
2021-12-27,4791.18994140625,16567.5,36302.37890625,2999.550048828125,28676.4609375,3615.969970703125,,4287.97998046875,105531.0,17086.25,1808.0999755859375,22.979000091552734,75.56999969482422,78.5999984741211,4.059999942779541,4.465000152587891,614.75,804.0,50640.41796875,4037.547607421875,96.08999633789062,1.1324259042739868,114.33300018310547,1185.9200439453125,1.3404303789138794,6.366600036621094
2021-12-28,4786.35009765625,16488.66015625,36398.2109375,3020.239990234375,29069.16015625,3630.112060546875,23280.560546875,4311.93017578125,104864.0,17233.25,1810.199951171875,23.111000061035156,75.9800033569336,78.94000244140625,4.054999828338623,4.420000076293945,604.75,783.5,47588.85546875,3800.89306640625,96.19999694824219,1.1330032348632812,114.79199981689453,1185.6500244140625,1.344266653060913,6.369800090789795
2021-12-29,4793.06005859375,16491.009765625,36488.62890625,2993.2900390625,28906.880859375,3597.0,23086.5390625,4284.830078125,104107.0,17213.599609375,1805.0999755859375,22.847999572753906,76.55999755859375,79.2300033569336,4.02400016784668,4.4019999504089355,605.5,787.75,46444.7109375,3628.53173828125,95.93000030517578,1.1314777135849,114.77300262451172,1187.8499755859375,1.3433277606964111,6.367199897766113
2021-12-30,4778.72998046875,16429.099609375,36398.078125,2977.64990234375,28791.7109375,3619.18994140625,23112.009765625,4306.06982421875,104822.0,17203.94921875,1812.699951171875,23.027999877929688,76.98999786376953,79.31999969482422,3.561000108718872,4.384500026702881,596.0,779.75,47178.125,3713.85205078125,95.97000122070312,1.1360150575637817,114.947998046875,1183.6700439453125,1.349879264831543,6.367300033569336
2021-12-31,4766.18017578125,16320.080078125,36338.30078125,,,3639.780029296875,23397.669921875,,,17354.05078125,1827.5,23.327999114990234,75.20999908447266,77.77999877929688,3.7300000190734863,4.454999923706055,593.25,770.75,46306.4453125,3682.6328125,95.66999816894531,1.132502794265747,115.06300354003906,1189.8900146484375,1.349837303161621,6.372099876403809
2022-01-01,,,,,,,,,,,,,,,,,,,47686.8125,3769.697021484375,,,,,,
2022-01-02,,,,,,,,,,,,,,,,,,,47345.21875,3829.56494140625,,,,,,
2022-01-03,4796.56005859375,16501.76953125,36585.05859375,,,,23274.75,4331.81982421875,103922.0,17625.69921875,1799.4000244140625,22.790000915527344,76.08000183105469,78.9800033569336,3.815000057220459,4.4145002365112305,589.25,758.0,46458.1171875,3761.38037109375,96.23999786376953,1.1373459100723267,115.14199829101562,1187.780029296875,1.3522284030914307,6.354899883270264
2022-01-04,4793.5400390625,16279.73046875,36799.6484375,2989.239990234375,29301.7890625,3632.330078125,23289.83984375,4367.6201171875,103514.0,17805.25,1814.0,23.038000106811523,76.98999786376953,80.0,3.7170000076293945,4.466000080108643,609.5,770.0,45897.57421875,3794.056640625,96.29000091552734,1.1302244663238525,115.3280029296875,1194.6800537109375,1.3483266830444336,6.355100154876709
2022-01-05,4700.580078125,15771.7802734375,36407.109375,2953.969970703125,29332.16015625,3595.179931640625,22907.25,4392.14990234375,101006.0,17925.25,1824.5999755859375,23.149999618530273,77.8499984741211,80.80000305175781,3.881999969482422,4.4045000076293945,602.25,760.75,43569.00390625,3550.386962890625,96.19000244140625,1.1283625364303589,116.17400360107422,1196.5,1.353143334388733,6.354300022125244
2022-01-06,4696.0498046875,15765.3603515625,36236.46875,2920.530029296875,28487.869140625,3586.080078125,23072.859375,4324.81005859375,101561.0,17745.900390625,1788.699951171875,22.173999786376953,79.45999908447266,81.98999786376953,3.812000036239624,4.3480000495910645,603.75,746.0,43160.9296875,3418.408203125,96.25,1.1313496828079224,116.12799835205078,1199.25,1.3555645942687988,6.354000091552734
2022-01-07,4677.02978515625,15592.1904296875,36231.66015625,2954.889892578125,28478.560546875,3579.5400390625,23493.380859375,4305.830078125,102719.0,17812.69921875,1797.0,22.393999099731445,78.9000015258789,81.75,3.9159998893737793,4.4029998779296875,606.75,758.5,41557.90234375,3193.21044921875,95.73999786376953,1.1296881437301636,115.86499786376953,1205.780029296875,1.353363037109375,6.381899833679199
2022-01-08,,,,,,,,,,,,,,,,,,,41733.94140625,3091.97265625,,,,,,
2022-01-09,,,,,,,,,,,,,,,,,,,41911.6015625,3157.75146484375,,,,,,
2022-01-10,4670.2900390625,15614.4296875,36068.87109375,2926.719970703125,,3593.52001953125,23746.5390625,4239.52001953125,101945.0,18003.30078125,1798.4000244140625,22.445999145507812,78.2300033569336,80.87000274658203,4.078999996185303,4.3445000648498535,599.75,762.0,41821.26171875,3083.097900390625,95.98999786376953,1.1353960037231445,115.61799621582031,1196.8800048828125,1.3592311143875122,6.376200199127197
2022-01-11,4713.06982421875,15844.1201171875,36252.01953125,2927.3798828125,28222.48046875,3567.43994140625,23739.060546875,4281.5400390625,103779.0,18055.75,1818.5999755859375,22.805999755859375,81.22000122070312,83.72000122070312,4.249000072479248,4.420499801635742,601.0,770.25,42735.85546875,3238.111572265625,95.62000274658203,1.1330417394638062,115.27799987792969,1198.0899658203125,1.3580313920974731,6.373899936676025
2022-01-12,4726.35009765625,15905.099609375,36290.3203125,2972.47998046875,28765.66015625,3597.429931640625,24402.169921875,4316.39013671875,105686.0,18212.349609375,1827.199951171875,23.200000762939453,82.63999938964844,84.66999816894531,4.85699987411499,4.564000129699707,599.0,757.75,43949.1015625,3372.25830078125,95.0,1.1366478204727173,115.33100128173828,1189.4300537109375,1.3633265495300293,6.372900009155273
2022-01-13,4659.02978515625,15495.6201171875,36113.62109375,2962.090087890625,28489.130859375,3555.260009765625,24429.76953125,4315.89990234375,105530.0,18257.80078125,1821.199951171875,23.155000686645508,82.12000274658203,84.47000122070312,4.269999980926514,4.533999919891357,587.5,746.75,42591.5703125,3248.28857421875,94.79000091552734,1.144164800643921,114.67500305175781,1185.8800048828125,1.3709993362426758,6.357600212097168
2022-01-14,4662.85009765625,15611.58984375,35911.80859375,2921.919921875,28124.279296875,3521.260009765625,24383.3203125,4272.18994140625,106928.0,18255.75,1816.5,22.910999298095703,83.81999969482422,86.05999755859375,4.26200008392334,4.411499977111816,596.25,741.5,43099.69921875,3310.00146484375,95.16999816894531,1.1457115411758423,114.11799621582031,1186.6099853515625,1.3713659048080444,6.358099937438965
2022-01-15,,,,,,,,,,,,,,,,,,,43177.3984375,3330.53076171875,,,,,,
2022-01-16,,,,,,,,,,,,,,,,,,,43113.87890625,3350.921875,,,,,,
2022-01-17,,,,2890.10009765625,28333.51953125,3541.669921875,24218.029296875,4302.14013671875,106692.0,18308.099609375,,,,,,,,,42250.55078125,3212.304931640625,,1.1410704851150513,114.30599975585938,1188.9599609375,1.367353081703186,6.351500034332275
2022-01-18,4577.10986328125,15210.759765625,35368.46875,2864.239990234375,28257.25,3569.909912109375,24112.779296875,4257.81982421875,106522.0,18113.05078125,1812.300048828125,23.48699951171875,85.43000030517578,87.51000213623047,4.2829999923706055,4.375999927520752,599.5,769.0,42375.6328125,3164.025146484375,95.7300033569336,1.1410574913024902,114.57099914550781,1190.06005859375,1.364800214767456,6.346700191497803
2022-01-19,4532.759765625,15047.83984375,35028.6484375,2842.280029296875,27467.23046875,3558.179931640625,24127.849609375,4268.27978515625,108013.0,17938.400390625,1843.0999755859375,24.22599983215332,86.95999908447266,88.44000244140625,4.031000137329102,4.462500095367432,610.5,796.5,41744.328125,3095.825927734375,95.51000213623047,1.1329647302627563,114.55400085449219,1192.97998046875,1.3600261211395264,6.352200031280518
2022-01-20,4482.72998046875,14846.4599609375,34715.390625,2862.679931640625,27772.9296875,3555.06005859375,24952.349609375,4299.60986328125,109102.0,17757.0,1842.5,24.711000442504883,86.9000015258789,88.37999725341797,3.802000045776367,4.576499938964844,611.0,790.25,40680.41796875,3001.1201171875,95.73999786376953,1.1343399286270142,114.34700012207031,1188.1600341796875,1.3608589172363281,6.343500137329102
2022-01-21,4397.93994140625,14438.400390625,34265.37109375,2834.2900390625,27522.259765625,3522.570068359375,24965.55078125,4229.56005859375,108942.0,17617.150390625,1831.800048828125,24.31399917602539,85.13999938964844,87.88999938964844,3.999000072479248,4.512499809265137,616.25,780.0,36457.31640625,2557.931640625,95.63999938964844,1.1313753128051758,113.99299621582031,1192.4300537109375,1.359767198562622,6.3394999504089355
2022-01-22,,,,,,,,,,,,,,,,,,,35030.25,2405.18115234375,,,,,,
2022-01-23,,,,,,,,,,,,,,,,,,,36276.8046875,2535.0390625,,,,,,
2022-01-24,4410.1298828125,14509.580078125,34364.5,2792.0,27588.369140625,3524.110107421875,24656.4609375,4054.360107421875,107752.0,17149.099609375,1841.699951171875,23.795000076293945,83.30999755859375,86.2699966430664,4.0269999504089355,4.4029998779296875,621.0,800.5,36654.328125,2440.352294921875,95.91999816894531,1.1341469287872314,113.78500366210938,1191.5,1.3555830717086792,6.337699890136719
2022-01-25,4356.4501953125,14149.1201171875,34297.73046875,2720.389892578125,27131.33984375,3433.06005859375,24243.609375,4078.260009765625,109845.0,17277.94921875,1852.699951171875,23.895999908447266,85.5999984741211,88.19999694824219,4.052999973297119,4.442999839782715,620.0,818.0,36954.00390625,2455.93505859375,95.94999694824219,1.1324130296707153,114.01100158691406,1195.6600341796875,1.3489269018173218,6.329800128936768
2022-01-26,4349.93017578125,14172.759765625,34168.08984375,2709.239990234375,27011.330078125,3455.669921875,24289.900390625,4164.60009765625,111573.0,,1829.9000244140625,23.80699920654297,87.3499984741211,89.95999908447266,4.2769999504089355,4.504499912261963,627.0,795.0,36852.12109375,2468.0302734375,96.48999786376953,1.130454421043396,113.875,1196.0999755859375,1.3510775566101074,6.326499938964844
2022-01-27,4326.509765625,14003.1103515625,34160.78125,2614.489990234375,26170.30078125,3394.25,23807.0,4184.97021484375,112315.0,17110.150390625,1793.300048828125,22.67300033569336,86.61000061035156,89.33999633789062,6.264999866485596,4.413000106811523,625.25,777.0,37138.234375,2423.001220703125,97.26000213623047,1.1243535280227661,114.72100067138672,1200.6300048828125,1.3468012809753418,6.3196001052856445
2022-01-28,4431.85009765625,14454.6103515625,34725.46875,2663.340087890625,26717.33984375,3361.43994140625,23550.080078125,4136.91015625,111478.0,17101.94921875,1784.9000244140625,22.302000045776367,86.81999969482422,90.02999877929688,4.638999938964844,4.302999973297119,636.0,786.25,37784.33203125,2547.092041015625,97.2699966430664,1.1147029399871826,115.35199737548828,1203.4599609375,1.3388315439224243,6.3668999671936035
2022-01-29,,,,,,,,,,,,,,,,,,,38138.1796875,2597.084716796875,,,,,,
2022-01-30,,,,,,,,,,,,,,,,,,,37917.6015625,2603.466552734375,,,,,,
2022-01-31,4515.5498046875,14930.0498046875,35131.859375,,27001.98046875,,23802.259765625,4174.60009765625,112388.0,17339.849609375,1795.0,22.395000457763672,88.1500015258789,91.20999908447266,4.874000072479248,4.317999839782715,626.0,761.25,38483.125,2688.27880859375,96.54000091552734,1.1152374744415283,115.26200103759766,1207.7099609375,1.3403388261795044,6.35099983215332
2022-02-01,4546.5400390625,15019.6796875,35405.23828125,,27078.48046875,,,4224.4501953125,113147.0,17576.849609375,1800.300048828125,22.59600067138672,88.19999694824219,89.16000366210938,4.750999927520752,4.428999900817871,634.75,769.0,38743.2734375,2792.1171875,96.38999938964844,1.12296462059021,115.12100219726562,1205.1199951171875,1.3445378541946411,6.359499931335449
2022-02-02,4589.3798828125,15139.740234375,35629.328125,,27533.599609375,,,4222.0498046875,112161.0,17780.0,1809.199951171875,22.711000442504883,88.26000213623047,89.47000122070312,5.500999927520752,4.491000175476074,622.5,755.0,36952.984375,2682.85400390625,95.94000244140625,1.1273956298828125,114.73600006103516,1202.5,1.352539300918579,6.359499931335449
2022-02-03,4477.43994140625,14501.1103515625,35111.16015625,2707.820068359375,27241.310546875,,,4141.02001953125,111696.0,17560.19921875,1803.0,22.375,90.2699966430664,91.11000061035156,4.888000011444092,4.4664998054504395,616.75,751.75,37154.6015625,2679.16259765625,95.37999725341797,1.1299946308135986,114.38200378417969,1199.9599609375,1.3565024137496948,6.359499931335449
2022-02-04,4500.52978515625,14694.349609375,35089.73828125,2750.260009765625,27439.990234375,,24573.2890625,4086.580078125,112245.0,17516.30078125,1806.5999755859375,22.475000381469727,92.30999755859375,93.2699966430664,4.572000026702881,4.483500003814697,620.5,763.25,41500.875,2983.5869140625,95.4800033569336,1.14357590675354,114.95700073242188,1200.3299560546875,1.359841227531433,6.359499931335449
2022-02-05,,,,,,,,,,,,,,,,,,,41441.1640625,3014.648193359375,,,,,,
2022-02-06,,,,,,,,,,,,,,,,,,,42412.43359375,3057.47607421875,,,,,,
2022-02-07,4483.8701171875,14571.25,35091.12890625,2745.06005859375,27248.869140625,3429.580078125,24579.55078125,4120.56005859375,111996.0,17213.599609375,1820.5999755859375,23.076000213623047,91.31999969482422,92.69000244140625,4.23199987411499,4.46150016784668,635.25,768.75,43840.28515625,3142.470703125,95.4000015258789,1.145514726638794,115.2239990234375,1197.0899658203125,1.3533447980880737,6.359499931335449
2022-02-08,4521.5400390625,14747.0302734375,35462.78125,2746.469970703125,27284.51953125,3452.6298828125,24329.490234375,4129.25,112234.0,17266.75,1826.5999755859375,23.19499969482422,89.36000061035156,90.77999877929688,4.248000144958496,4.459499835968018,632.25,778.75,44118.4453125,3122.608642578125,95.63999938964844,1.1442956924438477,115.06300354003906,1196.8499755859375,1.353780746459961,6.35230016708374
2022-02-09,4587.18017578125,15056.9599609375,35768.05859375,2768.85009765625,27579.869140625,3479.949951171875,24829.990234375,4204.08984375,112461.0,17463.80078125,1835.199951171875,23.336000442504883,89.66000366210938,91.55000305175781,4.008999824523926,4.600500106811523,646.75,785.0,44338.796875,3239.45703125,95.48999786376953,1.142126202583313,115.53099822998047,1196.3599853515625,1.3547565937042236,6.365699768066406
2022-02-10,4504.080078125,14705.6396484375,35241.58984375,2771.929931640625,27696.080078125,3485.909912109375,24924.349609375,4197.06982421875,113359.0,17605.849609375,1836.199951171875,23.518999099731445,89.87999725341797,91.41000366210938,3.9590001106262207,4.65749979019165,641.75,771.5,43565.11328125,3077.482177734375,95.55000305175781,1.142152190208435,115.60199737548828,1194.030029296875,1.3533265590667725,6.361400127410889
2022-02-11,4418.64013671875,14253.83984375,34738.05859375,2747.7099609375,,3462.949951171875,24906.66015625,4155.22998046875,113572.0,17374.75,1840.800048828125,23.365999221801758,93.0999984741211,94.44000244140625,3.940999984741211,4.505000114440918,651.0,797.75,42407.9375,2927.383544921875,96.08000183105469,1.1415525674819946,116.0469970703125,1199.3499755859375,1.3551788330078125,6.35260009765625
2022-02-12,,,,,,,,,,,,,,,,,,,42244.46875,2917.36279296875,,,,,,
2022-02-13,,,,,,,,,,,,,,,,,,,42197.515625,2883.46337890625,,,,,,
2022-02-14,4401.669921875,14268.58984375,34566.171875,2704.47998046875,27079.58984375,3428.8798828125,24556.5703125,4064.449951171875,113807.0,16842.80078125,1868.0,23.844999313354492,95.45999908447266,96.4800033569336,4.195000171661377,4.507500171661377,655.75,799.25,42586.91796875,2933.47900390625,96.37000274658203,1.1365057229995728,115.58399963378906,1199.239990234375,1.3569625616073608,6.353099822998047
2022-02-15,4471.06982421875,14620.8203125,34988.83984375,2676.5400390625,26865.189453125,3446.090087890625,24355.7109375,4143.7099609375,114660.0,17352.44921875,1854.800048828125,23.33799934387207,92.06999969482422,93.27999877929688,4.306000232696533,4.531499862670898,638.0,779.75,44575.203125,3179.877197265625,95.98999786376953,1.1306334733963013,115.53600311279297,1197.3599853515625,1.3532898426055908,6.355899810791016
2022-02-16,4475.009765625,14603.6396484375,34934.26953125,2729.679931640625,27460.400390625,3465.830078125,24718.900390625,4137.22021484375,115181.0,17322.19921875,1870.199951171875,23.60099983215332,93.66000366210938,94.80999755859375,4.7170000076293945,4.540500164031982,647.0,780.5,43961.859375,3127.830078125,95.69999694824219,1.1356796026229858,115.63500213623047,1196.8299560546875,1.3541145324707031,6.3379998207092285
2022-02-17,4380.259765625,14171.740234375,34312.03125,2744.090087890625,27232.869140625,3468.0400390625,24792.76953125,4113.18994140625,113528.0,17304.599609375,1900.699951171875,23.874000549316406,91.76000213623047,92.97000122070312,4.486000061035156,4.525000095367432,650.0,798.0,40538.01171875,2881.48193359375,95.80000305175781,1.1375269889831543,115.38700103759766,1196.75,1.3584926128387451,6.335599899291992
2022-02-18,4348.8701171875,14009.5400390625,34079.1796875,2744.52001953125,27122.0703125,3490.760009765625,24327.7109375,4074.280029296875,112768.0,17276.30078125,1898.5999755859375,23.990999221801758,91.06999969482422,93.54000091552734,4.431000232696533,4.519499778747559,654.25,797.0,40030.9765625,2785.7275390625,96.04000091552734,1.1366478204727173,114.86599731445312,1198.6600341796875,1.3618782758712769,6.3358001708984375
2022-02-19,,,,,,,,,,,,,,,,,,,40122.15625,2763.701171875,,,,,,
2022-02-20,,,,,,,,,,,,,,,,,,,38431.37890625,2628.6484375,,,,,,
2022-02-21,,,,2743.800048828125,26910.869140625,3490.610107421875,24170.0703125,3985.7099609375,111725.0,17206.650390625,,,,,,,,,37075.28125,2573.816162109375,,1.131721019744873,114.96099853515625,1195.0699462890625,1.359342098236084,6.32420015335083
2022-02-22,4304.759765625,13870.5302734375,33596.609375,2706.7900390625,26449.609375,3457.14990234375,23520.0,3985.469970703125,112892.0,17092.19921875,1906.0999755859375,24.31100082397461,92.3499984741211,96.83999633789062,4.498000144958496,4.510000228881836,674.75,844.25,38286.02734375,2639.29931640625,96.02999877929688,1.1309658288955688,114.60900115966797,1194.6800537109375,1.3596007823944092,6.334199905395508
2022-02-23,4225.5,13509.4296875,33131.76171875,2719.530029296875,,3489.14990234375,23660.279296875,3973.409912109375,112008.0,17063.25,1909.199951171875,24.55500030517578,92.0999984741211,96.83999633789062,4.623000144958496,4.481500148773193,683.75,876.0,37296.5703125,2590.359619140625,96.19000244140625,1.13291335105896,115.09600067138672,1192.6800537109375,1.3589357137680054,6.325300216674805
2022-02-24,4288.7001953125,13974.669921875,33223.828125,2648.800048828125,25970.8203125,3429.9599609375,22901.560546875,3829.2900390625,111592.0,16247.9501953125,1925.0999755859375,24.68600082397461,92.80999755859375,99.08000183105469,4.567999839782715,4.453999996185303,695.0,926.0,38332.609375,2598.067138671875,97.13999938964844,1.1305694580078125,114.89800262451172,1192.4000244140625,1.3545730113983154,6.312300205230713
2022-02-25,4384.64990234375,14189.16015625,34058.75,2676.760009765625,26476.5,3451.409912109375,22767.1796875,3970.68994140625,113142.0,16658.400390625,1886.5,23.996999740600586,91.58999633789062,97.93000030517578,4.46999979019165,4.4720001220703125,659.5,843.0,39214.21875,2764.53564453125,96.62000274658203,1.11906898021698,115.57099914550781,1206.0,1.337327480316162,6.3267998695373535
2022-02-26,,,,,,,,,,,,,,,,,,,39105.1484375,2781.11181640625,,,,,,
2022-02-27,,,,,,,,,,,,,,,,,,,37709.78515625,2621.8017578125,,,,,,
2022-02-28,4373.93994140625,14237.8095703125,33892.6015625,2699.179931640625,26526.8203125,3462.31005859375,22713.01953125,3924.22998046875,,16793.900390625,1899.4000244140625,24.361000061035156,95.72000122070312,100.98999786376953,4.4019999504089355,4.444499969482422,697.5,928.0,43193.234375,2919.201171875,96.70999908447266,1.118105411529541,115.58499908447266,1197.5899658203125,1.337327480316162,6.315999984741211
2022-03-01,4306.259765625,14005.990234375,33294.94921875,,26844.720703125,3488.830078125,22761.7109375,3765.85009765625,,,1942.4000244140625,25.534000396728516,103.41000366210938,104.97000122070312,4.572999954223633,4.58650016784668,739.75,1001.75,44354.63671875,2972.485107421875,97.41000366210938,1.1215918064117432,115.0780029296875,1200.9300537109375,1.3422818183898926,6.3084001541137695
2022-03-02,4386.5400390625,14243.6904296875,33891.3515625,2703.52001953125,26393.029296875,3484.18994140625,22343.919921875,3820.590087890625,115174.0,16605.94921875,1920.9000244140625,25.183000564575195,110.5999984741211,112.93000030517578,4.76200008392334,4.6554999351501465,739.0,1058.5,43924.1171875,2950.118408203125,97.38999938964844,1.1132758855819702,114.83300018310547,1205.3699951171875,1.3335111141204834,6.311500072479248
2022-03-03,4363.490234375,14035.2099609375,33794.66015625,2747.080078125,26577.26953125,3481.110107421875,22467.33984375,3741.780029296875,115166.0,16498.05078125,1934.4000244140625,25.204999923706055,107.66999816894531,110.45999908447266,4.7220001220703125,4.771500110626221,751.25,1289.0,42451.7890625,2834.468994140625,97.79000091552734,1.1112345457077026,115.51899719238281,1203.1500244140625,1.33969247341156,6.3196001052856445
2022-03-04,4328.8701171875,13837.830078125,33614.80078125,2713.429931640625,25985.470703125,3447.64990234375,21905.2890625,3556.010009765625,114474.0,16245.349609375,1965.0999755859375,25.781999588012695,115.68000030517578,118.11000061035156,5.015999794006348,4.928999900817871,756.5,1348.0,39137.60546875,2617.156005859375,98.6500015258789,1.1066844463348389,115.4739990234375,1205.989990234375,1.3350956439971924,6.319200038909912
2022-03-05,,,,,,,,,,,,,,,,,,,39400.5859375,2664.8310546875,,,,,,
2022-03-06,,,,,,,,,,,,,,,,,,,38419.984375,2555.037353515625,,,,,,
2022-03-07,4201.08984375,13319.3798828125,32817.37890625,2651.31005859375,25221.41015625,3372.860107421875,21057.630859375,3512.219970703125,111593.0,15863.150390625,1993.9000244140625,25.71299934387207,119.4000015258789,123.20999908447266,4.833000183105469,4.7220001220703125,749.25,1425.25,38062.0390625,2497.771240234375,99.29000091552734,1.087453007698059,114.94999694824219,1216.7099609375,1.3212482929229736,6.316699981689453
2022-03-08,4170.7001953125,13267.6103515625,32632.640625,2622.39990234375,24790.94921875,3293.530029296875,20765.869140625,3505.2900390625,111203.0,16013.4501953125,2040.0999755859375,26.88800048828125,123.69999694824219,127.9800033569336,4.5269999504089355,4.700500011444092,754.5,1273.0,38737.26953125,2576.74755859375,99.05999755859375,1.0865312814712524,115.37300109863281,1232.300048828125,1.3112295866012573,6.319300174713135
2022-03-09,4277.8798828125,13742.2001953125,33286.25,,24717.529296875,3256.389892578125,20627.7109375,3766.02001953125,113900.0,16345.349609375,1985.9000244140625,25.756999969482422,108.69999694824219,111.13999938964844,4.526000022888184,4.564000129699707,735.0,1199.5,41982.92578125,2729.783447265625,97.97000122070312,1.0898232460021973,115.72200012207031,1233.1099853515625,1.3099292516708374,6.317599773406982
2022-03-10,4259.52001953125,13591.0,33174.0703125,2680.320068359375,25690.400390625,3296.090087890625,20890.259765625,3651.389892578125,113663.0,16594.900390625,1998.0999755859375,26.20199966430664,106.0199966430664,109.33000183105469,4.63100004196167,4.643499851226807,757.75,1073.75,39437.4609375,2608.048583984375,98.51000213623047,1.107382893562317,115.90899658203125,1223.22998046875,1.3185653686523438,6.3165998458862305
2022-03-11,4204.31005859375,13301.830078125,32944.19140625,2661.280029296875,25162.779296875,3309.75,20553.7890625,3686.780029296875,111713.0,16630.44921875,1982.699951171875,26.106000900268555,109.33000183105469,112.66999816894531,4.724999904632568,4.616000175476074,764.5,1090.0,38794.97265625,2559.56298828125,99.12000274658203,1.1013944149017334,116.17900085449219,1228.5999755859375,1.3103240728378296,6.320799827575684
2022-03-12,,,,,,,,,,,,,,,,,,,38904.01171875,2574.754150390625,,,,,,
2022-03-13,,,,,,,,,,,,,,,,,,,37849.6640625,2518.944580078125,,,,,,
2022-03-14,4173.10986328125,13046.6396484375,32945.23828125,2645.64990234375,25307.849609375,3223.530029296875,19531.66015625,3741.10009765625,109928.0,16871.30078125,1959.5999755859375,25.243999481201172,103.01000213623047,106.9000015258789,4.6579999923706055,4.512499809265137,728.25,1090.0,39666.75390625,2590.696044921875,99.05999755859375,1.093206763267517,117.52899932861328,1236.8900146484375,1.3050298690795898,6.338699817657471
2022-03-15,4262.4501953125,13458.5595703125,33544.33984375,2621.530029296875,25346.48046875,3063.969970703125,18415.080078125,3738.110107421875,108959.0,16663.0,1928.5,25.12299919128418,96.44000244140625,99.91000366210938,4.567999839782715,4.501500129699707,758.0,1154.25,39338.78515625,2620.149658203125,99.06999969482422,1.0943193435668945,118.21800231933594,1242.050048828125,1.3011853694915771,6.364500045776367
2022-03-16,4357.85986328125,13956.7900390625,34063.1015625,2659.22998046875,25762.009765625,3170.7099609375,20087.5,3889.68994140625,111112.0,16975.349609375,1908.0,24.670000076293945,95.04000091552734,98.0199966430664,4.748000144958496,4.5879998207092285,730.0,1069.25,41143.9296875,2772.0556640625,98.37999725341797,1.0969363451004028,118.29199981689453,1241.6800537109375,1.304648518562317,6.369100093841553
2022-03-17,4411.669921875,14118.599609375,34480.76171875,2694.510009765625,26652.890625,3215.0400390625,21501.23046875,3885.320068359375,113076.0,17287.05078125,1942.0999755859375,25.583999633789062,102.9800033569336,106.63999938964844,4.989999771118164,4.690499782562256,754.5,1098.0,40951.37890625,2814.8544921875,98.01000213623047,1.1021955013275146,118.87000274658203,1223.0,1.3141123056411743,6.351200103759766
2022-03-18,4463.1201171875,14420.080078125,34754.9296875,2707.02001953125,26827.4296875,3251.070068359375,21412.400390625,3902.43994140625,115311.0,,1928.199951171875,25.05500030517578,104.69999694824219,107.93000030517578,4.86299991607666,4.730500221252441,741.75,1063.75,41801.15625,2945.343017578125,98.2300033569336,1.1099518537521362,118.48600006103516,1210.3299560546875,1.3160406351089478,6.3454999923706055
2022-03-19,,,,,,,,,,,,,,,,,,,42190.65234375,2946.257080078125,,,,,,
2022-03-20,,,,,,,,,,,,,,,,,,,41247.82421875,2860.459228515625,,,,,,
2022-03-21,4461.18017578125,14376.08984375,34552.98828125,2686.050048828125,,3253.68994140625,21221.33984375,3881.800048828125,116155.0,17117.599609375,1928.5999755859375,25.281999588012695,112.12000274658203,115.62000274658203,4.900000095367432,4.701499938964844,756.25,1119.25,41077.99609375,2897.9765625,98.5,1.1043134927749634,119.26300048828125,1210.3699951171875,1.3160839080810547,6.360199928283691
2022-03-22,4511.60986328125,14654.330078125,34807.4609375,2710.0,27224.109375,3259.860107421875,21889.279296875,3926.1201171875,117272.0,17315.5,1920.699951171875,24.885000228881836,111.76000213623047,115.4800033569336,5.186999797821045,4.689000129699707,753.0,1118.25,42358.80859375,2973.131103515625,98.48999786376953,1.101722002029419,119.59400177001953,1219.780029296875,1.3168290853500366,6.354499816894531
2022-03-23,4456.240234375,14447.5498046875,34358.5,2735.050048828125,28040.16015625,3271.030029296875,22154.080078125,3869.219970703125,117457.0,17245.650390625,1936.5999755859375,25.170000076293945,114.93000030517578,121.5999984741211,5.23199987411499,4.762499809265137,757.75,1105.75,42892.95703125,3031.067138671875,98.62000274658203,1.1029735803604126,121.33999633789062,1214.949951171875,1.3266470432281494,6.365300178527832
2022-03-24,4520.16015625,14765.6904296875,34707.94140625,2729.659912109375,28110.390625,3250.260009765625,21945.94921875,3863.389892578125,119053.0,17222.75,1961.5999755859375,25.899999618530273,112.33999633789062,119.02999877929688,5.401000022888184,4.729000091552734,748.25,1085.75,43960.93359375,3108.06201171875,98.79000091552734,1.1006306409835815,121.12699890136719,1218.010009765625,1.3206027746200562,6.371300220489502
2022-03-25,4543.06005859375,14754.3095703125,34861.23828125,2729.97998046875,28149.83984375,3212.239990234375,21404.880859375,3867.72998046875,119081.0,17153.0,1953.800048828125,25.594999313354492,113.9000015258789,120.6500015258789,5.571000099182129,4.685999870300293,754.0,1102.25,44348.73046875,3106.67138671875,98.80999755859375,1.1009578704833984,122.34600067138672,1217.550048828125,1.3195745944976807,6.366300106048584
2022-03-26,,,,,,,,,,,,,,,,,,,44500.828125,3143.178955078125,,,,,,
2022-03-27,,,,,,,,,,,,,,,,,,,46820.4921875,3291.57763671875,,,,,,
2022-03-28,4575.52001953125,14987.400390625,34955.890625,2729.56005859375,27943.890625,3214.5,21684.970703125,3887.10009765625,118738.0,17222.0,1939.5999755859375,25.176000595092773,105.95999908447266,112.4800033569336,5.507999897003174,4.714000225067139,748.5,1057.0,47128.00390625,3336.634521484375,99.08999633789062,1.098189115524292,122.2699966430664,1224.3800048828125,1.317627191543579,6.365200042724609
2022-03-29,4631.60009765625,15239.3203125,35294.19140625,2741.070068359375,28252.419921875,3203.93994140625,21927.630859375,4002.179931640625,120014.0,17325.30078125,1912.0,24.715999603271484,104.23999786376953,110.2300033569336,5.335999965667725,4.7164998054504395,726.25,1014.25,47465.73046875,3401.98779296875,98.4000015258789,1.0993843078613281,123.66000366210938,1223.6600341796875,1.3103584051132202,6.370699882507324
2022-03-30,4602.4501953125,15071.5498046875,35228.80859375,2746.739990234375,28027.25,3266.60009765625,22232.029296875,3959.139892578125,120260.0,17498.25,1933.5,25.10300064086914,107.81999969482422,113.44999694824219,5.605000019073486,4.739500045776367,738.0,1027.25,47062.6640625,3385.157958984375,97.79000091552734,1.1091516017913818,123.125,1209.1300048828125,1.3093804121017456,6.363100051879883
2022-03-31,4530.41015625,14838.490234375,34678.3515625,2757.64990234375,27821.4296875,3252.199951171875,21996.849609375,3902.52001953125,119999.0,17464.75,1949.199951171875,25.121000289916992,100.27999877929688,107.91000366210938,5.642000198364258,4.743000030517578,748.75,1006.0,45538.67578125,3281.642822265625,98.30999755859375,1.1161835193634033,122.02100372314453,1210.43994140625,1.3138878345489502,6.346199989318848
2022-04-01,4545.85986328125,14861.2099609375,34818.26953125,2739.85009765625,27665.98046875,3282.719970703125,22039.55078125,3918.679931640625,121570.0,17670.44921875,1919.0999755859375,24.642000198364258,99.2699966430664,104.38999938964844,5.71999979019165,4.682499885559082,735.0,984.5,46281.64453125,3449.55224609375,98.62999725341797,1.1072357892990112,121.75599670410156,1214.5,1.314699649810791,6.338900089263916
2022-04-02,,,,,,,,,,,,,,,,,,,45868.94921875,3445.059326171875,,,,,,
2022-04-03,,,,,,,,,,,,,,,,,,,46453.56640625,3522.83349609375,,,,,,
2022-04-04,4582.64013671875,15159.580078125,34921.87890625,2757.89990234375,27736.470703125,,22502.310546875,3951.1201171875,121280.0,18053.400390625,1929.199951171875,24.583999633789062,103.27999877929688,107.52999877929688,5.711999893188477,4.776500225067139,750.5,1010.25,46622.67578125,3521.2412109375,98.98999786376953,1.1047282218933105,122.61000061035156,1218.780029296875,1.3103755712509155,6.362100124359131
2022-04-05,4525.1201171875,14820.6396484375,34641.1796875,2759.199951171875,27787.98046875,,,3917.85009765625,118885.0,17957.400390625,1922.9000244140625,24.527999877929688,101.95999908447266,106.63999938964844,6.0320000648498535,4.790999889373779,759.75,1045.25,45555.9921875,3411.79248046875,99.47000122070312,1.0975863933563232,122.80899810791016,1213.9000244140625,1.3114582300186157,6.362400054931641
2022-04-06,4481.14990234375,14498.8896484375,34496.51171875,2735.030029296875,27350.30078125,3283.429931640625,22080.51953125,3824.68994140625,118228.0,17807.650390625,1918.4000244140625,24.454999923706055,96.2300033569336,101.06999969482422,6.0289998054504395,4.733500003814697,756.5,1038.25,43206.73828125,3171.69189453125,99.5999984741211,1.090643286705017,123.65599822998047,1218.75,1.3077365159988403,6.363100051879883
2022-04-07,4500.2099609375,14531.8095703125,34583.5703125,2695.860107421875,26888.5703125,3236.699951171875,21808.98046875,3802.010009765625,118862.0,17639.55078125,1933.800048828125,24.732999801635742,96.02999877929688,100.58000183105469,6.359000205993652,4.695000171661377,757.75,1020.0,43503.84765625,3233.274658203125,99.75,1.0898232460021973,123.7229995727539,1217.5999755859375,1.307206630706787,6.358500003814697
2022-04-08,4488.27978515625,14327.259765625,34721.12109375,2700.389892578125,26985.80078125,3251.85009765625,21872.009765625,3858.3701171875,118322.0,17784.349609375,1941.5999755859375,24.819000244140625,98.26000213623047,102.77999877929688,6.2779998779296875,4.71999979019165,768.75,1051.5,42287.6640625,3192.073974609375,99.80000305175781,1.0864840745925903,124.09600067138672,1222.6600341796875,1.3069332838058472,6.3597002029418945
2022-04-09,,,,,,,,,,,,,,,,,,,42782.13671875,3261.916259765625,,,,,,
2022-04-10,,,,,,,,,,,,,,,,,,,42207.671875,3211.866943359375,,,,,,
2022-04-11,4412.52978515625,13990.2099609375,34308.078125,2693.10009765625,26821.51953125,3167.1298828125,21208.30078125,3839.6201171875,116953.0,17674.94921875,1944.300048828125,24.97800064086914,94.29000091552734,98.4800033569336,6.64300012588501,4.628499984741211,764.5,1081.25,39521.90234375,2981.05224609375,99.93000030517578,1.0884946584701538,124.38500213623047,1228.239990234375,1.303220272064209,6.363999843597412
2022-04-12,4397.4501953125,13940.240234375,34220.359375,2666.760009765625,26334.98046875,3213.330078125,21319.130859375,3831.469970703125,116147.0,17530.30078125,1972.0999755859375,25.725000381469727,100.5999984741211,104.63999938964844,6.679999828338623,4.703999996185303,776.25,1103.75,40127.18359375,3030.37646484375,100.29000091552734,1.0877959728240967,125.47200012207031,1235.050048828125,1.3024225234985352,6.36870002746582
2022-04-13,4446.58984375,14217.2900390625,34564.58984375,2716.489990234375,26843.490234375,3186.820068359375,21374.369140625,3827.9599609375,116782.0,17475.650390625,1981.0,26.020000457763672,104.25,108.77999877929688,6.997000217437744,4.706999778747559,783.5,1113.5,41166.73046875,3118.34423828125,99.87999725341797,1.0826143026351929,125.41600036621094,1228.5999755859375,1.3002548217773438,6.364999771118164
2022-04-14,4392.58984375,13893.2099609375,34451.23046875,2716.7099609375,27172.0,3225.639892578125,21518.080078125,3848.679931640625,116182.0,,1970.9000244140625,25.690000534057617,106.94999694824219,111.69999694824219,7.300000190734863,4.7170000076293945,790.25,1096.5,39935.515625,3019.909423828125,100.31999969482422,1.089656949043274,125.37699890136719,1223.1199951171875,1.312026023864746,6.367199897766113
2022-04-15,,,,2696.06005859375,27093.189453125,3211.2451171875,,,,,,,,,,,,,40553.46484375,3040.91650390625,,1.0820988416671753,126.17900085449219,1230.0999755859375,1.3070015907287598,6.377399921417236
2022-04-16,,,,,,,,,,,,,,,,,,,40424.484375,3062.310302734375,,,,,,
2022-04-17,,,,,,,,,,,,,,,,,,,39716.953125,2993.4033203125,,,,,,
2022-04-18,4391.68994140625,13910.759765625,34411.69140625,2693.2099609375,26799.7109375,3195.52001953125,,,115687.0,17173.650390625,1982.9000244140625,26.139999389648438,108.20999908447266,113.16000366210938,7.820000171661377,4.796000003814697,813.25,1120.5,40826.21484375,3057.606689453125,100.77999877929688,1.081525444984436,126.61799621582031,1228.0899658203125,1.3057557344436646,6.370200157165527
2022-04-19,4462.2099609375,14210.259765625,34911.19921875,2718.889892578125,26985.08984375,3194.030029296875,21027.759765625,3830.760009765625,115057.0,16958.650390625,1955.699951171875,25.391000747680664,102.55999755859375,107.25,7.176000118255615,4.714000225067139,804.0,1099.0,41502.75,3104.1064453125,100.95999908447266,1.0781787633895874,127.0979995727539,1235.3499755859375,1.3009822368621826,6.366199970245361
2022-04-20,4459.4501953125,13998.5302734375,35160.7890625,2718.68994140625,27217.849609375,3151.050048828125,20944.669921875,3896.81005859375,114344.0,17136.55078125,1952.300048828125,25.270000457763672,102.75,106.80000305175781,6.936999797821045,4.649499893188477,815.75,1088.0,41374.37890625,3077.745849609375,100.38999938964844,1.0794472694396973,129.33299255371094,1239.5999755859375,1.301371693611145,6.392399787902832
2022-04-21,4393.66015625,13720.4501953125,34792.76171875,2728.2099609375,27553.060546875,3079.81005859375,20682.220703125,3928.030029296875,,17392.599609375,1944.9000244140625,24.621000289916992,103.79000091552734,108.33000183105469,6.956999778747559,4.703499794006348,799.25,1068.0,40527.36328125,2987.480712890625,100.58000183105469,1.0849870443344116,128.01300048828125,1234.0899658203125,1.3068820238113403,6.417699813842773
2022-04-22,4271.77978515625,13356.8701171875,33811.3984375,2704.7099609375,27105.259765625,3086.919921875,20638.51953125,3840.010009765625,111078.0,17171.94921875,1931.0,24.256999969482422,102.06999969482422,106.6500015258789,6.533999919891357,4.582499980926514,793.0,1065.5,39740.3203125,2964.835693359375,101.22000122070312,1.0835175514221191,128.4080047607422,1242.489990234375,1.302626132965088,6.4492998123168945
2022-04-23,,,,,,,,,,,,,,,,,,,39486.73046875,2938.114013671875,,,,,,
2022-04-24,,,,,,,,,,,,,,,,,,,39469.29296875,2922.732666015625,,,,,,
2022-04-25,4296.1201171875,13533.2197265625,34049.4609375,2657.1298828125,26590.779296875,2928.510009765625,19869.33984375,3757.590087890625,110685.0,16953.94921875,1893.199951171875,23.667999267578125,98.54000091552734,102.31999969482422,6.669000148773193,4.448999881744385,800.25,1062.0,40458.30859375,3009.3935546875,101.75,1.0811045169830322,128.60499572753906,1243.1600341796875,1.2830876111984253,6.50029993057251
2022-04-26,4175.2001953125,13009.7099609375,33240.1796875,2668.31005859375,26700.109375,2886.429931640625,19934.7109375,3721.360107421875,108213.0,17200.80078125,1901.4000244140625,23.54199981689453,101.69999694824219,104.98999786376953,6.849999904632568,4.440000057220459,803.25,1083.25,38117.4609375,2808.29833984375,102.30000305175781,1.0714209079742432,127.74400329589844,1249.2099609375,1.2739989757537842,6.5578999519348145
2022-04-27,4183.9599609375,13003.3603515625,33301.9296875,2639.06005859375,26386.630859375,2958.280029296875,19946.359375,3734.639892578125,109349.0,17038.400390625,1885.9000244140625,23.45800018310547,102.0199966430664,105.31999969482422,7.267000198364258,4.454500198364258,815.5,1080.0,39241.12109375,2888.9296875,102.94999694824219,1.0643619298934937,127.26599884033203,1260.7099609375,1.2583998441696167,6.556300163269043
2022-04-28,4287.5,13456.0595703125,33916.390625,2667.489990234375,26847.900390625,2975.47998046875,20276.169921875,3777.02001953125,109919.0,17245.05078125,1888.699951171875,23.128999710083008,105.36000061035156,107.58999633789062,6.888000011444092,4.41349983215332,816.0,1074.0,39773.828125,2936.94091796875,103.62000274658203,1.0555092096328735,128.3939971923828,1266.280029296875,1.2541857957839966,6.559500217437744
2022-04-29,4131.93017578125,12854.7998046875,32977.2109375,2695.050048828125,,3047.06005859375,21089.390625,3802.860107421875,107876.0,17102.55078125,1909.300048828125,23.040000915527344,104.69000244140625,109.33999633789062,7.24399995803833,4.394999980926514,818.25,1043.75,38609.82421875,2815.601806640625,102.95999908447266,1.0504201650619507,130.81100463867188,1272.2900390625,1.2463854551315308,6.62529993057251
2022-04-30,,,,,,,,,,,,,,,,,,,37714.875,2730.186767578125,,,,,,
2022-05-01,,,,,,,,,,,,,,,,,,,38469.09375,2827.756103515625,,,,,,
2022-05-02,4155.3798828125,13075.849609375,33061.5,2687.449951171875,26818.529296875,,,3732.43994140625,106639.0,17069.099609375,1861.800048828125,22.54400062561035,105.16999816894531,107.58000183105469,7.474999904632568,4.255499839782715,813.0,1043.5,38529.328125,2857.410400390625,103.73999786376953,1.0535964965820312,130.01100158691406,1262.530029296875,1.2573871612548828,6.607500076293945
2022-05-03,4175.47998046875,13089.900390625,33128.7890625,2680.4599609375,,,21101.890625,3761.18994140625,106528.0,,1868.800048828125,22.621000289916992,102.41000366210938,104.97000122070312,7.953999996185303,4.270999908447266,800.75,1033.75,37750.453125,2783.476318359375,103.47000122070312,1.0509058237075806,130.11199951171875,1266.75,1.2498282194137573,6.607500076293945
2022-05-04,4300.169921875,13535.7099609375,34061.05859375,2677.570068359375,,,20869.51953125,3724.989990234375,108344.0,16677.599609375,1867.0,22.36199951171875,107.80999755859375,110.13999938964844,8.414999961853027,4.328499794006348,798.5,1066.0,39698.37109375,2940.644775390625,102.58999633789062,1.0528532266616821,130.11599731445312,1261.06005859375,1.2500405311584473,6.607399940490723
2022-05-05,4146.8701171875,12850.5498046875,32997.96875,,,3067.760009765625,20793.400390625,3696.6298828125,105304.0,16682.650390625,1874.0,22.399999618530273,108.26000213623047,110.9000015258789,8.782999992370605,4.284999847412109,803.75,1096.0,36575.140625,2749.213134765625,103.75,1.0622477531433105,129.22300720214844,1251.5,1.261813759803772,6.607500076293945
2022-05-06,4123.33984375,12693.5302734375,32899.37109375,2644.510009765625,27003.560546875,3001.56005859375,20001.9609375,3629.169921875,105135.0,16411.25,1881.199951171875,22.325000762939453,109.7699966430664,112.38999938964844,8.043000221252441,4.261499881744385,792.25,1097.0,36040.921875,2694.979736328125,103.66000366210938,1.0539740324020386,130.3300018310547,1268.699951171875,1.2364147901535034,6.654600143432617
2022-05-07,,,,,,,,,,,,,,,,,,,35501.953125,2636.093017578125,,,,,,
2022-05-08,,,,,,,,,,,,,,,,,,,34059.265625,2517.4599609375,,,,,,
2022-05-09,3991.239990234375,12187.7197265625,32245.69921875,,26319.33984375,3004.139892578125,,3526.860107421875,103250.0,16301.849609375,1857.0999755859375,21.781999588012695,103.08999633789062,105.94000244140625,7.026000022888184,4.192999839782715,784.5,1083.25,30296.953125,2245.430419921875,103.6500015258789,1.053219199180603,130.74899291992188,1270.1300048828125,1.2326656579971313,6.665599822998047
2022-05-10,4001.050048828125,12345.8603515625,32160.740234375,2596.56005859375,26167.099609375,3035.840087890625,19633.689453125,3554.800048828125,103110.0,16240.0498046875,1839.9000244140625,21.389999389648438,99.76000213623047,102.45999908447266,7.385000228881836,4.1545000076293945,786.5,1083.25,31022.90625,2343.510986328125,103.91999816894531,1.056579828262329,130.3769989013672,1274.8599853515625,1.2338824272155762,6.729800224304199
2022-05-11,3935.179931640625,11967.5595703125,31834.109375,2592.27001953125,26213.640625,3058.699951171875,19824.5703125,3647.8701171875,104397.0,16167.099609375,1852.5999755859375,21.549999237060547,105.70999908447266,107.51000213623047,7.639999866485596,4.212500095367432,802.25,1108.75,28936.35546875,2072.108642578125,103.8499984741211,1.0532968044281006,130.3509979248047,1276.550048828125,1.2309207916259766,6.73360013961792
2022-05-12,3930.080078125,11945.5,31730.30078125,2550.080078125,25748.720703125,3054.989990234375,19380.33984375,3613.429931640625,105688.0,15808.0,1823.800048828125,20.756999969482422,106.12999725341797,107.44999694824219,7.738999843597412,4.105000019073486,813.5,1174.5,29047.751953125,1961.7015380859375,104.8499984741211,1.05124831199646,129.8350067138672,1278.1500244140625,1.2234212160110474,6.720699787139893
2022-05-13,4023.889892578125,12387.400390625,32196.66015625,2604.239990234375,26427.650390625,3084.280029296875,19898.76953125,3703.419921875,106924.0,15782.150390625,1807.4000244140625,20.983999252319336,110.48999786376953,111.55000305175781,7.663000106811523,4.180500030517578,794.5,1167.25,29283.103515625,2014.418212890625,104.55999755859375,1.0379581451416016,128.58799743652344,1290.75,1.220613718032837,6.785900115966797
2022-05-14,,,,,,,,,,,,,,,,,,,30101.265625,2056.27392578125,,,,,,
2022-05-15,,,,,,,,,,,,,,,,,,,31305.11328125,2145.706787109375,,,,,,
2022-05-16,4008.010009765625,12243.580078125,32223.419921875,2596.580078125,26547.05078125,3073.75,19950.2109375,3685.340087890625,108233.0,15842.2998046875,1813.5,21.53499984741211,114.19999694824219,114.23999786376953,7.955999851226807,4.196499824523926,809.5,1247.5,29862.91796875,2022.7259521484375,104.19000244140625,1.0400632619857788,129.4320068359375,1277.5699462890625,1.2258507013320923,6.788000106811523
2022-05-17,4088.85009765625,12564.099609375,32654.58984375,2620.43994140625,26659.75,3093.699951171875,20602.51953125,3741.510009765625,108789.0,16259.2998046875,1818.199951171875,21.73699951171875,112.4000015258789,111.93000030517578,8.303999900817871,4.239500045776367,800.75,1277.5,30425.857421875,2090.4091796875,103.36000061035156,1.0438958406448364,128.92300415039062,1279.8499755859375,1.2324832677841187,6.785099983215332
2022-05-18,3923.679931640625,11928.3095703125,31490.0703125,2625.97998046875,26911.19921875,3085.97998046875,20644.279296875,3690.739990234375,106247.0,16240.2998046875,1815.9000244140625,21.533000946044922,109.58999633789062,109.11000061035156,8.368000030517578,4.182000160217285,781.5,1230.75,28720.271484375,1916.6561279296875,103.80999755859375,1.0547856092453003,129.45399475097656,1266.6600341796875,1.2484394311904907,6.736199855804443
2022-05-19,3900.7900390625,11875.6298828125,31253.130859375,2592.340087890625,26402.83984375,3096.9599609375,20120.6796875,3633.330078125,107005.0,15809.400390625,1841.199951171875,21.898000717163086,112.20999908447266,112.04000091552734,8.307999610900879,4.284999847412109,783.25,1200.5,30314.333984375,2018.336181640625,102.72000122070312,1.0472739934921265,127.91400146484375,1275.5799560546875,1.2345831394195557,6.753399848937988
2022-05-20,3901.360107421875,11835.6201171875,31261.900390625,2639.2900390625,26739.029296875,3146.570068359375,20717.240234375,3657.030029296875,108488.0,16266.150390625,1841.800048828125,21.66900062561035,113.2300033569336,112.55000305175781,8.083000183105469,4.281000137329102,778.75,1168.75,29200.740234375,1961.315673828125,103.1500015258789,1.057898759841919,127.83200073242188,1263.550048828125,1.2462146282196045,6.712100028991699
2022-05-21,,,,,,,,,,,,,,,,,,,29432.2265625,1974.518310546875,,,,,,
2022-05-22,,,,,,,,,,,,,,,,,,,30323.72265625,2043.170166015625,,,,,,
2022-05-23,3973.75,12034.2802734375,31880.240234375,2647.3798828125,27001.51953125,3146.860107421875,20470.060546875,3708.389892578125,110346.0,16214.7001953125,1847.800048828125,21.722999572753906,110.29000091552734,113.41999816894531,8.744000434875488,4.347499847412109,786.25,1190.0,29098.91015625,1972.181884765625,102.08000183105469,1.0569819211959839,127.90299987792969,1273.2099609375,1.2504063844680786,6.691999912261963
2022-05-24,3941.47998046875,11769.83984375,31928.619140625,2605.8701171875,26748.140625,3070.929931640625,20112.099609375,3647.56005859375,110581.0,16125.150390625,1865.0999755859375,22.062999725341797,109.7699966430664,113.55999755859375,8.795999526977539,4.325500011444092,771.75,1154.75,29655.5859375,1978.9827880859375,101.86000061035156,1.0682048797607422,127.84600067138672,1258.8199462890625,1.256754994392395,6.649799823760986
2022-05-25,3978.72998046875,11943.9296875,32120.279296875,2617.219970703125,26677.80078125,3107.4599609375,20171.26953125,3677.10009765625,110580.0,16025.7998046875,1846.199951171875,21.860000610351562,110.33000183105469,114.02999877929688,8.970999717712402,4.2769999504089355,772.25,1148.25,29562.361328125,1944.827880859375,102.05999755859375,1.0736525058746338,126.76899719238281,1260.989990234375,1.2542959451675415,6.6529998779296875
2022-05-26,4057.840087890625,12276.7900390625,32637.189453125,2612.449951171875,26604.83984375,3123.110107421875,20116.19921875,,111890.0,16170.150390625,1847.4000244140625,21.94099998474121,114.08999633789062,117.4000015258789,8.907999992370605,4.255000114440918,765.0,1143.25,29267.224609375,1803.913330078125,101.83000183105469,1.0686614513397217,127.1520004272461,1266.5999755859375,1.258610486984253,6.691699981689453
2022-05-27,4158.240234375,12681.419921875,33212.9609375,2638.050048828125,26781.6796875,3130.239990234375,20697.359375,3808.860107421875,111942.0,16352.4501953125,1851.300048828125,22.059999465942383,115.06999969482422,119.43000030517578,8.72700023651123,4.303999900817871,777.25,1157.5,28627.57421875,1724.9228515625,101.66999816894531,1.0732953548431396,127.04499816894531,1258.8900146484375,1.261734127998352,6.737800121307373
2022-05-28,,,,,,,,,,,,,,,,,,,28814.900390625,1757.9417724609375,,,,,,
2022-05-29,,,,,,,,,,,,,,,,,,,29445.95703125,1812.031005859375,,,,,,
2022-05-30,,,,2669.659912109375,27369.4296875,3149.06005859375,21123.9296875,3841.6201171875,111032.0,16661.400390625,,,,,,,,,31726.390625,1996.4412841796875,,1.0731456279754639,127.28500366210938,1251.5899658203125,1.262833595275879,6.6975998878479
2022-05-31,4132.14990234375,12642.099609375,32990.12109375,2685.89990234375,27279.80078125,3186.429931640625,21415.19921875,3789.2099609375,111351.0,16584.55078125,1842.699951171875,21.650999069213867,114.66999816894531,122.83999633789062,8.145000457763672,4.295000076293945,753.5,1087.5,31792.310546875,1942.3280029296875,101.75,1.0773539543151855,127.78399658203125,1236.1700439453125,1.2647020816802979,6.660299777984619
2022-06-01,4101.22998046875,12548.3603515625,32813.23046875,,27457.890625,3182.159912109375,21294.939453125,3759.5400390625,111360.0,16522.75,1843.300048828125,21.884000778198242,115.26000213623047,116.29000091552734,8.696000099182129,4.329999923706055,731.25,1041.25,29799.080078125,1823.5693359375,102.55000305175781,1.0734105110168457,128.73599243164062,1241.739990234375,1.2608909606933594,6.6717000007629395
2022-06-02,4176.81982421875,12892.8896484375,33248.28125,2658.989990234375,27413.880859375,3195.4599609375,21082.130859375,3795.1298828125,112393.0,16628.0,1866.5,22.253999710083008,116.87000274658203,117.61000061035156,8.484999656677246,4.553999900817871,730.25,1058.25,30467.48828125,1834.1505126953125,101.7699966430664,1.0654165744781494,130.1219940185547,1246.949951171875,1.2483147382736206,6.685200214385986
2022-06-03,4108.5400390625,12548.0302734375,32899.69921875,2670.64990234375,27761.5703125,,,3783.659912109375,111102.0,16584.30078125,1845.4000244140625,21.889999389648438,118.87000274658203,119.72000122070312,8.52299976348877,4.477499961853027,727.0,1040.0,29704.390625,1775.07861328125,102.13999938964844,1.0751069784164429,129.91799926757812,1240.8399658203125,1.2579249143600464,6.659200191497803
2022-06-04,,,,,,,,,,,,,,,,,,,29832.9140625,1801.6094970703125,,,,,,
2022-06-05,,,,,,,,,,,,,,,,,,,29906.662109375,1805.2049560546875,,,,,,
2022-06-06,4121.43017578125,12599.6298828125,32915.78125,,27915.890625,3236.3701171875,21653.900390625,,110186.0,16569.55078125,1839.199951171875,22.073999404907227,118.5,119.51000213623047,9.321999549865723,4.439499855041504,742.5,1093.0,31370.671875,1859.2896728515625,102.44000244140625,1.0726046562194824,130.70700073242188,1250.530029296875,1.249230146408081,6.659299850463867
2022-06-07,4160.68017578125,12711.6796875,33180.140625,2626.340087890625,27943.94921875,3241.760009765625,21531.669921875,3806.739990234375,110070.0,16416.349609375,1847.5,22.159000396728516,119.41000366210938,120.56999969482422,9.293000221252441,4.439499855041504,757.0,1071.75,31155.478515625,1814.04833984375,102.31999969482422,1.0691413879394531,132.17599487304688,1254.47998046875,1.2523481845855713,6.652900218963623
2022-06-08,4115.77001953125,12615.1298828125,32910.8984375,2626.14990234375,28234.2890625,3263.7900390625,22014.58984375,3788.929931640625,108368.0,16356.25,1851.9000244140625,22.073999404907227,122.11000061035156,123.58000183105469,8.699000358581543,4.458499908447266,764.5,1074.75,30214.35546875,1793.572265625,102.54000091552734,1.0698620080947876,132.8470001220703,1254.5799560546875,1.2587324380874634,6.6697001457214355
2022-06-09,4017.820068359375,12269.7802734375,32272.7890625,2625.43994140625,28246.529296875,3238.949951171875,21869.05078125,3724.449951171875,107094.0,16478.099609375,1848.800048828125,21.797000885009766,121.51000213623047,123.06999969482422,8.963000297546387,4.388999938964844,773.0,1071.25,30111.998046875,1789.8260498046875,103.22000122070312,1.071765422821045,134.42999267578125,1256.739990234375,1.254028558731079,6.682700157165527
2022-06-10,3900.860107421875,11832.8203125,31392.7890625,2595.8701171875,27824.2890625,3284.830078125,21806.1796875,3599.199951171875,105481.0,16201.7998046875,1871.5,21.913000106811523,120.66999816894531,122.01000213623047,8.850000381469727,4.301000118255615,773.25,1070.75,29083.8046875,1665.042236328125,104.1500015258789,1.0619205236434937,134.41799926757812,1264.02001953125,1.2492972612380981,6.690800189971924
2022-06-11,,,,,,,,,,,,,,,,,,,28360.810546875,1529.6634521484375,,,,,,
2022-06-12,,,,,,,,,,,,,,,,,,,26762.6484375,1445.216552734375,,,,,,
2022-06-13,3749.6298828125,11288.3203125,30516.740234375,2504.510009765625,26987.439453125,3255.550048828125,21067.580078125,3502.5,102598.0,15774.400390625,1828.0,21.236000061035156,120.93000030517578,122.2699966430664,8.609000205993652,4.2164998054504395,769.25,1071.0,22487.388671875,1204.582763671875,105.08000183105469,1.0489987134933472,134.81399536132812,1278.280029296875,1.2274909019470215,6.707900047302246
2022-06-14,3735.47998046875,11311.6904296875,30364.830078125,2492.969970703125,26629.859375,3288.909912109375,21067.990234375,3475.179931640625,102063.0,15732.099609375,1809.5,20.93600082397461,118.93000030517578,121.16999816894531,7.189000129699707,4.161499977111816,768.25,1050.25,22206.79296875,1211.662841796875,105.5199966430664,1.0415147542953491,134.22500610351562,1291.800048828125,1.2144765853881836,6.753499984741211
2022-06-15,3789.989990234375,11593.76953125,30668.529296875,2447.3798828125,26326.16015625,3305.409912109375,21308.2109375,3532.320068359375,102807.0,15692.150390625,1815.300048828125,21.402000427246094,115.30999755859375,118.51000213623047,7.420000076293945,4.167500019073486,774.0,1050.0,22572.83984375,1233.2064208984375,105.16000366210938,1.0440592765808105,135.29400634765625,1289.47998046875,1.201258897781372,6.739500045776367
2022-06-16,3666.77001953125,11127.5703125,29927.0703125,2451.409912109375,26431.19921875,3285.3798828125,20845.4296875,3427.909912109375,,15360.599609375,1845.699951171875,21.867000579833984,117.58999633789062,119.80999755859375,7.464000225067139,4.111999988555908,788.25,1078.25,20381.650390625,1067.730712890625,103.62999725341797,1.0456204414367676,134.11500549316406,1278.1600341796875,1.2174336910247803,6.712299823760986
2022-06-17,3674.840087890625,11265.990234375,29888.779296875,2440.929931640625,25963.0,3316.7900390625,21075.0,3438.4599609375,99825.0,15293.5,1835.5999755859375,21.572999954223633,109.55999755859375,113.12000274658203,6.943999767303467,4.017499923706055,784.5,1034.25,20471.482421875,1086.519287109375,104.69999694824219,1.0546854734420776,132.42100524902344,1288.1800537109375,1.2354830503463745,6.703400135040283
2022-06-18,,,,,,,,,,,,,,,,,,,19017.642578125,993.6367797851562,,,,,,
2022-06-19,,,,,,,,,,,,,,,,,,,20553.271484375,1127.656494140625,,,,,,
2022-06-20,,,,2391.030029296875,25771.220703125,3315.429931640625,21163.91015625,3469.830078125,99853.0,15350.150390625,,,,,,,,,20599.537109375,1127.6424560546875,,1.049141764640808,135.2760009765625,1290.5,1.2228227853775024,6.715700149536133
2022-06-21,3764.7900390625,11546.759765625,30530.25,2408.929931640625,26246.310546875,3306.719970703125,21559.58984375,3494.0,99685.0,15638.7998046875,1834.5999755859375,21.753999710083008,110.6500015258789,114.6500015258789,6.808000087738037,4.043000221252441,760.75,975.25,20710.59765625,1124.8245849609375,104.44000244140625,1.0520778894424438,135.08700561523438,1292.3800048828125,1.225174903869629,6.691400051116943
2022-06-22,3759.889892578125,11527.7099609375,30483.130859375,2342.81005859375,26149.55078125,3267.199951171875,21008.33984375,3464.639892578125,99522.0,15413.2998046875,1834.300048828125,21.406999588012695,106.19000244140625,111.73999786376953,6.857999801635742,3.9514999389648438,768.0,976.5,19987.029296875,1051.421875,104.19999694824219,1.053263545036316,136.2689971923828,1291.5999755859375,1.2266627550125122,6.688399791717529
2022-06-23,3795.72998046875,11697.6796875,30677.359375,2314.320068359375,26171.25,3320.14990234375,21273.869140625,3436.2900390625,98080.0,15556.650390625,1825.699951171875,21.031999588012695,104.2699966430664,110.05000305175781,6.238999843597412,3.758500099182129,746.75,937.25,21085.876953125,1143.38671875,104.43000030517578,1.0564124584197998,136.0240020751953,1297.6800537109375,1.225084900856018,6.701099872589111
2022-06-24,3911.739990234375,12105.849609375,31500.6796875,2366.60009765625,26491.970703125,3349.75,21719.060546875,3533.169921875,98672.0,15699.25,1826.5,21.115999221801758,107.62000274658203,113.12000274658203,6.21999979019165,3.759999990463257,750.25,923.75,21231.65625,1226.8447265625,104.19000244140625,1.052011489868164,134.83999633789062,1299.81005859375,1.2260762453079224,6.697299957275391
2022-06-25,,,,,,,,,,,,,,,,,,,21502.337890625,1243.4468994140625,,,,,,
2022-06-26,,,,,,,,,,,,,,,,,,,21027.294921875,1199.8316650390625,,,,,,
2022-06-27,3900.110107421875,12008.240234375,31438.259765625,2401.919921875,26871.26953125,3379.18994140625,22229.51953125,3538.8798828125,100764.0,15832.0498046875,1820.9000244140625,21.159000396728516,109.56999969482422,115.08999633789062,6.500999927520752,3.7790000438690186,744.25,904.0,20735.478515625,1193.6806640625,103.94000244140625,1.0566133260726929,135.06199645996094,1288.2900390625,1.228244662284851,6.688799858093262
2022-06-28,3821.550048828125,11637.76953125,30946.990234375,2422.090087890625,27049.470703125,3409.2099609375,22418.970703125,3549.2900390625,100591.0,15850.2001953125,1817.5,20.797000885009766,111.76000213623047,117.9800033569336,6.551000118255615,3.7839999198913574,759.5,921.25,20280.634765625,1144.5792236328125,104.51000213623047,1.0580891370773315,135.43499755859375,1286.199951171875,1.2267379760742188,6.690700054168701
2022-06-29,3818.830078125,11658.259765625,31029.310546875,2377.989990234375,26804.599609375,3361.52001953125,21996.890625,3514.320068359375,99622.0,15799.099609375,1813.699951171875,20.667999267578125,109.77999877929688,116.26000213623047,6.498000144958496,3.7790000438690186,770.25,915.5,20104.0234375,1098.94384765625,105.11000061035156,1.0523545742034912,136.0469970703125,1292.030029296875,1.2189769744873047,6.707300186157227
2022-06-30,3785.3798828125,11503.7197265625,30775.4296875,2332.639892578125,26393.0390625,3398.6201171875,21859.7890625,3454.860107421875,98542.0,15780.25,1804.0999755859375,20.281999588012695,105.76000213623047,114.80999755859375,5.423999786376953,3.7144999504089355,743.75,868.75,19784.7265625,1067.298828125,104.69000244140625,1.04465913772583,136.58900451660156,1301.72998046875,1.2131799459457397,6.69980001449585
2022-07-01,3825.330078125,11585.6796875,31097.259765625,2305.419921875,25935.619140625,3387.639892578125,,3448.31005859375,98954.0,15752.0498046875,1798.9000244140625,19.597000122070312,108.43000030517578,111.62999725341797,5.730000019073486,3.61899995803833,754.5,831.25,19269.3671875,1059.767333984375,105.13999938964844,1.0477677583694458,135.78599548339844,1287.7099609375,1.2160863876342773,6.698200225830078
2022-07-02,,,,,,,,,,,,,,,,,,,19242.255859375,1066.5128173828125,,,,,,
2022-07-03,,,,,,,,,,,,,,,,,,,19297.076171875,1073.7669677734375,,,,,,
2022-07-04,,,,2300.340087890625,26153.810546875,3405.429931640625,21830.349609375,3452.419921875,98609.0,15835.349609375,,,,,,,,,20231.26171875,1151.05908203125,,1.0433948040008545,135.04299926757812,1297.8900146484375,1.2102727890014648,6.700500011444092
2022-07-05,3831.389892578125,11779.900390625,30967.8203125,2341.780029296875,26423.470703125,3404.030029296875,21853.0703125,3359.830078125,98295.0,15810.849609375,1761.800048828125,19.052000045776367,99.5,102.7699966430664,5.5229997634887695,3.424999952316284,736.0,793.75,20190.115234375,1134.541015625,106.5,1.0433186292648315,135.83999633789062,1295.6800537109375,1.211445689201355,6.698599815368652
2022-07-06,3845.080078125,11852.58984375,31037.6796875,2292.010009765625,26107.650390625,3355.35009765625,21586.66015625,3421.840087890625,98719.0,15989.7998046875,1734.9000244140625,19.084999084472656,98.52999877929688,100.69000244140625,5.510000228881836,3.4179999828338623,744.25,792.25,20548.24609375,1186.9739990234375,107.0999984741211,1.0257673263549805,135.52099609375,1308.6600341796875,1.19491446018219,6.718800067901611
2022-07-07,3902.6201171875,12109.0498046875,31384.55078125,2334.27001953125,26490.529296875,3364.39990234375,21643.580078125,3488.5,100730.0,16132.900390625,1737.9000244140625,19.121999740600586,102.7300033569336,104.6500015258789,6.296999931335449,3.5820000171661377,747.0,824.5,21637.587890625,1237.5933837890625,107.12999725341797,1.0186411142349243,135.96600341796875,1304.8499755859375,1.1923214197158813,6.706500053405762
2022-07-08,3899.3798828125,12125.6904296875,31338.150390625,2350.610107421875,26517.189453125,3356.080078125,21725.779296875,3506.550048828125,100289.0,16220.599609375,1740.5999755859375,19.16699981689453,104.79000091552734,107.0199966430664,6.033999919891357,3.5320000648498535,778.25,879.25,21731.1171875,1222.5062255859375,107.01000213623047,1.0169836282730103,135.91299438476562,1297.6500244140625,1.2028049230575562,6.700500011444092
2022-07-09,,,,,,,,,,,,,,,,,,,21592.20703125,1216.978271484375,,,,,,
2022-07-10,,,,,,,,,,,,,,,,,,,20860.44921875,1168.401611328125,,,,,,
2022-07-11,3854.429931640625,11860.2802734375,31173.83984375,2340.27001953125,26812.30078125,3313.580078125,21124.19921875,3471.68994140625,98212.0,16216.0,1730.0,19.066999435424805,104.08999633789062,107.0999984741211,6.426000118255615,3.4375,781.25,843.75,19970.556640625,1097.236572265625,108.0199966430664,1.0166114568710327,136.30099487304688,1293.7900390625,1.2016630172729492,6.694300174713135
2022-07-12,3818.800048828125,11744.990234375,30981.330078125,2317.760009765625,26336.66015625,3281.469970703125,20844.740234375,3487.050048828125,98271.0,16058.2998046875,1723.300048828125,18.89900016784668,95.83999633789062,99.48999786376953,6.163000106811523,3.2964999675750732,732.75,801.5,19323.9140625,1038.191650390625,108.06999969482422,1.004752516746521,137.38800048828125,1310.8599853515625,1.1900936365127563,6.717199802398682
2022-07-13,3801.780029296875,11728.5302734375,30772.7890625,2328.610107421875,26478.76953125,3284.2900390625,20797.94921875,3453.969970703125,97881.0,15966.650390625,1734.199951171875,19.13800048828125,96.30000305175781,99.56999969482422,6.689000129699707,3.325500011444092,740.0,798.25,20212.07421875,1113.587158203125,107.95999908447266,1.0033109188079834,136.7259979248047,1305.8299560546875,1.1877753734588623,6.723299980163574
2022-07-14,3790.3798828125,11768.400390625,30630.169921875,2322.320068359375,26643.390625,3281.739990234375,20751.2109375,3396.610107421875,96121.0,15938.650390625,1704.5,18.16900062561035,95.77999877929688,99.0999984741211,6.599999904632568,3.2105000019073486,695.0,794.25,20569.919921875,1191.5262451171875,108.54000091552734,1.0032706260681152,137.6280059814453,1304.8499755859375,1.186380386352539,6.717599868774414
2022-07-15,3863.159912109375,11983.6201171875,31288.259765625,2330.97998046875,26788.470703125,3228.06005859375,20297.720703125,3477.199951171875,96551.0,16049.2001953125,1702.4000244140625,18.54800033569336,97.58999633789062,101.16000366210938,7.015999794006348,3.234499931335449,604.25,776.75,20836.328125,1233.129150390625,108.05999755859375,1.0025665760040283,138.9669952392578,1316.1800537109375,1.1839643716812134,6.755199909210205
2022-07-16,,,,,,,,,,,,,,,,,,,21190.31640625,1352.62646484375,,,,,,
2022-07-17,,,,,,,,,,,,,,,,,,,20779.34375,1338.6357421875,,,,,,
2022-07-18,3830.85009765625,11877.5,31072.609375,2375.25,,3278.10009765625,20846.1796875,3511.860107421875,96916.0,16278.5,1709.199951171875,18.791000366210938,102.5999984741211,106.2699966430664,7.479000091552734,3.3480000495910645,612.25,812.75,22485.689453125,1578.7178955078125,107.37000274658203,1.009631872177124,138.31399536132812,1318.1199951171875,1.1888344287872314,6.756499767303467
2022-07-19,3936.68994140625,12249.419921875,31827.05078125,2370.969970703125,26961.6796875,3279.429931640625,20661.060546875,3587.43994140625,98245.0,16340.5498046875,1710.0,18.670000076293945,104.22000122070312,107.3499984741211,7.263999938964844,3.2915000915527344,596.75,812.25,23389.43359375,1542.9752197265625,106.68000030517578,1.0145177841186523,138.22900390625,1318.9100341796875,1.194828748703003,6.742300033569336
2022-07-20,3959.89990234375,12439.6796875,31874.83984375,2386.85009765625,27680.259765625,3304.719970703125,20890.220703125,3585.239990234375,98287.0,16520.849609375,1699.5,18.638999938964844,102.26000213623047,106.91999816894531,8.006999969482422,3.3294999599456787,592.25,819.5,23231.732421875,1520.20068359375,107.08000183105469,1.0231330394744873,138.1909942626953,1305.5,1.2003505229949951,6.74370002746582
2022-07-21,3998.949951171875,12619.41015625,32036.900390625,2409.159912109375,27803.0,3272.0,20574.630859375,3596.510009765625,99033.0,16605.25,1712.699951171875,18.687000274658203,96.3499984741211,103.86000061035156,7.932000160217285,3.302000045776367,575.75,806.25,23164.62890625,1576.74951171875,106.91000366210938,1.0182781219482422,138.39500427246094,1312.8699951171875,1.1971746683120728,6.754899978637695
2022-07-22,3961.6298828125,12396.4697265625,31899.2890625,2393.139892578125,27914.66015625,3269.969970703125,20609.140625,3596.489990234375,98925.0,16719.44921875,1727.0999755859375,18.584999084472656,94.69999694824219,103.19999694824219,8.298999786376953,3.3485000133514404,564.25,759.0,22714.978515625,1537.4051513671875,106.7300033569336,1.0221081972122192,137.09800720214844,1306.8499755859375,1.1996161937713623,6.765600204467773
2022-07-23,,,,,,,,,,,,,,,,,,,22465.478515625,1549.2974853515625,,,,,,
2022-07-24,,,,,,,,,,,,,,,,,,,22609.1640625,1599.4766845703125,,,,,,
2022-07-25,3966.840087890625,12328.41015625,31990.0390625,2403.68994140625,27699.25,3250.389892578125,20562.939453125,3604.159912109375,100270.0,16631.0,1719.0,18.29400062561035,96.69999694824219,105.1500015258789,8.72700023651123,3.3510000705718994,580.0,770.0,21361.701171875,1445.3834228515625,106.4800033569336,1.0200231075286865,136.31199645996094,1309.3199462890625,1.1986957788467407,6.750500202178955
2022-07-26,3921.050048828125,12086.900390625,31761.5390625,2412.9599609375,27655.2109375,3277.43994140625,20905.880859375,3575.360107421875,99772.0,16483.849609375,1717.699951171875,18.48699951171875,94.9800033569336,104.4000015258789,8.993000030517578,3.382499933242798,597.0,803.75,21239.75390625,1441.8067626953125,107.19000244140625,1.022494912147522,136.43099975585938,1310.4000244140625,1.2055164575576782,6.749499797821045
2022-07-27,4023.610107421875,12601.4697265625,32197.58984375,2415.530029296875,27715.75,3275.760009765625,20670.0390625,3607.780029296875,101438.0,16641.80078125,1719.0999755859375,18.55299949645996,97.26000213623047,106.62000274658203,8.687000274658203,3.429500102996826,600.25,790.25,22930.548828125,1636.232666015625,106.44999694824219,1.0129557847976685,136.97000122070312,1310.9000244140625,1.2036880254745483,6.76230001449585
2022-07-28,4072.429931640625,12717.8701171875,32529.630859375,2435.27001953125,27815.48046875,3282.580078125,20622.6796875,3652.199951171875,102597.0,16929.599609375,1750.300048828125,19.82699966430664,96.41999816894531,107.13999938964844,8.133999824523926,3.4749999046325684,615.0,817.0,23843.88671875,1725.4681396484375,106.3499984741211,1.0209290981292725,136.11099243164062,1305.949951171875,1.2163082361221313,6.757400035858154
2022-07-29,4130.2900390625,12947.9697265625,32845.12890625,2451.5,27801.640625,3253.239990234375,20156.509765625,3708.10009765625,103165.0,17158.25,1762.9000244140625,20.1560001373291,98.62000274658203,110.01000213623047,8.229000091552734,3.5840001106262207,616.25,807.75,23804.6328125,1727.406982421875,105.9000015258789,1.0192328691482544,134.39700317382812,1295.1500244140625,1.2173447608947754,6.745800018310547
2022-07-30,,,,,,,,,,,,,,,,,,,23656.20703125,1695.969482421875,,,,,,
2022-07-31,,,,,,,,,,,,,,,,,,,23336.896484375,1681.517333984375,,,,,,
2022-08-01,4118.6298828125,12940.7802734375,32798.3984375,2452.25,27993.349609375,3259.9599609375,20165.83984375,,102225.0,17340.05078125,1769.0,20.32200050354004,93.88999938964844,100.02999877929688,8.282999992370605,3.552000045776367,607.0,800.25,23314.19921875,1635.19580078125,105.44999694824219,1.0208247900009155,133.40699768066406,1302.280029296875,1.2167373895645142,6.743199825286865
2022-08-02,4091.18994140625,12901.599609375,32396.169921875,2439.6201171875,27594.73046875,3186.27001953125,19689.2109375,3684.6298828125,103362.0,17345.44921875,1771.0999755859375,20.104999542236328,94.41999816894531,100.54000091552734,7.705999851226807,3.5244998931884766,591.25,774.75,22978.1171875,1632.9454345703125,106.23999786376953,1.0261356830596924,131.57200622558594,1306.75,1.2254151105880737,6.7677001953125
2022-08-03,4155.169921875,13253.259765625,32812.5,2461.449951171875,27741.900390625,3163.669921875,19767.08984375,3732.5400390625,103775.0,17388.150390625,1758.0,19.864999771118164,90.66000366210938,96.77999877929688,8.265999794006348,3.4695000648498535,591.5,763.75,22846.5078125,1618.87451171875,106.51000213623047,1.015568733215332,133.37899780273438,1314.6300048828125,1.2142995595932007,6.751800060272217
2022-08-04,4151.93994140625,13311.0400390625,32726.8203125,2473.110107421875,27932.19921875,3189.0400390625,20174.0390625,3754.60009765625,105892.0,17382.0,1788.5,20.099000930786133,88.54000091552734,94.12000274658203,8.121999740600586,3.4830000400543213,602.25,782.5,22630.95703125,1608.205810546875,105.69000244140625,1.015764594078064,133.96200561523438,1307.3800048828125,1.2138278484344482,6.756999969482422
2022-08-05,4145.18994140625,13207.6904296875,32803.46875,2490.800048828125,28175.869140625,3227.030029296875,20201.939453125,3725.389892578125,106472.0,17397.5,1772.9000244140625,19.819000244140625,89.01000213623047,94.91999816894531,8.064000129699707,3.552999973297119,610.25,775.75,23289.314453125,1732.254638671875,106.62000274658203,1.024779200553894,132.62100219726562,1302.0799560546875,1.215849757194519,6.747799873352051
2022-08-06,,,,,,,,,,,,,,,,,,,22961.279296875,1691.6580810546875,,,,,,
2022-08-07,,,,,,,,,,,,,,,,,,,23175.890625,1699.350830078125,,,,,,
2022-08-08,4140.06005859375,13159.16015625,32832.5390625,2493.10009765625,28249.240234375,3236.929931640625,20045.76953125,3757.219970703125,108402.0,17525.099609375,1786.800048828125,20.591999053955078,90.76000213623047,96.6500015258789,7.589000225067139,3.5875000953674316,608.5,779.75,23809.486328125,1775.51611328125,106.44000244140625,1.0170871019363403,135.0570068359375,1302.739990234375,1.2059526443481445,6.760900020599365
2022-08-09,4122.47021484375,13008.169921875,32774.41015625,2503.4599609375,27999.9609375,3247.429931640625,20003.439453125,3715.3701171875,108651.0,,1794.0,20.45800018310547,90.5,96.30999755859375,7.833000183105469,3.5924999713897705,615.5,781.5,23164.318359375,1703.0250244140625,106.37000274658203,1.0197629928588867,134.83999633789062,1299.030029296875,1.208473801612854,6.749899864196777
2022-08-10,4210.240234375,13378.3203125,33309.51171875,2480.8798828125,27819.330078125,3230.02001953125,19610.83984375,3749.35009765625,110236.0,17534.75,1795.5999755859375,20.718000411987305,91.93000030517578,97.4000015258789,8.20199966430664,3.6554999351501465,621.25,799.75,23947.642578125,1851.74267578125,105.19999694824219,1.0208144187927246,135.18699645996094,1307.56005859375,1.207423210144043,6.751699924468994
2022-08-11,4207.27001953125,13291.990234375,33336.671875,2523.780029296875,,3281.669921875,20082.4296875,3757.050048828125,109718.0,17659.0,1789.699951171875,20.326000213623047,94.33999633789062,99.5999984741211,8.87399959564209,3.7105000019073486,629.25,810.75,23957.529296875,1881.22412109375,105.08999633789062,1.0300782918930054,132.8300018310547,1296.699951171875,1.2212995290756226,6.722799777984619
2022-08-12,4280.14990234375,13565.8701171875,33761.05078125,2527.93994140625,28546.98046875,3276.889892578125,20175.619140625,3776.81005859375,112764.0,17698.150390625,1798.5999755859375,20.677000045776367,92.08999633789062,98.1500015258789,8.767999649047852,3.6760001182556152,639.75,806.0,24402.818359375,1957.2464599609375,105.62999725341797,1.0316723585128784,132.99400329589844,1306.8299560546875,1.2196162939071655,6.743599891662598
2022-08-13,,,,,,,,,,,,,,,,,,,24424.068359375,1981.3365478515625,,,,,,
2022-08-14,,,,,,,,,,,,,,,,,,,24319.333984375,1936.802001953125,,,,,,
2022-08-15,4297.14013671875,13667.1796875,33912.44140625,,28871.779296875,3276.090087890625,20040.859375,3789.6201171875,113032.0,,1781.4000244140625,20.250999450683594,89.41000366210938,95.0999984741211,8.727999687194824,3.628999948501587,626.75,800.75,24136.97265625,1904.2281494140625,106.55000305175781,1.0256409645080566,133.28799438476562,1301.3800048828125,1.2127974033355713,6.741799831390381
2022-08-16,4305.2001953125,13635.2099609375,34152.01171875,2533.52001953125,28868.91015625,3277.8798828125,19830.51953125,3805.219970703125,113512.0,17825.25,1773.199951171875,20.065000534057617,86.52999877929688,92.33999633789062,9.329000473022461,3.6364998817443848,611.0,786.0,23883.291015625,1878.139404296875,106.5,1.0161981582641602,133.14300537109375,1313.1800537109375,1.205690860748291,6.771999835968018
2022-08-17,4274.0400390625,13470.8603515625,33980.3203125,2516.469970703125,29222.76953125,3292.530029296875,19922.44921875,3756.06005859375,113708.0,17944.25,1760.300048828125,19.711000442504883,88.11000061035156,93.6500015258789,9.244000434875488,3.5980000495910645,615.0,763.25,23335.998046875,1832.9996337890625,106.56999969482422,1.0170663595199585,134.27699279785156,1311.0,1.209818959236145,6.787399768829346
2022-08-18,4283.740234375,13505.990234375,33999.0390625,2508.050048828125,28942.140625,3277.5400390625,19763.91015625,3777.3798828125,113813.0,17956.5,1755.300048828125,19.447999954223633,90.5,96.58999633789062,9.187999725341797,3.6465001106262207,619.75,731.5,23212.73828125,1847.0078125,107.4800033569336,1.0180189609527588,134.94400024414062,1314.8299560546875,1.2045146226882935,6.779900074005127
2022-08-19,4228.47998046875,13242.900390625,33706.73828125,2492.68994140625,28930.330078125,3258.080078125,19773.029296875,3730.320068359375,111496.0,17758.44921875,1747.5999755859375,19.058000564575195,90.7699966430664,96.72000122070312,9.336000442504883,3.683500051498413,626.0,753.25,20877.552734375,1612.9873046875,108.16999816894531,1.0089900493621826,135.7949981689453,1326.9100341796875,1.193274736404419,6.784599781036377
2022-08-20,,,,,,,,,,,,,,,,,,,21166.060546875,1577.0037841796875,,,,,,
2022-08-21,,,,,,,,,,,,,,,,,,,21534.12109375,1619.3189697265625,,,,,,
2022-08-22,4137.990234375,12890.5400390625,33063.609375,2462.5,28794.5,3277.7900390625,19656.98046875,3658.219970703125,110501.0,17490.69921875,1734.0,18.87299919128418,90.2300033569336,96.4800033569336,9.680000305175781,3.6705000400543213,633.5,770.5,21398.908203125,1622.505859375,109.05000305175781,1.0035223960876465,137.04100036621094,1334.8599853515625,1.1818095445632935,6.815700054168701
2022-08-23,4128.72998046875,12881.7900390625,32909.58984375,2435.340087890625,28452.75,3276.219970703125,19503.25,3652.52001953125,112857.0,17577.5,1746.800048828125,19.011999130249023,93.73999786376953,100.22000122070312,9.192999839782715,3.7044999599456787,660.0,782.75,21528.087890625,1662.7698974609375,108.62000274658203,0.9939467906951904,137.54600524902344,1343.3599853515625,1.1766505241394043,6.847899913787842
2022-08-24,4140.77001953125,12917.8603515625,32969.23046875,2447.449951171875,28313.470703125,3215.199951171875,19268.740234375,3667.4599609375,112898.0,17604.94921875,1747.800048828125,18.895000457763672,94.88999938964844,101.22000122070312,9.329999923706055,3.6605000495910645,665.75,795.0,21395.01953125,1657.0592041015625,108.68000030517578,0.9966909885406494,136.73300170898438,1339.0799560546875,1.18327796459198,6.833600044250488
2022-08-25,4199.1201171875,13143.580078125,33291.78125,2477.260009765625,28479.009765625,3246.25,19968.380859375,3674.5400390625,113532.0,17522.44921875,1757.699951171875,19.111000061035156,92.5199966430664,99.33999633789062,9.375,3.7105000019073486,657.5,769.75,21600.904296875,1696.45703125,108.47000122070312,0.9969095587730408,137.08099365234375,1340.0,1.1791757345199585,6.858500003814697
2022-08-26,4057.659912109375,12605.169921875,32283.400390625,2481.030029296875,28641.380859375,3236.219970703125,20170.0390625,3603.679931640625,112299.0,17558.900390625,1736.0999755859375,18.739999771118164,93.05999755859375,100.98999786376953,9.295999526977539,3.7114999294281006,668.75,784.75,20260.01953125,1507.7828369140625,108.80000305175781,0.9971283078193665,136.56300354003906,1334.43994140625,1.1824007034301758,6.848299980163574
2022-08-27,,,,,,,,,,,,,,,,,,,20041.73828125,1491.39501953125,,,,,,
2022-08-28,,,,,,,,,,,,,,,,,,,19616.814453125,1430.54736328125,,,,,,
2022-08-29,4030.610107421875,12484.3203125,32098.990234375,2426.889892578125,27878.9609375,3240.72998046875,20023.220703125,3570.510009765625,112323.0,17312.900390625,1736.5999755859375,18.55500030517578,97.01000213623047,105.08999633789062,9.352999687194824,3.626499891281128,683.75,820.0,20297.994140625,1553.037353515625,108.83999633789062,0.993867814540863,137.52000427246094,1341.1800537109375,1.1694538593292236,6.870800018310547
2022-08-30,3986.159912109375,12342.7001953125,31790.869140625,2450.929931640625,28195.580078125,3227.219970703125,19949.029296875,3561.919921875,110431.0,17759.30078125,1723.199951171875,18.159000396728516,91.63999938964844,99.30999755859375,9.041999816894531,3.5450000762939453,679.75,798.25,19796.80859375,1523.8388671875,108.7699966430664,1.0014019012451172,138.5959930419922,1345.72998046875,1.172250509262085,6.9070000648498535
2022-08-31,3955.0,12272.0302734375,31510.4296875,2472.050048828125,28091.529296875,3202.139892578125,19954.390625,3517.25,109523.0,,1712.800048828125,17.761999130249023,89.55000305175781,96.48999786376953,9.126999855041504,3.5185000896453857,673.75,809.0,20049.763671875,1553.6849365234375,108.69999694824219,1.0025062561035156,138.73399353027344,1350.18994140625,1.1659767627716064,6.910799980163574
2022-09-01,3966.85009765625,12274.6201171875,31656.419921875,2415.610107421875,27661.470703125,3184.97998046875,19597.310546875,3456.699951171875,110405.0,17542.80078125,1696.5999755859375,17.551000595092773,86.61000061035156,92.36000061035156,9.26200008392334,3.4144999980926514,658.25,775.5,20127.140625,1586.1767578125,109.69000244140625,1.003905177116394,139.29600524902344,1342.260009765625,1.1598505973815918,6.888899803161621
2022-09-02,3924.260009765625,12098.4404296875,31318.439453125,2409.409912109375,27650.83984375,3186.47998046875,19452.08984375,3544.3798828125,110864.0,17539.44921875,1709.800048828125,17.775999069213867,86.87000274658203,93.0199966430664,8.78600025177002,3.4214999675750732,669.0,793.0,19969.771484375,1577.220458984375,109.52999877929688,0.995232880115509,140.08099365234375,1355.0999755859375,1.154894471168518,6.9054999351501465
2022-09-03,,,,,,,,,,,,,,,,,,,19832.087890625,1556.8726806640625,,,,,,
2022-09-04,,,,,,,,,,,,,,,,,,,19986.712890625,1577.6416015625,,,,,,
2022-09-05,,,,2403.679931640625,27619.609375,3199.912109375,19225.69921875,3490.010009765625,112203.0,17665.80078125,,,,,,,,,19812.37109375,1617.1832275390625,,0.9909427762031555,140.48699951171875,1361.510009765625,1.1474601030349731,6.89900016784668
2022-09-06,3908.18994140625,12011.3095703125,31145.30078125,2410.02001953125,27626.509765625,3243.449951171875,19202.73046875,3500.139892578125,109764.0,17655.599609375,1700.4000244140625,17.795000076293945,86.87999725341797,92.83000183105469,8.145000457763672,3.4690001010894775,680.75,800.0,18837.66796875,1561.74853515625,110.20999908447266,0.9952229857444763,140.42999267578125,1361.81005859375,1.156644344329834,6.93310022354126
2022-09-07,3979.8701171875,12259.3896484375,31581.279296875,2376.4599609375,27430.30078125,3246.2900390625,19044.30078125,3502.090087890625,,17624.400390625,1715.300048828125,18.136999130249023,81.94000244140625,88.0,7.8420000076293945,3.437999963760376,676.75,826.5,19290.32421875,1629.9063720703125,109.83999633789062,0.9897951483726501,143.1510009765625,1378.1099853515625,1.151185154914856,6.953100204467773
2022-09-08,4006.179931640625,12321.1904296875,31774.51953125,2384.280029296875,28065.279296875,3235.590087890625,18854.619140625,3512.3798828125,109916.0,17798.75,1708.0,18.329999923706055,83.54000091552734,89.1500015258789,7.914999961853027,3.5360000133514404,674.5,810.5,19329.833984375,1635.34765625,109.70999908447266,0.9995701909065247,144.1280059814453,1374.31005859375,1.1519808769226074,6.9653000831604
2022-09-09,4067.360107421875,12588.2900390625,32151.7109375,,28214.75,3262.050048828125,19362.25,3570.0400390625,112300.0,17833.349609375,1716.199951171875,18.658000946044922,86.79000091552734,92.83999633789062,7.995999813079834,3.5810000896453857,698.5,853.25,21381.15234375,1719.08544921875,109.0,1.0012015104293823,143.8560028076172,1383.0,1.1521600484848022,6.956500053405762
2022-09-10,,,,,,,,,,,,,,,,,,,21680.5390625,1776.2037353515625,,,,,,
2022-09-11,,,,,,,,,,,,,,,,,,,21769.255859375,1761.800048828125,,,,,,
2022-09-12,4110.41015625,12739.7197265625,32381.33984375,,28542.109375,,,3646.510009765625,113407.0,17936.349609375,1728.0999755859375,19.7549991607666,87.77999877929688,94.0,8.24899959564209,3.625499963760376,712.25,841.25,22370.44921875,1713.7652587890625,108.33000183105469,1.0071406364440918,142.5959930419922,1379.06005859375,1.1619395017623901,6.92549991607666
2022-09-13,3932.68994140625,12033.6201171875,31104.970703125,2449.5400390625,28614.630859375,3263.800048828125,19326.859375,3586.179931640625,110794.0,18070.05078125,1705.0,19.389999389648438,87.30999755859375,93.16999816894531,8.284000396728516,3.5810000896453857,709.0,842.75,20296.70703125,1580.7879638671875,109.81999969482422,1.0129557847976685,142.5850067138672,1375.81005859375,1.1689754724502563,6.925000190734863
2022-09-14,3946.010009765625,12134.400390625,31135.08984375,2411.419921875,27818.619140625,3237.5400390625,18847.099609375,3567.56005859375,110547.0,18003.75,1696.5,19.47100067138672,88.4800033569336,94.0999984741211,9.11400032043457,3.5455000400543213,709.0,853.75,20241.08984375,1634.7550048828125,109.66000366210938,0.9982032775878906,144.4040069580078,1393.469970703125,1.1506155729293823,6.924099922180176
2022-09-15,3901.35009765625,11927.490234375,30961.8203125,2401.830078125,27875.91015625,3199.919921875,18930.380859375,3541.7900390625,109954.0,17877.400390625,1665.4000244140625,19.174999237060547,85.0999984741211,90.83999633789062,8.324000358581543,3.5234999656677246,677.5,845.0,19701.2109375,1471.6934814453125,109.73999786376953,0.9984025359153748,142.92300415039062,1391.1800537109375,1.1544944047927856,6.960999965667725
2022-09-16,3873.330078125,11861.3798828125,30822.419921875,2382.780029296875,27567.650390625,3126.39990234375,18761.689453125,3500.409912109375,109280.0,17530.849609375,1671.699951171875,19.29599952697754,85.11000061035156,91.3499984741211,7.763999938964844,3.561000108718872,677.25,859.75,19772.583984375,1432.44775390625,109.76000213623047,0.9988313317298889,143.36500549316406,1398.6300048828125,1.1452654600143433,6.993000030517578
2022-09-17,,,,,,,,,,,,,,,,,,,20127.576171875,1469.74169921875,,,,,,
2022-09-18,,,,,,,,,,,,,,,,,,,19419.505859375,1335.3291015625,,,,,,
2022-09-19,3899.889892578125,11953.26953125,31019.6796875,2355.659912109375,,3115.60009765625,18565.970703125,3499.489990234375,111824.0,17622.25,1666.199951171875,19.273000717163086,85.7300033569336,92.0,7.751999855041504,3.557499885559082,678.25,830.5,19544.12890625,1377.5413818359375,109.73999786376953,1.002234935760498,142.76499938964844,1385.22998046875,1.1433144807815552,6.979000091552734
2022-09-20,3855.929931640625,11851.5400390625,30706.23046875,2367.85009765625,27688.419921875,3122.409912109375,18781.419921875,3467.090087890625,112517.0,17816.25,1659.699951171875,19.101999282836914,84.44999694824219,90.62000274658203,7.7170000076293945,3.5480000972747803,692.0,893.75,18890.7890625,1324.38818359375,110.22000122070312,1.0029587745666504,143.22300720214844,1390.1099853515625,1.1443217992782593,7.0055999755859375
2022-09-21,3789.929931640625,11637.7900390625,30183.779296875,2347.2099609375,27313.130859375,3117.179931640625,18444.619140625,3491.8701171875,111936.0,17718.349609375,1664.5999755859375,19.410999298095703,82.94000244140625,89.83000183105469,7.7789998054504395,3.51200008392334,685.5,903.75,18547.400390625,1252.6077880859375,110.63999938964844,0.997078537940979,143.6020050048828,1392.510009765625,1.138057827949524,7.017199993133545
2022-09-22,3757.989990234375,11501.650390625,30076.6796875,2332.31005859375,27153.830078125,3108.909912109375,18147.94921875,3427.139892578125,114070.0,17629.80078125,1670.800048828125,19.54800033569336,83.48999786376953,90.45999908447266,7.089000225067139,3.498500108718872,688.25,910.75,19413.55078125,1327.68017578125,111.3499984741211,0.983071506023407,144.3159942626953,1397.56005859375,1.1255937814712524,7.047900199890137
2022-09-23,3693.22998046875,11311.240234375,29590.41015625,2290.0,,3088.3701171875,17933.26953125,3348.60009765625,111716.0,17327.349609375,1645.300048828125,18.840999603271484,78.73999786376953,86.1500015258789,6.828000068664551,3.371500015258789,676.75,880.5,19297.638671875,1328.259521484375,113.19000244140625,0.9841550588607788,142.27999877929688,1403.6600341796875,1.126417875289917,7.076600074768066
2022-09-24,,,,,,,,,,,,,,,,,,,18937.01171875,1317.9932861328125,,,,,,
2022-09-25,,,,,,,,,,,,,,,,,,,18802.09765625,1294.216796875,,,,,,
2022-09-26,3655.0400390625,11254.1103515625,29260.810546875,2220.93994140625,26431.55078125,3051.22998046875,17855.140625,3342.56005859375,109114.0,17016.30078125,1623.300048828125,18.4060001373291,76.70999908447266,84.05999755859375,6.9029998779296875,3.313499927520752,666.25,858.0,19222.671875,1335.3201904296875,114.0999984741211,0.968992292881012,143.51100158691406,1421.81005859375,1.0797386169433594,7.127399921417236
2022-09-27,3647.2900390625,11271.75,29134.990234375,2223.860107421875,26571.869140625,3093.860107421875,17860.310546875,3328.64990234375,108376.0,17007.400390625,1626.699951171875,18.256999969482422,78.5,86.2699966430664,6.651000022888184,3.322999954223633,667.5,871.5,19110.546875,1330.127685546875,114.11000061035156,0.9623712301254272,144.45899963378906,1429.77001953125,1.077284336090088,7.1479997634887695
2022-09-28,3719.0400390625,11493.830078125,29683.740234375,2169.2900390625,26173.98046875,3045.070068359375,17250.880859375,3335.300048828125,108451.0,16858.599609375,1660.4000244140625,18.79599952697754,82.1500015258789,89.31999969482422,6.868000030517578,3.381999969482422,670.5,903.25,19426.720703125,1337.410888671875,112.5999984741211,0.9596191644668579,144.6909942626953,1426.260009765625,1.072754144668579,7.176799774169922
2022-09-29,3640.469970703125,11164.7802734375,29225.609375,2170.929931640625,26422.05078125,3041.199951171875,17165.869140625,3279.0400390625,107664.0,16818.099609375,1658.5,18.611000061035156,81.2300033569336,88.48999786376953,6.874000072479248,3.440000057220459,669.5,896.25,19573.05078125,1335.65234375,112.25,0.9708172082901001,144.3979949951172,1421.949951171875,1.0835996866226196,7.198999881744385
2022-09-30,3585.6201171875,10971.2197265625,28725.509765625,2155.489990234375,25937.2109375,3024.389892578125,17222.830078125,3318.199951171875,110037.0,17094.349609375,1662.4000244140625,18.959999084472656,79.48999786376953,87.95999908447266,6.765999794006348,3.441999912261963,677.5,921.5,19431.7890625,1327.9786376953125,112.12000274658203,0.9829555749893188,144.43099975585938,1430.1700439453125,1.1169440746307373,7.123899936676025
2022-10-01,,,,,,,,,,,,,,,,,,,19312.095703125,1311.6444091796875,,,,,,
2022-10-02,,,,,,,,,,,,,,,,,,,19044.107421875,1276.093505859375,,,,,,
2022-10-03,3678.429931640625,11229.73046875,29490.890625,,26215.7890625,,17079.509765625,3342.169921875,116134.0,16887.349609375,1692.9000244140625,20.518999099731445,83.62999725341797,88.86000061035156,6.46999979019165,3.4579999446868896,680.75,912.0,19623.580078125,1323.439208984375,111.75,0.9792688488960266,144.8159942626953,1439.22998046875,1.114057183265686,7.114999771118164
2022-10-04,3790.929931640625,11582.5400390625,30316.3203125,2209.3798828125,26992.2109375,,,3484.47998046875,116230.0,17274.30078125,1721.0999755859375,21.03700065612793,86.5199966430664,91.80000305175781,6.836999893188477,3.5179998874664307,683.0,903.0,20336.84375,1362.1265869140625,110.06999969482422,0.9832068681716919,144.5189971923828,1433.3399658203125,1.1334141492843628,7.1149001121521
2022-10-05,3783.280029296875,11573.1796875,30273.869140625,2215.219970703125,27120.529296875,,18087.970703125,3447.719970703125,117198.0,,1711.4000244140625,20.479000091552734,87.76000213623047,93.37000274658203,6.929999828338623,3.5325000286102295,684.0,902.0,20160.716796875,1352.837158203125,111.06999969482422,0.998432457447052,143.78700256347656,1416.530029296875,1.1451343297958374,7.114999771118164
2022-10-06,3744.52001953125,11485.5,29926.939453125,2237.860107421875,27311.30078125,,18012.150390625,3433.449951171875,117561.0,17331.80078125,1711.699951171875,20.594999313354492,88.44999694824219,94.41999816894531,6.9720001220703125,3.4749999046325684,675.5,879.0,19955.443359375,1351.70947265625,112.26000213623047,0.9910998940467834,144.44900512695312,1416.760009765625,1.13553786277771,7.114999771118164
2022-10-07,3639.659912109375,11039.4697265625,29296.7890625,2232.840087890625,27116.109375,,17740.05078125,3375.4599609375,116375.0,17314.650390625,1700.5,20.191999435424805,92.63999938964844,97.91999816894531,6.748000144958496,3.4124999046325684,683.25,880.25,19546.849609375,1332.5169677734375,112.80000305175781,0.9789045453071594,145.03900146484375,1408.449951171875,1.1162084341049194,7.114999771118164
2022-10-08,,,,,,,,,,,,,,,,,,,19416.568359375,1315.50048828125,,,,,,
2022-10-09,,,,,,,,,,,,,,,,,,,19446.42578125,1322.604248046875,,,,,,
2022-10-10,3612.389892578125,10926.9697265625,29202.880859375,,,2974.14990234375,17216.66015625,3356.8798828125,115941.0,17241.0,1667.300048828125,19.555999755859375,91.12999725341797,96.19000244140625,6.434999942779541,3.4535000324249268,698.25,938.0,19141.484375,1291.337646484375,113.13999938964844,0.9735012650489807,145.48199462890625,1415.97998046875,1.1072726249694824,7.114999771118164
2022-10-11,3588.840087890625,10791.349609375,29239.189453125,2192.070068359375,26401.25,2979.7900390625,16832.359375,3340.35009765625,114827.0,16983.55078125,1678.699951171875,19.427000045776367,89.3499984741211,94.29000091552734,6.5960001945495605,3.4779999256134033,693.0,901.0,19051.41796875,1279.57568359375,113.22000122070312,0.9710057377815247,145.6739959716797,1428.3499755859375,1.1076405048370361,7.153600215911865
2022-10-12,3577.030029296875,10785.6201171875,29210.849609375,2202.469970703125,26396.830078125,3025.510009765625,16701.029296875,3331.530029296875,,17123.599609375,1670.300048828125,18.878000259399414,87.2699966430664,92.44999694824219,6.434999942779541,3.444499969482422,693.0,882.25,19157.4453125,1294.9063720703125,113.31999969482422,0.9700167775154114,145.8699951171875,1430.800048828125,1.0967799425125122,7.164400100708008
2022-10-13,3669.909912109375,11033.580078125,30038.720703125,2162.8701171875,26237.419921875,3016.360107421875,16389.109375,3362.39990234375,114300.0,17014.349609375,1670.0,18.857999801635742,89.11000061035156,94.56999969482422,6.741000175476074,3.4674999713897705,697.75,892.25,19382.904296875,1288.1239013671875,112.36000061035156,0.9707984328269958,146.73699951171875,1423.9000244140625,1.11055588722229,7.174099922180176
2022-10-14,3583.070068359375,10692.0595703125,29634.830078125,2212.550048828125,27090.759765625,3071.989990234375,16587.689453125,3381.72998046875,112072.0,17185.69921875,1641.699951171875,18.014999389648438,85.61000061035156,91.62999725341797,6.453000068664551,3.450500011444092,689.75,859.75,19185.65625,1297.422119140625,113.30999755859375,0.975134015083313,147.29299926757812,1430.300048828125,1.1303905248641968,7.16949987411499
2022-10-15,,,,,,,,,,,,,,,,,,,19067.634765625,1274.8717041015625,,,,,,
2022-10-16,,,,,,,,,,,,,,,,,,,19268.09375,1306.296630859375,,,,,,
2022-10-17,3677.949951171875,11062.5302734375,30185.8203125,2219.7099609375,26775.7890625,3084.93994140625,16612.900390625,3441.639892578125,113624.0,17311.80078125,1657.0,18.673999786376953,85.45999908447266,91.62000274658203,5.999000072479248,3.4554998874664307,683.5,861.0,19550.7578125,1331.713623046875,112.04000091552734,0.973937451839447,148.6320037841797,1440.760009765625,1.124416708946228,7.190000057220459
2022-10-18,3719.97998046875,11147.740234375,30523.80078125,2249.949951171875,27156.140625,3080.9599609375,16914.580078125,3463.830078125,115743.0,17486.94921875,1649.0,18.570999145507812,82.81999969482422,90.02999877929688,5.744999885559082,3.4065001010894775,681.0,849.5,19334.416015625,1310.447021484375,112.12999725341797,0.9846396446228027,148.9709930419922,1430.1500244140625,1.1353960037231445,7.195499897003174
2022-10-19,3695.159912109375,11103.3798828125,30423.810546875,2237.43994140625,27257.380859375,3044.3798828125,16511.279296875,3471.239990234375,116274.0,17512.25,1627.5,18.336000442504883,85.55000305175781,92.41000366210938,5.461999893188477,3.3605000972747803,678.25,841.25,19139.53515625,1285.7442626953125,112.9800033569336,0.9863878488540649,149.20899963378906,1425.02001953125,1.134429931640625,7.2006001472473145
2022-10-20,3665.780029296875,11046.7099609375,30333.58984375,2218.090087890625,27006.9609375,3035.050048828125,16280.2197265625,3492.85009765625,117171.0,17563.94921875,1630.800048828125,18.666000366210938,85.9800033569336,92.37999725341797,5.357999801635742,3.4509999752044678,684.0,849.25,19053.740234375,1283.200927734375,112.87999725341797,0.9766482710838318,149.8209991455078,1435.010009765625,1.1211013793945312,7.22730016708374
2022-10-21,3752.75,11310.330078125,31082.560546875,2213.1201171875,26890.580078125,3038.929931640625,16211.1201171875,3476.6298828125,119929.0,17576.30078125,1651.0,19.042999267578125,85.05000305175781,93.5,4.959000110626221,3.5230000019073486,684.25,850.75,19172.46875,1299.9464111328125,112.01000213623047,0.9778899550437927,150.17599487304688,1430.31005859375,1.1221455335617065,7.215799808502197
2022-10-22,,,,,,,,,,,,,,,,,,,19208.189453125,1314.2991943359375,,,,,,
2022-10-23,,,,,,,,,,,,,,,,,,,19567.0078125,1363.447021484375,,,,,,
2022-10-24,3797.340087890625,11430.259765625,31499.619140625,2236.159912109375,26974.900390625,2977.56005859375,15180.6904296875,3527.7900390625,116013.0,17730.75,1648.699951171875,19.173999786376953,84.58000183105469,93.26000213623047,5.198999881744385,3.4795000553131104,681.5,838.75,19345.572265625,1344.99853515625,111.98999786376953,0.9860085844993591,147.81900024414062,1428.1099853515625,1.1344685554504395,7.242800235748291
2022-10-25,3859.110107421875,11669.990234375,31836.740234375,2235.070068359375,27250.279296875,2976.280029296875,15165.58984375,3585.580078125,114626.0,17656.349609375,1652.800048828125,19.339000701904297,85.31999969482422,93.5199966430664,5.61299991607666,3.450500011444092,686.25,834.75,20095.857421875,1461.6654052734375,110.94999694824219,0.9886503219604492,148.88699340820312,1443.9599609375,1.1307740211486816,7.261899948120117
2022-10-26,3830.60009765625,11405.900390625,31839.109375,2249.56005859375,27431.83984375,2999.5,15317.669921875,3605.31005859375,112764.0,,1664.0,19.479999542236328,87.91000366210938,95.69000244140625,5.605999946594238,3.629499912261963,685.0,840.5,20770.44140625,1566.566650390625,109.69999694824219,0.9963731169700623,147.97999572753906,1426.9300537109375,1.146223783493042,7.303800106048584
2022-10-27,3807.300048828125,11191.6298828125,32033.279296875,2288.780029296875,27345.240234375,2982.89990234375,15427.9404296875,3604.510009765625,114641.0,17736.94921875,1660.699951171875,19.47800064086914,89.08000183105469,96.95999908447266,5.185999870300293,3.625499963760376,682.25,838.5,20285.8359375,1514.3748779296875,110.58999633789062,1.009193778038025,146.13400268554688,1412.68994140625,1.1638191938400269,7.171899795532227
2022-10-28,3901.06005859375,11546.2099609375,32861.80078125,2268.39990234375,27105.19921875,2915.929931640625,14863.0595703125,3613.02001953125,114539.0,17786.80078125,1639.5999755859375,19.14699935913086,87.9000015258789,95.7699966430664,5.684000015258789,3.4660000801086426,680.75,829.25,20595.3515625,1555.4779052734375,110.66999816894531,0.9967803955078125,146.2740020751953,1420.6500244140625,1.1566041707992554,7.22790002822876
2022-10-29,,,,,,,,,,,,,,,,,,,20818.4765625,1619.698486328125,,,,,,
2022-10-30,,,,,,,,,,,,,,,,,,,20635.603515625,1590.7833251953125,,,,,,
2022-10-31,3871.97998046875,11405.5703125,32732.94921875,2293.610107421875,27587.4609375,2893.47998046875,14687.01953125,3617.5400390625,116037.0,18012.19921875,1635.9000244140625,19.125,86.52999877929688,94.83000183105469,6.355000019073486,3.4135000705718994,691.5,882.25,20495.7734375,1572.7144775390625,111.52999877929688,0.9955002665519714,147.81199645996094,1421.6500244140625,1.159595012664795,7.251399993896484
2022-11-01,3856.10009765625,11288.9501953125,32653.19921875,2335.219970703125,27678.919921875,2969.199951171875,15455.26953125,3651.02001953125,116929.0,18145.400390625,1645.0,19.67300033569336,88.37000274658203,94.6500015258789,5.714000225067139,3.509500026702881,697.75,902.5,20485.2734375,1579.70458984375,111.4800033569336,0.9886307716369629,148.73699951171875,1424.6700439453125,1.146815299987793,7.301799774169922
2022-11-02,3759.68994140625,10906.33984375,32147.759765625,2336.8701171875,27663.390625,3003.3701171875,15827.169921875,3622.010009765625,,18082.849609375,1645.699951171875,19.600000381469727,90.0,96.16000366210938,6.26800012588501,3.505500078201294,687.5,846.0,20159.50390625,1519.7117919921875,111.3499984741211,0.9877909421920776,147.9149932861328,1416.5999755859375,1.1489498615264893,7.276599884033203
2022-11-03,3719.889892578125,10690.599609375,32001.25,2329.169921875,,2997.81005859375,15339.490234375,3593.179931640625,116896.0,18052.69921875,1627.300048828125,19.43600082397461,88.16999816894531,94.66999816894531,5.974999904632568,3.4565000534057617,679.25,840.5,20209.98828125,1531.541748046875,112.93000030517578,0.9814409017562866,147.89199829101562,1423.0999755859375,1.1384334564208984,7.288700103759766
2022-11-04,3770.550048828125,10857.0302734375,32403.220703125,2348.429931640625,27199.740234375,3070.800048828125,16161.1396484375,3688.330078125,118155.0,18117.150390625,1672.5,20.790000915527344,92.61000061035156,98.56999969482422,6.400000095367432,3.7144999504089355,681.0,847.75,21147.23046875,1645.0933837890625,110.87999725341797,0.9749630093574524,148.39300537109375,1423.6500244140625,1.1171187162399292,7.30079984664917
2022-11-05,,,,,,,,,,,,,,,,,,,21282.69140625,1627.968017578125,,,,,,
2022-11-06,,,,,,,,,,,,,,,,,,,20926.486328125,1572.2347412109375,,,,,,
2022-11-07,3806.800048828125,10977.0,32827.0,2371.7900390625,27527.640625,3077.820068359375,16595.91015625,3708.800048828125,115342.0,18202.80078125,1676.5,20.898000717163086,91.79000091552734,97.91999816894531,6.943999767303467,3.629499912261963,675.75,845.75,20602.81640625,1568.59130859375,110.12000274658203,0.9928810596466064,146.84100341796875,1402.1099853515625,1.1331573724746704,7.175099849700928
2022-11-08,3828.110107421875,11059.5,33160.828125,2399.0400390625,27872.109375,3064.489990234375,16557.310546875,3739.280029296875,116160.0,,1712.0999755859375,21.476999282836914,88.91000366210938,95.36000061035156,6.138000011444092,3.7054998874664307,667.5,827.75,18541.271484375,1332.8355712890625,109.62000274658203,1.0018634796142578,146.62399291992188,1392.699951171875,1.1517950296401978,7.228799819946289
2022-11-09,3748.570068359375,10797.5498046875,32513.939453125,2424.409912109375,27716.4296875,3048.169921875,16358.51953125,3728.030029296875,113580.0,18157.0,1710.0999755859375,21.29800033569336,85.83000183105469,92.6500015258789,5.864999771118164,3.741499900817871,664.5,806.5,15880.7802734375,1100.1697998046875,110.55000305175781,1.008084774017334,145.2949981689453,1374.1500244140625,1.1552680730819702,7.248199939727783
2022-11-10,3956.3701171875,11605.9599609375,33715.37109375,2402.22998046875,27446.099609375,3036.1298828125,16081.0400390625,3846.56005859375,109775.0,18028.19921875,1750.300048828125,21.677000045776367,86.47000122070312,93.66999816894531,6.238999843597412,3.7960000038146973,653.25,803.5,17586.771484375,1299.464599609375,108.20999908447266,1.0019538402557373,146.20899963378906,1370.550048828125,1.1368157863616943,7.240799903869629
2022-11-11,3992.929931640625,11817.009765625,33747.859375,2483.159912109375,28263.5703125,3087.2900390625,17325.66015625,3868.5,112253.0,18349.69921875,1766.0,21.645999908447266,88.95999908447266,95.98999786376953,5.879000186920166,3.9509999752044678,658.0,813.75,17034.29296875,1287.2210693359375,106.29000091552734,1.0192224979400635,141.73399353027344,1349.3699951171875,1.1695632934570312,7.1859002113342285
2022-11-12,,,,,,,,,,,,,,,,,,,16799.185546875,1255.268310546875,,,,,,
2022-11-13,,,,,,,,,,,,,,,,,,,16353.365234375,1221.8192138671875,,,,,,
2022-11-14,3957.25,11700.9404296875,33536.69921875,2474.64990234375,27963.470703125,3083.39990234375,17619.7109375,3887.510009765625,113161.0,18329.150390625,1773.5999755859375,22.091999053955078,85.87000274658203,93.13999938964844,5.933000087738037,3.8550000190734863,657.25,818.5,16618.19921875,1241.604248046875,106.66000366210938,1.0328551530838013,139.55299377441406,1313.030029296875,1.1799131631851196,7.107100009918213
2022-11-15,3991.72998046875,11871.150390625,33592.921875,2480.330078125,27990.169921875,3134.080078125,18343.119140625,3915.090087890625,,18403.400390625,1773.800048828125,21.499000549316406,86.91999816894531,93.86000061035156,6.033999919891357,3.8394999504089355,666.75,828.25,16884.61328125,1251.7362060546875,106.4000015258789,1.0319278240203857,140.11500549316406,1324.0799560546875,1.175249695777893,7.07289981842041
2022-11-16,3958.7900390625,11699.08984375,33553.828125,2477.449951171875,28028.30078125,3119.97998046875,18256.48046875,3882.780029296875,110243.0,18409.650390625,1773.0,21.503999710083008,85.58999633789062,92.86000061035156,6.199999809265137,3.7880001068115234,665.25,817.5,16669.439453125,1215.6025390625,106.27999877929688,1.0357863903045654,138.96499633789062,1316.260009765625,1.1880435943603516,7.043000221252441
2022-11-17,3946.56005859375,11676.8603515625,33546.3203125,2442.89990234375,27930.5703125,3115.429931640625,18045.66015625,3878.419921875,109703.0,18343.900390625,1760.800048828125,20.954999923706055,81.63999938964844,89.77999877929688,6.36899995803833,3.689500093460083,667.5,806.75,16687.517578125,1200.80859375,106.69000244140625,1.0395010709762573,139.32200622558594,1336.4300537109375,1.191525936126709,7.087200164794922
2022-11-18,3965.340087890625,11677.01953125,33745.69140625,2444.47998046875,27899.76953125,3097.239990234375,17992.5390625,3924.840087890625,108880.0,18307.650390625,1751.9000244140625,20.97599983215332,80.08000183105469,87.62000274658203,6.302999973297119,3.631999969482422,667.75,803.25,16697.77734375,1212.30029296875,106.93000030517578,1.036172866821289,140.41200256347656,1342.75,1.1860145330429077,7.156199932098389
2022-11-19,,,,,,,,,,,,,,,,,,,16711.546875,1218.4267578125,,,,,,
2022-11-20,,,,,,,,,,,,,,,,,,,16291.83203125,1142.4666748046875,,,,,,
2022-11-21,3949.93994140625,11553.4501953125,33700.28125,2419.5,27944.7890625,3085.0439453125,17655.91015625,3909.280029296875,109748.0,18159.94921875,1737.4000244140625,20.849000930786133,79.7300033569336,87.44999694824219,6.776000022888184,3.571500062942505,659.5,799.25,15787.2841796875,1108.35302734375,107.83999633789062,1.0330898761749268,140.2530059814453,1339.030029296875,1.1886366605758667,7.118899822235107
2022-11-22,4003.580078125,11724.83984375,34098.1015625,2405.27001953125,28115.740234375,3088.943115234375,17424.41015625,3929.89990234375,109037.0,18244.19921875,1738.300048828125,21.034000396728516,80.94999694824219,88.36000061035156,6.7789998054504395,3.614500045776367,656.75,791.5,16189.76953125,1135.1734619140625,107.22000122070312,1.0245691537857056,142.09800720214844,1359.75,1.1827600002288818,7.1641998291015625
2022-11-23,4027.260009765625,11838.7197265625,34194.05859375,2418.010009765625,,3096.906982421875,17523.810546875,3946.43994140625,108683.0,18267.25,1744.9000244140625,21.35700035095215,77.94000244140625,85.41000366210938,7.308000087738037,3.617500066757202,663.25,793.5,16610.70703125,1183.1995849609375,106.08000183105469,1.0311086177825928,141.15499877929688,1352.68994140625,1.1894567012786865,7.1392998695373535
2022-11-24,,,,2441.330078125,28383.08984375,3089.31005859375,17660.900390625,3961.989990234375,111831.0,18484.099609375,,,,,,,,,16604.46484375,1203.983154296875,,1.0416233539581299,139.2779998779297,1336.81005859375,1.2073503732681274,7.165800094604492
2022-11-25,4026.1201171875,11756.0302734375,34347.03125,2437.860107421875,28283.029296875,3101.68994140625,17573.580078125,3962.409912109375,108977.0,18512.75,1753.300048828125,21.424999237060547,76.27999877929688,83.62999725341797,7.02400016784668,3.626499891281128,668.0,775.5,16521.841796875,1198.9259033203125,105.95999908447266,1.040810227394104,138.60299682617188,1317.8900146484375,1.2113430500030518,7.150300025939941
2022-11-26,,,,,,,,,,,,,,,,,,,16464.28125,1205.89794921875,,,,,,
2022-11-27,,,,,,,,,,,,,,,,,,,16444.626953125,1195.126953125,,,,,,
2022-11-28,3963.93994140625,11587.75,33849.4609375,2408.27001953125,28162.830078125,3078.550048828125,17297.939453125,3935.510009765625,108782.0,18562.75,1740.0999755859375,20.90999984741211,77.23999786376953,83.19000244140625,6.711999893188477,3.6105000972747803,668.75,756.75,16217.322265625,1170.086181640625,106.68000030517578,1.0367528200149536,139.10000610351562,1334.56005859375,1.2054728269577026,7.170499801635742
2022-11-29,3957.6298828125,11503.4501953125,33852.53125,2433.389892578125,28027.83984375,3149.75,18204.6796875,3934.43994140625,110910.0,18618.05078125,1748.4000244140625,21.20400047302246,78.19999694824219,83.02999877929688,7.235000133514404,3.630000114440918,665.75,757.75,16444.982421875,1216.9012451171875,106.81999969482422,1.034554123878479,138.718994140625,1340.1199951171875,1.1960291862487793,7.207099914550781
2022-11-30,4080.110107421875,12030.0595703125,34589.76953125,2472.530029296875,27968.990234375,3151.340087890625,18597.23046875,3964.719970703125,112486.0,18758.349609375,1746.0,21.549999237060547,80.55000305175781,85.43000030517578,6.929999828338623,3.7295000553131104,662.0,771.5,17168.56640625,1295.6885986328125,105.94999694824219,1.0324499607086182,138.7449951171875,1325.3699951171875,1.1946860551834106,7.15939998626709
2022-12-01,4076.570068359375,12041.8896484375,34395.01171875,2479.840087890625,28226.080078125,3165.469970703125,18736.439453125,3984.5,110926.0,18812.5,1801.0999755859375,22.636999130249023,81.22000122070312,86.87999725341797,6.73799991607666,3.813999891281128,650.0,758.75,16967.1328125,1276.27392578125,104.7300033569336,1.042535424232483,137.35899353027344,1279.800048828125,1.207749843597412,7.076200008392334
2022-12-02,4071.699951171875,11994.259765625,34429.87890625,2434.330078125,27777.900390625,3156.139892578125,18675.349609375,3977.89990234375,111924.0,18696.099609375,1795.9000244140625,23.038000106811523,79.9800033569336,85.56999969482422,6.281000137329102,3.8480000495910645,635.0,737.25,17088.66015625,1294.3033447265625,104.55000305175781,1.052842140197754,135.14999389648438,1303.25,1.2259259223937988,7.043700218200684
2022-12-03,,,,,,,,,,,,,,,,,,,16908.236328125,1243.3348388671875,,,,,,
2022-12-04,,,,,,,,,,,,,,,,,,,17130.486328125,1280.256591796875,,,,,,
2022-12-05,3998.840087890625,11786.7998046875,33947.1015625,2419.320068359375,27820.400390625,3211.81005859375,19518.2890625,3956.530029296875,109401.0,18701.05078125,1767.4000244140625,22.198999404907227,76.93000030517578,82.68000030517578,5.577000141143799,3.7894999980926514,628.75,715.5,16974.826171875,1259.6767578125,105.29000091552734,1.0544185638427734,134.47500610351562,1299.1700439453125,1.2297248840332031,7.023900032043457
2022-12-06,3941.260009765625,11549.6904296875,33596.33984375,2393.159912109375,27885.869140625,3212.530029296875,19441.1796875,3939.18994140625,109533.0,18642.75,1769.300048828125,22.12299919128418,74.25,79.3499984741211,5.468999862670898,3.811500072479248,625.5,705.5,17089.50390625,1271.65380859375,105.58000183105469,1.0496923923492432,136.65199279785156,1304.3699951171875,1.2192445993423462,6.960899829864502
2022-12-07,3933.919921875,11497.3896484375,33597.921875,2382.81005859375,27686.400390625,3199.6201171875,18814.8203125,3920.89990234375,109361.0,18560.5,1785.5,22.709999084472656,72.01000213623047,77.16999816894531,5.7230000495910645,3.8554999828338623,627.75,727.0,16848.126953125,1232.4375,105.0999984741211,1.0469011068344116,136.88600158691406,1319.7099609375,1.2133007049560547,6.994900226593018
2022-12-08,3963.510009765625,11637.5,33781.48046875,2371.080078125,27574.4296875,3197.35009765625,19450.23046875,3921.27001953125,107245.0,18609.349609375,1788.699951171875,23.062999725341797,71.45999908447266,76.1500015258789,5.961999893188477,3.880500078201294,632.0,724.25,17233.474609375,1281.1163330078125,104.7699966430664,1.051325798034668,136.38099670410156,1314.0999755859375,1.2212398052215576,6.972599983215332
2022-12-09,3934.3798828125,11563.330078125,33476.4609375,2389.0400390625,27901.009765625,3206.949951171875,19900.869140625,3942.6201171875,107689.0,18496.599609375,1798.0999755859375,23.53499984741211,71.0199966430664,76.0999984741211,6.244999885559082,3.875999927520752,634.75,712.75,17133.15234375,1264.2847900390625,104.80999755859375,1.0559661388397217,136.61399841308594,1316.6300048828125,1.2236007452011108,6.966300010681152
2022-12-10,,,,,,,,,,,,,,,,,,,17128.724609375,1266.3841552734375,,,,,,
2022-12-11,,,,,,,,,,,,,,,,,,,17104.193359375,1263.8685302734375,,,,,,
2022-12-12,3990.56005859375,11706.4404296875,34005.0390625,2373.02001953125,27842.330078125,3179.0400390625,19463.630859375,3921.820068359375,105264.0,18497.150390625,1780.5,23.219999313354492,73.16999816894531,77.98999786376953,6.586999893188477,3.7985000610351562,641.25,733.0,17206.4375,1274.6190185546875,105.12999725341797,1.0522217750549316,136.71200561523438,1303.1700439453125,1.2239153385162354,6.956600189208984
2022-12-13,4019.64990234375,11834.2099609375,34108.640625,2372.39990234375,27954.849609375,3176.330078125,19596.19921875,3986.830078125,103892.0,18608.0,1813.9000244140625,23.801000595092773,75.38999938964844,80.68000030517578,6.934999942779541,3.8394999504089355,643.75,728.75,17781.318359375,1320.5491943359375,103.9800033569336,1.0541739463806152,137.50399780273438,1305.9200439453125,1.2270842790603638,6.976500034332275
2022-12-14,3995.320068359375,11740.919921875,33966.3515625,2399.25,28156.2109375,3176.530029296875,19673.44921875,3975.260009765625,103803.0,18660.30078125,1807.5,23.945999145507812,77.27999877929688,82.69999694824219,6.429999828338623,3.875,639.0,728.25,17815.650390625,1309.3287353515625,103.7699966430664,1.062665343284607,135.58399963378906,1288.97998046875,1.235666275024414,6.943399906158447
2022-12-15,3895.75,11345.2197265625,33202.21875,2360.969970703125,28051.69921875,3168.64990234375,19368.58984375,3835.699951171875,103738.0,18414.900390625,1777.199951171875,23.128000259399414,76.11000061035156,81.20999908447266,6.96999979019165,3.763000011444092,653.5,757.25,17364.865234375,1266.3538818359375,104.55999755859375,1.0676347017288208,135.34800720214844,1295.6800537109375,1.2419428825378418,6.949900150299072
2022-12-16,3852.360107421875,11243.7197265625,32920.4609375,2360.02001953125,27527.119140625,3167.85791015625,19450.669921875,3804.02001953125,102825.0,18269.0,1790.0,23.150999069213867,74.29000091552734,79.04000091552734,6.599999904632568,3.7614998817443848,653.0,753.5,16647.484375,1168.2593994140625,104.69999694824219,1.064056158065796,137.75100708007812,1317.0999755859375,1.2189176082611084,6.9721999168396
2022-12-17,,,,,,,,,,,,,,,,,,,16795.091796875,1188.1495361328125,,,,,,
2022-12-18,,,,,,,,,,,,,,,,,,,16757.9765625,1184.7152099609375,,,,,,
2022-12-19,3817.659912109375,11084.58984375,32757.5390625,2352.169921875,27237.640625,3107.1201171875,19352.810546875,3811.239990234375,104530.0,18420.44921875,1787.699951171875,23.02899932861328,75.19000244140625,79.80000305175781,5.85099983215332,3.7829999923706055,647.25,748.5,16439.6796875,1167.60986328125,104.72000122070312,1.05850350856781,136.69000244140625,1308.8599853515625,1.2160272598266602,6.972099781036377
2022-12-20,3821.6201171875,11072.419921875,32849.73828125,2333.2900390625,26568.029296875,3073.77001953125,19094.80078125,3802.489990234375,106979.0,18385.30078125,1815.9000244140625,24.0939998626709,76.08999633789062,79.98999786376953,5.326000213623047,3.797499895095825,652.0,750.5,16906.3046875,1217.70361328125,103.97000122070312,1.0614584684371948,136.9949951171875,1301.3299560546875,1.2153326272964478,6.978600025177002
2022-12-21,3878.43994140625,11235.8798828125,33376.48046875,2328.949951171875,26387.720703125,3068.409912109375,19160.490234375,3872.14990234375,107313.0,18199.099609375,1815.9000244140625,24.03499984741211,78.29000091552734,82.19999694824219,5.331999778747559,3.805999994277954,662.25,767.75,16817.53515625,1213.5999755859375,104.16000366210938,1.062699317932129,131.89199829101562,1283.6400146484375,1.2189176082611084,6.9608001708984375
2022-12-22,3822.389892578125,10956.1396484375,33027.48828125,2356.72998046875,26507.869140625,3054.429931640625,19679.220703125,3823.2900390625,107317.0,18127.349609375,1787.0,23.47599983215332,77.48999786376953,80.9800033569336,4.999000072479248,3.751499891281128,660.5,762.25,16830.341796875,1218.18212890625,104.43000030517578,1.0610079765319824,132.3699951171875,1280.77001953125,1.2077397108078003,6.980599880218506
2022-12-23,3844.820068359375,10985.4501953125,33203.9296875,2313.68994140625,26235.25,3045.865966796875,19593.060546875,3817.010009765625,109698.0,17806.80078125,1795.9000244140625,23.763999938964844,79.55999755859375,83.91999816894531,5.078999996185303,3.802999973297119,666.25,776.0,16796.953125,1220.159423828125,104.30999755859375,1.060333013534546,132.35699462890625,1290.199951171875,1.203992486000061,6.982999801635742
2022-12-24,,,,,,,,,,,,,,,,,,,16847.755859375,1221.1485595703125,,,,,,
2022-12-25,,,,,,,,,,,,,,,,,,,16841.986328125,1218.9620361328125,,,,,,
2022-12-26,,,,2317.139892578125,26405.869140625,3065.56298828125,,,108738.0,18014.599609375,,,,,,,,,16919.8046875,1226.974365234375,,1.0667804479599,132.7899932861328,1279.239990234375,1.206000566482544,6.988699913024902
2022-12-27,3829.25,10822.509765625,33241.55859375,2332.7900390625,26447.869140625,3095.570068359375,,3832.889892578125,108347.0,18132.30078125,1814.800048828125,24.040000915527344,79.52999877929688,84.33000183105469,5.2820000648498535,3.8334999084472656,674.75,774.5,16717.173828125,1212.7916259765625,104.18000030517578,1.064022183418274,132.76400756835938,1275.1300048828125,1.2084153890609741,6.96120023727417
2022-12-28,3783.219970703125,10679.33984375,32875.7109375,2280.449951171875,26340.5,3087.39990234375,19898.91015625,3808.820068359375,110237.0,18122.5,1807.9000244140625,23.663000106811523,78.95999908447266,83.26000213623047,4.709000110626221,3.8320000171661377,682.75,785.5,16552.572265625,1189.986083984375,104.45999908447266,1.0637166500091553,133.48599243164062,1272.280029296875,1.2027326822280884,6.959000110626221
2022-12-29,3849.280029296875,10951.0498046875,33220.80078125,2236.39990234375,26093.669921875,3073.699951171875,19741.140625,3850.070068359375,110031.0,18191.0,1819.5,24.077999114990234,78.4000015258789,82.26000213623047,4.559000015258789,3.821000099182129,679.5,774.0,16642.341796875,1201.5953369140625,103.83999633789062,1.062925100326538,134.03399658203125,1274.3199462890625,1.2028483152389526,6.97760009765625
2022-12-30,3839.5,10939.759765625,33147.25,,26094.5,3089.260009765625,19781.41015625,3793.6201171875,,18105.30078125,1819.699951171875,23.86199951171875,80.26000213623047,85.91000366210938,4.474999904632568,3.805500030517578,678.5,792.0,16602.5859375,1199.2327880859375,103.5199966430664,1.066075325012207,132.91600036621094,1260.260009765625,1.2056326866149902,6.963099956512451
2022-12-31,,,,,,,,,,,,,,,,,,,16547.49609375,1196.771240234375,,,,,,
2023-01-01,,,,,,,,,,,,,,,,,,,16625.080078125,1200.96484375,,,,,,
2023-01-02,,,,2225.669921875,,,,,106376.0,18197.44921875,,,,,,,,,16688.470703125,1214.6566162109375,,1.0709733963012695,130.84500122070312,1260.9100341796875,1.2120330333709717,6.896900177001953
2023-01-03,3824.139892578125,10862.6396484375,33136.37109375,2218.679931640625,,3116.510009765625,20145.2890625,3882.2900390625,104166.0,18232.55078125,1839.699951171875,24.05900001525879,76.93000030517578,82.0999984741211,3.98799991607666,3.7660000324249268,670.5,775.5,16679.857421875,1214.77880859375,104.5199966430664,1.0677714347839355,130.79400634765625,1270.0999755859375,1.206287145614624,6.89709997177124
2023-01-04,3852.969970703125,10914.7998046875,33269.76953125,2255.97998046875,25716.859375,3123.52001953125,20793.109375,3973.969970703125,105334.0,18042.94921875,1852.800048828125,23.79199981689453,72.83999633789062,77.83999633789062,4.171999931335449,3.739500045776367,653.75,745.5,16863.23828125,1256.526611328125,104.25,1.0546854734420776,131.2480010986328,1279.0799560546875,1.1969740390777588,6.914100170135498
2023-01-05,3808.10009765625,10741.2197265625,32930.078125,2264.64990234375,25820.80078125,3155.219970703125,21052.169921875,3959.47998046875,107518.0,17992.150390625,1834.800048828125,23.257999420166016,73.66999816894531,78.69000244140625,3.7200000286102295,3.818000078201294,652.75,746.75,16836.736328125,1250.4385986328125,105.04000091552734,1.0606365203857422,132.24600219726562,1271.0799560546875,1.2057054042816162,6.887800216674805
2023-01-06,3895.080078125,11040.349609375,33630.609375,2289.969970703125,25973.849609375,3157.639892578125,20991.640625,4017.830078125,108836.0,17859.44921875,1864.199951171875,23.82200050354004,73.7699966430664,78.56999969482422,3.7100000381469727,3.9084999561309814,654.0,743.5,16951.96875,1269.3790283203125,103.87999725341797,1.0522217750549316,133.3070068359375,1274.1800537109375,1.1912277936935425,6.881499767303467
2023-01-07,,,,,,,,,,,,,,,,,,,16955.078125,1264.2703857421875,,,,,,
2023-01-08,,,,,,,,,,,,,,,,,,,17091.14453125,1287.3594970703125,,,,,,
2023-01-09,3892.090087890625,11108.4501953125,33517.6484375,2350.18994140625,,3176.080078125,21388.33984375,4068.6201171875,109227.0,18101.19921875,1872.699951171875,23.711999893188477,74.62999725341797,79.6500015258789,3.9100000858306885,4.018499851226807,652.75,741.5,17196.5546875,1321.5389404296875,103.0,1.0656323432922363,131.86199951171875,1252.8800048828125,1.2116365432739258,6.837399959564209
2023-01-10,3919.25,11205.7802734375,33704.1015625,2351.31005859375,26175.560546875,3169.510009765625,21331.4609375,4057.4599609375,110912.0,17914.150390625,1871.5999755859375,23.506999969482422,75.12000274658203,80.0999984741211,3.6389999389648438,4.066999912261963,655.0,731.0,17446.29296875,1336.5860595703125,103.23999786376953,1.073318362236023,131.72900390625,1239.280029296875,1.2184869050979614,6.770999908447266
2023-01-11,3969.610107421875,11402.51953125,33973.01171875,2359.530029296875,26446.0,3161.840087890625,21436.05078125,4099.759765625,111763.0,17895.69921875,1874.5999755859375,23.32699966430664,77.41000366210938,82.66999816894531,3.6710000038146973,4.1545000076293945,656.0,740.0,17934.896484375,1387.9327392578125,103.19000244140625,1.0738946199417114,132.1009979248047,1240.1600341796875,1.2154507637023926,6.777400016784668
2023-01-12,3983.169921875,11459.6103515625,34189.96875,2365.10009765625,26449.8203125,3163.449951171875,21514.099609375,4126.68017578125,111877.0,17858.19921875,1895.5,23.863000869750977,78.38999938964844,84.02999877929688,3.694999933242798,4.185999870300293,671.0,742.75,18869.587890625,1417.9384765625,102.25,1.0766000747680664,131.90199279785156,1241.5999755859375,1.2159533500671387,6.769000053405762
2023-01-13,3999.090087890625,11541.48046875,34302.609375,2386.090087890625,26119.51953125,3195.31005859375,21738.66015625,4150.7998046875,110916.0,17956.599609375,1918.4000244140625,24.231000900268555,79.86000061035156,85.27999877929688,3.4189999103546143,4.207499980926514,675.0,743.75,19909.57421875,1451.6148681640625,102.19999694824219,1.0860239267349243,129.1719970703125,1239.1300048828125,1.2217769622802734,6.737800121307373
2023-01-14,,,,,,,,,,,,,,,,,,,20976.298828125,1550.7069091796875,,,,,,
2023-01-15,,,,,,,,,,,,,,,,,,,20880.798828125,1552.4794921875,,,,,,
2023-01-16,,,,2399.860107421875,25822.3203125,3227.592041015625,21746.720703125,4157.0,109213.0,17894.849609375,,,,,,,,,21169.6328125,1576.83349609375,,1.082461953163147,128.0260009765625,1236.5899658203125,1.2226732969284058,6.7017998695373535
2023-01-17,3990.969970703125,11557.1904296875,33910.8515625,2379.389892578125,26138.6796875,3224.239990234375,21577.640625,4174.330078125,111439.0,18053.30078125,1907.199951171875,23.944000244140625,80.18000030517578,85.91999816894531,3.5859999656677246,4.215000152587891,685.25,751.75,21161.51953125,1567.8460693359375,102.38999938964844,1.0830129384994507,128.3209991455078,1240.7099609375,1.2207776308059692,6.732500076293945
2023-01-18,3928.860107421875,11410.2900390625,33296.9609375,2368.320068359375,26791.119140625,3224.409912109375,21678.0,4174.33984375,112452.0,18165.349609375,1904.4000244140625,23.530000686645508,79.4800033569336,84.9800033569336,3.311000108718872,4.228499889373779,681.25,742.5,20688.78125,1515.5069580078125,102.36000061035156,1.0793308019638062,128.281005859375,1237.0,1.228471040725708,6.77239990234375
2023-01-19,3898.85009765625,11295.669921875,33044.55859375,2380.340087890625,26405.23046875,3240.280029296875,21650.98046875,4094.280029296875,113006.0,18107.849609375,1922.0999755859375,23.753999710083008,80.33000183105469,86.16000366210938,3.2750000953674316,4.226500034332275,677.25,734.5,21086.79296875,1552.5565185546875,102.05999755859375,1.0797853469848633,128.53900146484375,1237.8800048828125,1.2347661256790161,6.747099876403809
2023-01-20,3972.610107421875,11619.0302734375,33375.48828125,2395.260009765625,26553.529296875,3264.81005859375,22044.650390625,4119.89990234375,112301.0,18027.650390625,1926.4000244140625,23.829999923706055,81.30999755859375,87.62999725341797,3.1740000247955322,4.248499870300293,676.25,741.5,22676.552734375,1659.754150390625,102.01000213623047,1.083388328552246,128.3699951171875,1232.1800537109375,1.2393262386322021,6.7758002281188965
2023-01-21,,,,,,,,,,,,,,,,,,,22777.625,1627.1181640625,,,,,,
2023-01-22,,,,,,,,,,,,,,,,,,,22720.416015625,1628.382080078125,,,,,,
2023-01-23,4019.81005859375,11872.5400390625,33629.55859375,,26906.0390625,,,4150.81982421875,111709.0,18118.55078125,1927.0999755859375,23.45199966430664,81.62000274658203,88.19000244140625,3.447000026702881,4.254000186920166,666.25,720.0,22934.431640625,1628.2510986328125,102.13999938964844,1.086507797241211,129.35400390625,1230.030029296875,1.240633249282837,6.782599925994873
2023-01-24,4016.949951171875,11846.6396484375,33733.9609375,,27299.189453125,,,4153.02001953125,113028.0,18118.30078125,1933.9000244140625,23.64900016784668,80.12999725341797,86.12999725341797,3.257999897003174,4.245500087738037,677.0,734.5,22636.46875,1556.604248046875,101.91999816894531,1.0874292850494385,130.5970001220703,1229.280029296875,1.2379761934280396,6.7829999923706055
2023-01-25,4016.219970703125,11814.6904296875,33743.83984375,2428.570068359375,27395.009765625,,,4148.10986328125,114195.0,17891.94921875,1941.199951171875,23.839000701904297,80.1500015258789,86.12000274658203,3.066999912261963,4.239999771118164,674.75,741.25,23117.859375,1611.7110595703125,101.63999938964844,1.088814616203308,130.23899841308594,1232.6600341796875,1.232923984527588,6.7835001945495605
2023-01-26,4060.429931640625,12051.48046875,33949.41015625,2468.64990234375,27362.75,,22566.779296875,4173.97998046875,114109.0,,1929.0999755859375,23.93000030517578,81.01000213623047,87.47000122070312,2.944000005722046,4.267000198364258,682.5,752.5,23032.77734375,1603.10595703125,101.83999633789062,1.0922038555145264,129.23699951171875,1232.5899658203125,1.2412492036819458,6.782899856567383
2023-01-27,4070.56005859375,12166.599609375,33978.078125,2484.02001953125,27382.560546875,,22688.900390625,4178.009765625,112502.0,17604.349609375,1928.5999755859375,23.527000427246094,79.68000030517578,86.66000366210938,3.1089999675750732,4.223999977111816,683.0,750.0,23078.728515625,1598.156494140625,101.93000030517578,1.0894432067871094,129.8000030517578,1231.8499755859375,1.2415266036987305,6.78249979019165
2023-01-28,,,,,,,,,,,,,,,,,,,23031.08984375,1572.43505859375,,,,,,
2023-01-29,,,,,,,,,,,,,,,,,,,23774.56640625,1646.1556396484375,,,,,,
2023-01-30,4017.77001953125,11912.3896484375,33717.08984375,2450.469970703125,27433.400390625,3269.320068359375,22069.73046875,4158.6298828125,111888.0,17648.94921875,1922.9000244140625,23.645000457763672,77.9000015258789,84.9000015258789,2.677000045776367,4.203499794006348,683.75,752.5,22840.138671875,1567.3265380859375,102.27999877929688,1.0871455669403076,129.85400390625,1228.949951171875,1.2400301694869995,6.782400131225586
2023-01-31,4076.60009765625,12101.9296875,34086.0390625,2425.080078125,27327.109375,3255.669921875,21842.330078125,4163.4501953125,113532.0,17662.150390625,1929.5,23.74799919128418,78.87000274658203,84.48999786376953,2.684000015258789,4.228499889373779,679.75,761.25,23139.283203125,1586.535400390625,102.0999984741211,1.0850694179534912,130.47900390625,1231.5,1.2353609800338745,6.747799873352051
2023-02-01,4119.2099609375,12363.099609375,34092.9609375,2449.800048828125,27346.880859375,3284.919921875,22072.1796875,4171.43994140625,112303.0,17616.30078125,1927.800048828125,23.520999908447266,76.41000366210938,82.83999633789062,2.4679999351501465,4.111000061035156,681.0,759.75,23723.76953125,1641.792724609375,101.22000122070312,1.0860947370529175,130.11000061035156,1232.1500244140625,1.2308903932571411,6.753600120544434
2023-02-02,4179.759765625,12803.1396484375,34053.94140625,2468.8798828125,27402.05078125,3285.669921875,21958.359375,4241.1201171875,109935.0,17610.400390625,1916.300048828125,23.534000396728516,75.87999725341797,82.16999816894531,2.4560000896453857,4.093999862670898,675.25,761.0,23471.87109375,1643.2415771484375,101.75,1.1012852191925049,128.6219940185547,1221.949951171875,1.2390038967132568,6.740799903869629
2023-02-03,4136.47998046875,12573.3603515625,33926.01171875,2480.39990234375,27509.4609375,3263.409912109375,21660.470703125,4257.97998046875,108490.0,17854.05078125,1862.9000244140625,22.333999633789062,73.38999938964844,79.94000244140625,2.4100000858306885,4.063000202178955,677.5,756.75,23449.322265625,1664.74560546875,102.91999816894531,1.0905125141143799,128.74600219726562,1224.9000244140625,1.222299575805664,6.731500148773193
2023-02-04,,,,,,,,,,,,,,,,,,,23331.84765625,1667.0592041015625,,,,,,
2023-02-05,,,,,,,,,,,,,,,,,,,22955.666015625,1631.6458740234375,,,,,,
2023-02-06,4111.080078125,12464.509765625,33891.01953125,2438.18994140625,27693.650390625,3238.699951171875,21222.16015625,4205.4501953125,108456.0,17764.599609375,1866.199951171875,22.177000045776367,74.11000061035156,80.98999786376953,2.4570000171661377,4.043499946594238,679.0,750.25,22760.109375,1616.2470703125,103.62000274658203,1.079086184501648,132.00900268554688,1246.75,1.2045146226882935,6.774199962615967
2023-02-07,4164.0,12728.26953125,34156.69140625,2451.7099609375,27685.470703125,3248.090087890625,21298.69921875,4209.31005859375,107920.0,17721.5,1871.699951171875,22.117000579833984,77.13999938964844,83.69000244140625,2.5840001106262207,4.088500022888184,674.0,749.75,23264.291015625,1672.0035400390625,103.43000030517578,1.0730764865875244,132.6230010986328,1261.22998046875,1.2026747465133667,6.794000148773193
2023-02-08,4117.85986328125,12495.3798828125,33949.01171875,2483.639892578125,27606.4609375,3232.110107421875,21283.51953125,4209.14990234375,109882.0,17871.69921875,1877.4000244140625,22.367000579833984,78.47000122070312,85.08999633789062,2.3959999084472656,4.043499946594238,678.5,764.75,22939.3984375,1650.716796875,103.41000366210938,1.0729728937149048,131.04200744628906,1255.3499755859375,1.2054582834243774,6.791200160980225
2023-02-09,4081.5,12381.169921875,33699.87890625,2481.52001953125,27584.349609375,3270.3798828125,21624.359375,4250.14013671875,107783.0,17893.44921875,1866.199951171875,22.097000122070312,78.05999755859375,84.5,2.430000066757202,4.105500221252441,670.75,757.25,21819.0390625,1546.438232421875,103.22000122070312,1.0715816020965576,131.38699340820312,1260.469970703125,1.2071462869644165,6.7881999015808105
2023-02-10,4090.4599609375,12304.919921875,33869.26953125,2469.72998046875,27670.98046875,3260.669921875,21190.419921875,4197.93994140625,108150.0,17856.5,1862.800048828125,22.034000396728516,79.72000122070312,86.38999938964844,2.5139999389648438,4.027500152587891,680.5,786.0,21651.18359375,1514.869140625,103.62999725341797,1.0742292404174805,131.5189971923828,1264.550048828125,1.2116806507110596,6.779699802398682
2023-02-11,,,,,,,,,,,,,,,,,,,21870.875,1539.9267578125,,,,,,
2023-02-12,,,,,,,,,,,,,,,,,,,21788.203125,1515.03369140625,,,,,,
2023-02-13,4137.2900390625,12502.3095703125,34245.9296875,2452.699951171875,27427.3203125,3284.159912109375,21164.419921875,4241.35986328125,108846.0,17770.900390625,1851.9000244140625,21.81800079345703,80.13999938964844,86.61000061035156,2.4049999713897705,4.086999893188477,685.0,792.0,21808.1015625,1507.1658935546875,103.3499984741211,1.0677714347839355,131.55099487304688,1266.8699951171875,1.2052258253097534,6.808300018310547
2023-02-14,4136.1298828125,12590.8896484375,34089.26953125,2465.639892578125,27602.76953125,3293.280029296875,21113.759765625,4238.759765625,107659.0,17929.849609375,1854.0,21.841999053955078,79.05999755859375,85.58000183105469,2.566999912261963,4.110000133514404,682.25,786.0,22220.8046875,1556.8751220703125,103.2300033569336,1.0730419158935547,132.33700561523438,1272.93994140625,1.215214490890503,6.821899890899658
2023-02-15,4147.60009765625,12687.8896484375,34128.05078125,2427.89990234375,27501.859375,3280.489990234375,20812.169921875,4280.0400390625,109442.0,18015.849609375,1834.199951171875,21.54599952697754,78.58999633789062,85.37999725341797,2.4709999561309814,4.052000045776367,676.25,769.25,24307.841796875,1673.7459716796875,103.91999816894531,1.0735719203948975,132.99099731445312,1272.25,1.2174336910247803,6.825900077819824
2023-02-16,4090.409912109375,12442.48046875,33696.8515625,2475.47998046875,27696.439453125,3249.030029296875,20987.669921875,4297.240234375,109905.0,18035.849609375,1842.0,21.68400001525879,78.48999786376953,85.13999938964844,2.3889999389648438,4.165500164031982,676.0,765.0,23623.474609375,1640.067626953125,103.86000061035156,1.0691757202148438,133.9029998779297,1283.719970703125,1.2039779424667358,6.851900100708008
2023-02-17,4079.090087890625,12358.1796875,33826.69140625,2451.2099609375,27513.130859375,3224.02001953125,20719.810546875,4274.919921875,109303.0,17944.19921875,1840.4000244140625,21.694000244140625,76.33999633789062,83.0,2.2750000953674316,4.113999843597412,677.75,765.5,24565.6015625,1694.7833251953125,103.86000061035156,1.0665756464004517,134.07400512695312,1288.9599609375,1.197533130645752,6.8597002029418945
2023-02-18,,,,,,,,,,,,,,,,,,,24641.27734375,1691.8194580078125,,,,,,
2023-02-19,,,,,,,,,,,,,,,,,,,24327.642578125,1681.4361572265625,,,,,,
2023-02-20,,,,2455.1201171875,27531.939453125,3290.340087890625,20886.9609375,4271.18017578125,,17844.599609375,,,,,,,,,24829.1484375,1702.6751708984375,,1.0684444904327393,134.3070068359375,1293.9200439453125,1.2029786109924316,6.857600212097168
2023-02-21,3997.340087890625,12060.2998046875,33129.58984375,2458.9599609375,27473.099609375,3306.52001953125,20529.490234375,4250.39990234375,,17826.69921875,1833.0,21.868999481201172,76.16000366210938,83.05000305175781,2.072999954223633,4.234499931335449,680.5,750.5,24436.353515625,1658.036376953125,104.18000030517578,1.068261981010437,134.33599853515625,1296.1099853515625,1.2039200067520142,6.854100227355957
2023-02-22,3991.050048828125,12066.26953125,33045.08984375,2417.679931640625,27104.3203125,3291.14990234375,20423.83984375,4242.8798828125,107152.0,17554.30078125,1832.0,21.660999298095703,73.94999694824219,80.5999984741211,2.1740000247955322,4.202499866485596,674.0,736.5,24188.84375,1643.231689453125,104.58999633789062,1.065200924873352,134.9759979248047,1305.8299560546875,1.2109322547912598,6.872499942779541
2023-02-23,4012.320068359375,12180.1396484375,33153.91015625,2439.090087890625,,3287.47998046875,20351.349609375,4258.16015625,107720.0,17511.25,1818.0,21.298999786376953,75.38999938964844,82.20999908447266,2.313999891281128,4.072999954223633,660.25,738.25,23947.4921875,1651.0738525390625,104.5999984741211,1.0605803728103638,134.9320068359375,1302.8299560546875,1.204993486404419,6.891300201416016
2023-02-24,3970.0400390625,11969.650390625,32816.921875,2423.610107421875,27453.48046875,3267.159912109375,20010.0390625,4178.81982421875,105873.0,17465.80078125,1808.800048828125,20.805999755859375,76.31999969482422,83.16000366210938,2.4509999752044678,3.9549999237060547,650.0,708.25,23198.126953125,1608.3731689453125,105.20999908447266,1.0598047971725464,134.6280059814453,1298.0799560546875,1.2017786502838135,6.9070000648498535
2023-02-25,,,,,,,,,,,,,,,,,,,23175.375,1594.9149169921875,,,,,,
2023-02-26,,,,,,,,,,,,,,,,,,,23561.212890625,1640.817138671875,,,,,,
2023-02-27,3982.239990234375,12057.7900390625,32889.08984375,2402.639892578125,27423.9609375,3258.030029296875,19943.509765625,4248.009765625,105711.0,17392.69921875,1817.0,20.670000076293945,75.68000030517578,82.44999694824219,2.7309999465942383,4.008999824523926,642.75,696.0,23522.87109375,1634.326416015625,104.66999816894531,1.0554758310317993,136.39500427246094,1313.699951171875,1.1952428817749023,6.954999923706055
2023-02-28,3970.14990234375,12042.1201171875,32656.69921875,2412.85009765625,27445.560546875,3279.610107421875,19785.939453125,4238.3798828125,104932.0,17303.94921875,1828.9000244140625,20.961000442504883,77.05000305175781,83.88999938964844,2.746999979019165,4.097499847412109,629.5,691.5,23147.353515625,1605.8951416015625,104.87000274658203,1.0611205101013184,136.31700134277344,1318.3499755859375,1.2061562538146973,6.943900108337402
2023-03-01,3951.389892578125,11938.5703125,32661.83984375,,27516.529296875,3312.35009765625,20619.7109375,4215.75,104385.0,17450.900390625,1837.699951171875,20.958999633789062,77.69000244140625,84.30999755859375,2.811000108718872,4.168000221252441,640.5,697.0,23646.55078125,1663.4337158203125,104.4800033569336,1.0577309131622314,136.34800720214844,1321.5999755859375,1.2033549547195435,6.932300090789795
2023-03-02,3981.35009765625,12044.8701171875,33003.5703125,2427.85009765625,27498.869140625,3310.64990234375,20429.4609375,4240.58984375,103326.0,17321.900390625,1833.5,20.766000747680664,78.16000366210938,84.75,2.765000104904175,4.084000110626221,637.75,701.25,23475.466796875,1647.3193359375,105.02999877929688,1.066894292831421,136.19400024414062,1305.72998046875,1.2029930353164673,6.868000030517578
2023-03-03,4045.639892578125,12290.8095703125,33390.96875,2432.070068359375,27927.470703125,3328.389892578125,20567.5390625,4294.7998046875,103866.0,17594.349609375,1847.699951171875,21.093000411987305,79.68000030517578,85.83000183105469,3.009000062942505,4.078000068664551,645.25,695.75,22362.6796875,1569.1676025390625,104.5199966430664,1.0599732398986816,136.7050018310547,1311.06005859375,1.1951572895050049,6.91379976272583
2023-03-04,,,,,,,,,,,,,,,,,,,22353.349609375,1566.9239501953125,,,,,,
2023-03-05,,,,,,,,,,,,,,,,,,,22435.513671875,1564.46875,,,,,,
2023-03-06,4048.419921875,12302.48046875,33431.44140625,2462.6201171875,28237.779296875,3322.030029296875,20603.189453125,4313.77978515625,104700.0,17711.44921875,1847.9000244140625,20.983999252319336,80.45999908447266,86.18000030517578,2.572000026702881,4.100500106811523,644.5,682.5,22429.7578125,1567.398681640625,104.3499984741211,1.0626201629638672,135.86000061035156,1294.780029296875,1.2028483152389526,6.906799793243408
2023-03-07,3986.3701171875,12152.169921875,32856.4609375,2463.35009765625,28309.16015625,3285.10009765625,20534.48046875,4278.9599609375,104228.0,,1813.9000244140625,20.054000854492188,77.58000183105469,83.29000091552734,2.687000036239624,3.9865000247955322,642.0,684.75,22219.76953125,1561.93310546875,105.62000274658203,1.0688328742980957,135.99899291992188,1299.0,1.2026457786560059,6.9293999671936035
2023-03-08,3992.010009765625,12215.330078125,32798.3984375,2431.909912109375,28444.189453125,3283.25,20051.25,4288.4501953125,106540.0,17754.400390625,1812.699951171875,20.0049991607666,76.66000366210938,82.66000366210938,2.5510001182556152,4.041500091552734,634.5,674.5,21718.080078125,1534.0882568359375,105.66000366210938,1.05507493019104,137.39100646972656,1317.9000244140625,1.1827740669250488,6.961400032043457
2023-03-09,3918.320068359375,11995.8798828125,32254.859375,2419.090087890625,28623.150390625,3276.090087890625,19925.740234375,4286.1201171875,105071.0,17589.599609375,1829.300048828125,20.024999618530273,75.72000122070312,81.58999633789062,2.5429999828338623,4.054500102996826,618.5,653.5,20363.021484375,1438.6607666015625,105.30999755859375,1.0549525022506714,137.2259979248047,1316.449951171875,1.1850166320800781,6.950300216674805
2023-03-10,3861.590087890625,11830.2802734375,31909.640625,2394.590087890625,28143.970703125,3230.080078125,19319.919921875,4229.52978515625,103618.0,17412.900390625,1862.0,20.375,76.68000030517578,82.77999877929688,2.430000066757202,4.045499801635742,624.25,666.75,20187.244140625,1429.1580810546875,104.58000183105469,1.0584698915481567,136.39500427246094,1325.550048828125,1.192250370979309,6.963600158691406
2023-03-11,,,,,,,,,,,,,,,,,,,20632.41015625,1482.61669921875,,,,,,
2023-03-12,,,,,,,,,,,,,,,,,,,22163.94921875,1590.29296875,,,,,,
2023-03-13,3855.760009765625,11923.169921875,31819.140625,2410.60009765625,27832.9609375,3268.699951171875,19695.970703125,4096.5400390625,103121.0,17154.30078125,1911.699951171875,21.792999267578125,74.80000305175781,80.7699966430664,2.6059999465942383,4.069499969482422,624.5,672.25,24197.533203125,1680.3089599609375,103.5999984741211,1.0683646202087402,134.97999572753906,1319.5400390625,1.2079336643218994,6.905200004577637
2023-03-14,3919.2900390625,12199.7900390625,32155.400390625,2348.969970703125,27222.0390625,3245.31005859375,19247.9609375,4179.47021484375,102932.0,17043.30078125,1906.199951171875,21.929000854492188,71.33000183105469,77.44999694824219,2.572999954223633,4.010499954223633,627.5,686.5,24746.07421875,1703.507080078125,103.5999984741211,1.0725010633468628,133.11399841308594,1296.3800048828125,1.2171372175216675,6.844600200653076
2023-03-15,3891.929931640625,12251.3203125,31874.5703125,2379.719970703125,27229.48046875,3263.31005859375,19539.869140625,4034.919921875,102675.0,16972.150390625,1926.5999755859375,21.77400016784668,67.61000061035156,73.69000244140625,2.438999891281128,3.8564999103546143,626.5,702.75,24375.9609375,1656.1805419921875,104.6500015258789,1.0727657079696655,134.39700317382812,1304.5799560546875,1.215214490890503,6.870500087738037
2023-03-16,3960.280029296875,12581.3896484375,32246.55078125,2377.909912109375,27010.609375,3226.889892578125,19203.91015625,4116.97998046875,103435.0,16985.599609375,1919.0,21.58799934387207,68.3499984741211,74.69999694824219,2.5139999389648438,3.885499954223633,632.75,699.0,25052.7890625,1677.2154541015625,104.41999816894531,1.0583354234695435,132.9290008544922,1311.739990234375,1.20692777633667,6.905900001525879
2023-03-17,3916.639892578125,12519.8798828125,31861.98046875,2395.68994140625,27333.7890625,3250.550048828125,19518.58984375,4064.989990234375,101982.0,17100.05078125,1969.800048828125,22.35099983215332,66.73999786376953,72.97000122070312,2.3380000591278076,3.9135000705718994,634.25,710.5,27423.9296875,1792.485107421875,103.70999908447266,1.0614134073257446,133.3679962158203,1301.6199951171875,1.2110495567321777,6.897500038146973
2023-03-18,,,,,,,,,,,,,,,,,,,26965.87890625,1761.65966796875,,,,,,
2023-03-19,,,,,,,,,,,,,,,,,,,28038.67578125,1785.5765380859375,,,,,,
2023-03-20,3951.570068359375,12562.6103515625,32244.580078125,2379.199951171875,26945.669921875,3234.909912109375,19000.7109375,4119.419921875,100923.0,16988.400390625,1979.199951171875,22.533000946044922,67.63999938964844,73.79000091552734,2.2230000495910645,3.9755001068115234,633.0,700.75,27767.236328125,1735.3212890625,103.27999877929688,1.0678855180740356,132.28399658203125,1307.6500244140625,1.2187690734863281,6.886099815368652
2023-03-21,4002.8701171875,12741.4404296875,32560.599609375,2388.35009765625,,3255.64990234375,19258.759765625,4181.60009765625,100998.0,17107.5,1938.0,22.323999404907227,69.33000183105469,75.31999969482422,2.3480000495910645,4.018499851226807,630.0,683.25,28175.81640625,1806.7607421875,103.26000213623047,1.071914792060852,131.39199829101562,1304.93994140625,1.2276264429092407,6.877699851989746
2023-03-22,3936.969970703125,12567.150390625,32030.109375,2416.9599609375,27466.609375,3265.75,19591.4296875,4195.7001953125,100221.0,17151.900390625,1946.800048828125,22.674999237060547,70.9000015258789,76.69000244140625,2.1710000038146973,4.06850004196167,633.5,663.5,27307.4375,1737.717041015625,102.3499984741211,1.0774236917495728,132.34800720214844,1303.43994140625,1.2225087881088257,6.882999897003174
2023-03-23,3948.719970703125,12729.23046875,32105.25,2424.47998046875,27419.609375,3286.64990234375,20049.640625,4207.14013671875,97926.0,17076.900390625,1993.800048828125,23.143999099731445,69.95999908447266,75.91000366210938,2.1540000438690186,4.145999908447266,631.75,662.0,28333.97265625,1816.4051513671875,102.52999877929688,1.0870392322540283,131.1790008544922,1298.25,1.227973222732544,6.879199981689453
2023-03-24,3970.989990234375,12767.0498046875,32237.529296875,2414.9599609375,27385.25,3265.64990234375,19915.6796875,4130.6201171875,98829.0,16945.05078125,1982.0999755859375,23.246999740600586,69.26000213623047,74.98999786376953,2.2160000801086426,4.101500034332275,643.0,688.5,27493.28515625,1752.0447998046875,103.12000274658203,1.0835057497024536,130.86500549316406,1286.2900390625,1.228154182434082,6.818399906158447
2023-03-25,,,,,,,,,,,,,,,,,,,27494.70703125,1743.7647705078125,,,,,,
2023-03-26,,,,,,,,,,,,,,,,,,,27994.330078125,1775.6767578125,,,,,,
2023-03-27,3977.530029296875,12673.0703125,32432.080078125,2409.219970703125,27476.869140625,3251.39990234375,19567.689453125,4164.6201171875,99670.0,16985.69921875,1952.4000244140625,23.054000854492188,72.80999755859375,78.12000274658203,2.0880000591278076,4.104499816894531,648.25,698.0,27139.888671875,1715.4608154296875,102.86000061035156,1.077818512916565,130.8459930419922,1294.8299560546875,1.2246003150939941,6.867000102996826
2023-03-28,3971.27001953125,12610.5703125,32394.25,2434.93994140625,27518.25,3245.3798828125,19784.650390625,4168.2099609375,101185.0,16951.69921875,1972.4000244140625,23.323999404907227,73.19999694824219,78.6500015258789,2.0299999713897705,4.111999988555908,647.25,699.75,27268.130859375,1772.78564453125,102.43000030517578,1.0807071924209595,131.23300170898438,1297.800048828125,1.229755163192749,6.884399890899658
2023-03-29,4027.81005859375,12846.0302734375,32717.599609375,2443.919921875,27883.779296875,3240.06005859375,20192.400390625,4231.27001953125,101793.0,17080.69921875,1966.0999755859375,23.375999450683594,72.97000122070312,78.27999877929688,1.9910000562667847,4.114999771118164,650.5,704.75,28348.44140625,1793.0018310546875,102.63999938964844,1.0839520692825317,131.04600524902344,1296.97998046875,1.2330456972122192,6.873300075531006
2023-03-30,4050.830078125,12963.1396484375,32859.03125,2453.159912109375,27782.9296875,3261.25,20309.130859375,4285.419921875,103713.0,,1980.300048828125,23.902000427246094,74.37000274658203,79.2699966430664,2.1040000915527344,4.0904998779296875,649.5,692.25,28033.5625,1792.7371826171875,102.13999938964844,1.0843634605407715,132.5760040283203,1307.1300048828125,1.2313603162765503,6.8856000900268555
2023-03-31,4109.31005859375,13181.349609375,33274.1484375,2476.860107421875,28041.48046875,3272.860107421875,20400.109375,4315.0498046875,101882.0,17359.75,1969.0,24.076000213623047,75.66999816894531,79.7699966430664,2.2160000801086426,4.104499816894531,660.5,692.25,28478.484375,1822.0220947265625,102.51000213623047,1.0904649496078491,133.2010040283203,1296.5,1.2387275695800781,6.8703999519348145
2023-04-01,,,,,,,,,,,,,,,,,,,28411.03515625,1813.860595703125,,,,,,
2023-04-02,,,,,,,,,,,,,,,,,,,28199.30859375,1795.7081298828125,,,,,,
2023-04-03,4124.509765625,13148.349609375,33601.1484375,2472.340087890625,28188.150390625,3296.39990234375,20409.1796875,4311.0498046875,101506.0,17398.05078125,1983.9000244140625,23.94099998474121,80.41999816894531,84.93000030517578,2.0969998836517334,4.059500217437744,657.75,693.5,27790.220703125,1810.297119140625,102.08999633789062,1.0803335905075073,133.3470001220703,1305.47998046875,1.228697419166565,6.868000030517578
2023-04-04,4100.60009765625,13100.080078125,33402.37890625,2480.510009765625,28287.419921875,3312.56005859375,20274.58984375,4315.31982421875,101869.0,,2022.199951171875,25.02199935913086,80.70999908447266,84.94000244140625,2.1059999465942383,3.9835000038146973,653.75,691.5,28168.08984375,1871.005126953125,101.58999633789062,1.091226577758789,132.2989959716797,1308.050048828125,1.2423131465911865,6.877299785614014
2023-04-05,4090.3798828125,12967.2001953125,33482.71875,2495.2099609375,27813.259765625,,,4298.35986328125,100978.0,17557.05078125,2020.9000244140625,24.96299934387207,80.61000061035156,84.98999786376953,2.1549999713897705,3.997999906539917,652.75,682.0,28177.984375,1909.114013671875,101.8499984741211,1.0960105657577515,131.48500061035156,1312.4100341796875,1.249843716621399,6.878799915313721
2023-04-06,4105.02001953125,13062.599609375,33485.2890625,2459.22998046875,27472.630859375,3312.6298828125,20331.19921875,4309.4501953125,100822.0,17599.150390625,2011.9000244140625,25.024999618530273,80.69999694824219,85.12000274658203,2.010999917984009,4.026000022888184,643.5,675.5,28044.140625,1872.922607421875,101.81999969482422,1.090334177017212,130.9340057373047,1316.2099609375,1.2463078498840332,6.878499984741211
2023-04-07,,,,2490.409912109375,27518.310546875,3327.64990234375,,,,,,,,,,,,,27925.859375,1865.6361083984375,,1.0920130014419556,131.66900634765625,1317.93994140625,1.243900179862976,6.874899864196777
2023-04-08,,,,,,,,,,,,,,,,,,,27947.794921875,1849.4981689453125,,,,,,
2023-04-09,,,,,,,,,,,,,,,,,,,28333.05078125,1859.3878173828125,,,,,,
2023-04-10,4109.10986328125,13051.23046875,33586.51953125,2512.080078125,27633.66015625,3315.360107421875,,,101847.0,17624.05078125,1989.0999755859375,24.84600067138672,79.73999786376953,84.18000030517578,2.171999931335449,3.9865000247955322,654.0,678.5,29652.98046875,1911.20751953125,102.58000183105469,1.0913575887680054,132.0970001220703,1315.449951171875,1.2431625127792358,6.86929988861084
2023-04-11,4108.93994140625,12964.150390625,33684.7890625,2547.860107421875,27923.369140625,3313.570068359375,20485.240234375,4333.2900390625,106214.0,17722.30078125,2004.800048828125,25.131000518798828,81.52999877929688,85.61000061035156,2.186000108718872,4.024499893188477,651.0,674.0,30235.05859375,1892.189697265625,102.19999694824219,1.086932897567749,133.468994140625,1320.8800048828125,1.239218831062317,6.881100177764893
2023-04-12,4091.949951171875,12848.349609375,33646.5,2550.639892578125,28082.69921875,3327.179931640625,20309.859375,4334.02978515625,106890.0,17812.400390625,2010.9000244140625,25.40399932861328,83.26000213623047,87.33000183105469,2.0929999351501465,4.084499835968018,656.0,679.5,30139.052734375,1920.68212890625,101.5,1.0917507410049438,133.593994140625,1322.0899658203125,1.2431007623672485,6.885499954223633
2023-04-13,4146.22021484375,13109.3896484375,34029.69140625,2561.659912109375,28156.970703125,3318.360107421875,20344.48046875,4363.240234375,106458.0,17828.0,2041.300048828125,25.874000549316406,82.16000366210938,86.08999633789062,2.006999969482422,4.124000072479248,652.25,667.0,30399.06640625,2012.6346435546875,101.01000213623047,1.0999890565872192,133.0850067138672,1322.8299560546875,1.2492660284042358,6.873700141906738
2023-04-14,4137.64013671875,13079.51953125,33886.46875,2571.489990234375,28493.470703125,3338.14990234375,20438.810546875,4390.75,106279.0,,2002.199951171875,25.423999786376953,82.5199966430664,86.30999755859375,2.114000082015991,4.107500076293945,666.25,682.5,30485.69921875,2101.635498046875,101.55000305175781,1.1054610013961792,132.48699951171875,1301.4300537109375,1.2525300979614258,6.867800235748291
2023-04-15,,,,,,,,,,,,,,,,,,,30318.49609375,2092.466796875,,,,,,
2023-04-16,,,,,,,,,,,,,,,,,,,30315.35546875,2120.005859375,,,,,,
2023-04-17,4151.31982421875,13087.7099609375,33987.1796875,2575.909912109375,28514.779296875,3385.610107421875,20782.44921875,4367.60986328125,106016.0,17706.849609375,1994.199951171875,25.05299949645996,80.83000183105469,84.76000213623047,2.2750000953674316,4.065999984741211,676.5,696.5,29445.044921875,2076.242919921875,102.0999984741211,1.098659634590149,133.9709930419922,1303.3800048828125,1.2400178909301758,6.8703999519348145
2023-04-18,4154.8701171875,13091.7900390625,33976.62890625,2571.090087890625,28658.830078125,3393.330078125,20650.509765625,4393.9501953125,106163.0,17660.150390625,2007.4000244140625,25.24799919128418,80.86000061035156,84.7699966430664,2.365999937057495,4.0894999504089355,677.5,698.0,30397.552734375,2104.537353515625,101.75,1.0925379991531372,134.4250030517578,1316.0699462890625,1.2375471591949463,6.878799915313721
2023-04-19,4154.52001953125,13088.7099609375,33897.01171875,2575.080078125,28606.759765625,3370.1298828125,20367.759765625,4393.56982421875,103913.0,17618.75,1995.199951171875,25.365999221801758,79.16000366210938,83.12000274658203,2.2219998836517334,4.072000026702881,672.25,681.75,28822.6796875,1936.4034423828125,101.97000122070312,1.0975382328033447,134.04400634765625,1315.9000244140625,1.2425447702407837,6.874899864196777
2023-04-20,4129.7900390625,12985.98046875,33786.62109375,2563.110107421875,28657.5703125,3367.030029296875,20396.970703125,4384.85986328125,104367.0,17624.44921875,2007.5999755859375,25.368000030517578,77.29000091552734,81.0999984741211,2.249000072479248,4.021999835968018,663.75,667.75,28245.98828125,1943.09765625,101.83999633789062,1.095218300819397,134.70399475097656,1326.760009765625,1.2428845167160034,6.8850998878479
2023-04-21,4133.52001953125,13000.76953125,33808.9609375,2544.39990234375,28564.369140625,3301.260009765625,20075.73046875,4408.58984375,,17624.05078125,1979.5,25.05299949645996,77.87000274658203,81.66000366210938,2.2330000400543213,3.9800000190734863,663.25,661.75,27276.91015625,1849.9998779296875,101.81999969482422,1.0970927476882935,133.99600219726562,1323.5999755859375,1.2440905570983887,6.872099876403809
2023-04-22,,,,,,,,,,,,,,,,,,,27817.5,1874.2286376953125,,,,,,
2023-04-23,,,,,,,,,,,,,,,,,,,27591.384765625,1862.06201171875,,,,,,
2023-04-24,4137.0400390625,12969.759765625,33875.3984375,2523.5,28593.51953125,3275.409912109375,19959.939453125,4401.7998046875,103947.0,17743.400390625,1989.0999755859375,25.305999755859375,78.76000213623047,82.7300033569336,2.2730000019073486,3.953000068664551,651.25,643.5,27525.33984375,1842.7574462890625,101.3499984741211,1.0992271900177002,133.96099853515625,1329.3800048828125,1.2449734210968018,6.892499923706055
2023-04-25,4071.6298828125,12725.1103515625,33530.828125,2489.02001953125,28620.0703125,3264.8701171875,19617.880859375,4377.85009765625,103220.0,17769.25,1994.0,24.87700080871582,77.06999969482422,80.7699966430664,2.306999921798706,3.8459999561309814,646.5,638.75,28307.59765625,1866.753662109375,101.86000061035156,1.1059499979019165,134.08399963378906,1332.800048828125,1.25,6.894899845123291
2023-04-26,4055.989990234375,12806.48046875,33301.87109375,2484.830078125,28416.470703125,3264.10009765625,19757.26953125,4347.7099609375,102312.0,17813.599609375,1985.699951171875,24.871000289916992,74.30000305175781,77.69000244140625,2.117000102996826,3.8499999046325684,641.5,627.25,28422.701171875,1866.564208984375,101.47000122070312,1.0978394746780396,133.71099853515625,1341.0,1.2414803504943848,6.931600093841553
2023-04-27,4135.35009765625,13160.0302734375,33826.16015625,2495.81005859375,28457.6796875,3285.8798828125,19840.279296875,4358.0498046875,102923.0,17915.05078125,1989.9000244140625,24.982999801635742,74.76000213623047,78.37000274658203,2.3550000190734863,3.864500045776367,627.0,614.75,29473.787109375,1908.786376953125,101.5,1.1047282218933105,133.46499633789062,1337.8299560546875,1.2471472024917603,6.92579984664917
2023-04-28,4169.47998046875,13245.990234375,34098.16015625,2501.530029296875,28856.439453125,3323.27001953125,19894.5703125,4359.31005859375,104432.0,18065.0,1990.0999755859375,24.999000549316406,76.77999877929688,79.54000091552734,2.4100000858306885,3.869999885559082,636.0,619.75,29340.26171875,1892.5128173828125,101.66999816894531,1.1032048463821411,133.802001953125,1339.3900146484375,1.249750018119812,6.922299861907959
2023-04-29,,,,,,,,,,,,,,,,,,,29248.48828125,1908.9169921875,,,,,,
2023-04-30,,,,,,,,,,,,,,,,,,,29268.806640625,1876.92431640625,,,,,,
2023-05-01,4167.8701171875,13231.4697265625,34051.69921875,,29123.1796875,,,,,,1983.4000244140625,25.009000778198242,75.66000366210938,79.30999755859375,2.318000078201294,3.9170000553131104,639.5,603.75,28091.568359375,1831.954833984375,102.1500015258789,1.1010911464691162,136.38600158691406,1337.1700439453125,1.2557607889175415,6.911099910736084
2023-05-02,4119.580078125,13113.66015625,33684.53125,2524.389892578125,29157.94921875,,19933.810546875,4294.85009765625,101927.0,18147.650390625,2014.300048828125,25.40399932861328,71.66000366210938,75.31999969482422,2.2139999866485596,3.8480000495910645,638.0,595.5,28680.537109375,1870.789306640625,101.95999908447266,1.0969241857528687,137.52099609375,1342.7900390625,1.2485953569412231,6.910999774932861
2023-05-03,4090.75,13030.2099609375,33414.23828125,2501.39990234375,,,19699.16015625,4310.18017578125,101797.0,18089.849609375,2028.5999755859375,25.47599983215332,68.5999984741211,72.33000183105469,2.1700000762939453,3.8315000534057617,645.25,626.25,29006.30859375,1904.65185546875,101.33999633789062,1.1010911464691162,136.46600341796875,1342.300048828125,1.2476606369018555,6.910600185394287
2023-05-04,4061.219970703125,12982.48046875,33127.73828125,2500.93994140625,,3350.4599609375,19948.73046875,4287.02978515625,102174.0,18255.80078125,2048.0,26.03499984741211,68.55999755859375,72.5,2.1010000705718994,3.8499999046325684,646.5,631.5,28847.7109375,1877.7041015625,101.4000015258789,1.1068925857543945,134.54400634765625,1335.22998046875,1.256897211074829,6.910600185394287
2023-05-05,4136.25,13259.1298828125,33674.37890625,,,3334.5,20049.310546875,4340.43017578125,105148.0,18069.0,2017.4000244140625,25.743000030517578,71.33999633789062,75.30000305175781,2.13700008392334,3.871500015258789,653.25,647.0,29534.384765625,1995.0609130859375,101.20999908447266,1.102292776107788,134.1790008544922,1320.1500244140625,1.2583364248275757,6.905700206756592
2023-05-06,,,,,,,,,,,,,,,,,,,28904.623046875,1900.2218017578125,,,,,,
2023-05-07,,,,,,,,,,,,,,,,,,,28454.978515625,1873.076416015625,,,,,,
2023-05-08,4138.1201171875,13291.6396484375,33618.69140625,2513.2099609375,28949.880859375,3395.0,20297.029296875,4348.64990234375,106042.0,18264.400390625,2026.300048828125,25.63599967956543,73.16000366210938,77.01000213623047,2.23799991607666,3.9179999828338623,656.5,641.0,27694.2734375,1849.042724609375,101.37000274658203,1.10186767578125,135.19900512695312,1316.9599609375,1.2630568742752075,6.9095001220703125
2023-05-09,4119.169921875,13201.1103515625,33561.80859375,2510.06005859375,29242.8203125,3357.669921875,19867.580078125,4323.08984375,107114.0,18265.94921875,2036.199951171875,25.697999954223633,73.70999908447266,77.44000244140625,2.2669999599456787,3.8889999389648438,642.25,630.5,27658.775390625,1848.6031494140625,101.63999938964844,1.0996140241622925,135.072998046875,1322.4100341796875,1.2612725496292114,6.911499977111816
2023-05-10,4137.64013671875,13347.830078125,33531.328125,2496.510009765625,29122.1796875,3319.14990234375,19762.19921875,4306.759765625,107448.0,18315.099609375,2030.5,25.461000442504883,72.55999755859375,76.41000366210938,2.190999984741211,3.828000068664551,645.5,628.25,27621.755859375,1842.4014892578125,101.4800033569336,1.096467137336731,135.28799438476562,1326.050048828125,1.2624667882919312,6.919400215148926
2023-05-11,4130.6201171875,13389.7802734375,33309.51171875,2491.0,29126.720703125,3309.550048828125,19743.7890625,4309.75,108256.0,18297.0,2014.699951171875,24.2549991607666,70.87000274658203,74.9800033569336,2.190000057220459,3.697499990463257,632.5,614.25,27000.7890625,1796.4906005859375,102.05999755859375,1.098406195640564,134.08700561523438,1318.050048828125,1.2626996040344238,6.932199954986572
2023-05-12,4124.080078125,13340.1796875,33300.62109375,2475.419921875,29388.30078125,3272.360107421875,19627.240234375,4317.8798828125,108464.0,18314.80078125,2014.5,23.992000579833984,70.04000091552734,74.16999816894531,2.2660000324249268,3.7165000438690186,633.25,624.5,26804.990234375,1808.019775390625,102.68000030517578,1.0912145376205444,134.4980010986328,1329.8800048828125,1.2508130073547363,6.947700023651123
2023-05-13,,,,,,,,,,,,,,,,,,,26784.078125,1796.1148681640625,,,,,,
2023-05-14,,,,,,,,,,,,,,,,,,,26930.638671875,1800.5009765625,,,,,,
2023-05-15,4136.27978515625,13413.509765625,33348.6015625,2479.35009765625,29626.33984375,3310.739990234375,19971.130859375,4316.41015625,109029.0,18398.849609375,2018.0,24.12700080871582,71.11000061035156,75.2300033569336,2.375,3.737499952316284,592.5,660.75,27192.693359375,1817.5499267578125,102.43000030517578,1.0852696895599365,135.82200622558594,1341.52001953125,1.2450973987579346,6.957300186157227
2023-05-16,4109.89990234375,13426.009765625,33012.140625,2480.239990234375,29842.990234375,3290.989990234375,19978.25,4315.509765625,108194.0,18286.5,1988.4000244140625,23.73699951171875,70.86000061035156,74.91000366210938,2.375999927520752,3.6545000076293945,581.25,647.5,27036.650390625,1824.1214599609375,102.55999755859375,1.0873701572418213,136.0449981689453,1335.4000244140625,1.2525207996368408,6.951600074768066
2023-05-17,4158.77001953125,13589.259765625,33420.76953125,2494.659912109375,30093.58984375,3284.22998046875,19560.5703125,4323.22998046875,109460.0,18181.75,1980.699951171875,23.75200080871582,72.83000183105469,76.95999908447266,2.365000009536743,3.743000030517578,561.5,625.5,27398.802734375,1821.859619140625,102.87999725341797,1.0865668058395386,136.42999267578125,1342.4300537109375,1.2484394311904907,6.976600170135498
2023-05-18,4198.0498046875,13834.6201171875,33535.91015625,2515.39990234375,30573.9296875,3297.320068359375,19727.25,,110108.0,18129.94921875,1956.5,23.4950008392334,71.86000061035156,75.86000061035156,2.5920000076293945,3.68149995803833,555.25,611.75,26832.208984375,1801.728515625,103.58000183105469,1.0838346481323242,137.61399841308594,1334.1500244140625,1.2482805252075195,6.997099876403809
2023-05-19,4191.97998046875,13803.490234375,33426.62890625,2537.7900390625,30808.349609375,3283.5400390625,19450.5703125,4395.2998046875,110745.0,18203.400390625,1978.699951171875,23.920000076293945,71.55000305175781,75.58000183105469,2.5850000381469727,3.7225000858306885,554.5,605.0,26890.12890625,1812.5894775390625,103.19999694824219,1.0775396823883057,138.6199951171875,1334.739990234375,1.2412338256835938,7.035099983215332
2023-05-20,,,,,,,,,,,,,,,,,,,27129.5859375,1820.47802734375,,,,,,
2023-05-21,,,,,,,,,,,,,,,,,,,26753.826171875,1804.5313720703125,,,,,,
2023-05-22,4192.6298828125,13849.740234375,33286.578125,2557.080078125,31086.8203125,3296.469970703125,19678.169921875,4385.6298828125,110213.0,18314.400390625,1974.800048828125,23.71500015258789,71.98999786376953,75.98999786376953,2.4000000953674316,3.6740000247955322,571.0,606.25,26851.27734375,1817.5347900390625,103.19999694824219,1.0822745561599731,137.69200134277344,1324.2099609375,1.2461059093475342,7.006899833679199
2023-05-23,4145.580078125,13672.5400390625,33055.51171875,2567.550048828125,30957.76953125,3246.239990234375,19431.25,4342.3798828125,109929.0,18348.0,1972.4000244140625,23.474000930786133,72.91000366210938,76.83999633789062,2.321000099182129,3.6414999961853027,577.5,622.25,27225.7265625,1854.380615234375,103.48999786376953,1.0811045169830322,138.6719970703125,1313.8299560546875,1.243440866470337,7.030900001525879
2023-05-24,4115.240234375,13604.48046875,32799.921875,2567.449951171875,30682.6796875,3204.75,19115.9296875,4263.740234375,108800.0,18285.400390625,1962.800048828125,23.114999771118164,74.33999633789062,78.36000061035156,2.3980000019073486,3.553499937057495,587.25,606.25,26334.818359375,1800.0999755859375,103.88999938964844,1.076971173286438,138.59800720214844,1319.8399658203125,1.2417269945144653,7.056399822235107
2023-05-25,4151.27978515625,13938.5302734375,32764.650390625,2554.68994140625,30801.130859375,3201.260009765625,18746.919921875,4269.64013671875,110054.0,18321.150390625,1943.0999755859375,22.785999298095703,71.83000183105469,76.26000213623047,2.306999921798706,3.5804998874664307,590.75,604.25,26476.20703125,1805.9537353515625,104.20999908447266,1.0757315158843994,139.2830047607422,1318.52001953125,1.2371032238006592,7.059800148010254
2023-05-26,4205.4501953125,14298.41015625,33093.33984375,2558.81005859375,30916.310546875,3212.5,,4337.5,110906.0,18499.349609375,1944.0999755859375,23.239999771118164,72.66999816894531,76.94999694824219,2.180999994277954,3.6735000610351562,604.0,616.0,26719.291015625,1828.689697265625,104.20999908447266,1.0724436044692993,140.01699829101562,1330.8900146484375,1.2318304777145386,7.077400207519531
2023-05-27,,,,,,,,,,,,,,,,,,,26868.353515625,1831.1182861328125,,,,,,
2023-05-28,,,,,,,,,,,,,,,,,,,28085.646484375,1910.9141845703125,,,,,,
2023-05-29,,,,,31233.5390625,3221.449951171875,18551.109375,,110333.0,18598.650390625,,,,,,,,,27745.884765625,1893.078125,,1.0723055601119995,140.87100219726562,1322.4300537109375,1.2346898317337036,7.054800033569336
2023-05-30,4205.52001953125,14354.990234375,33042.78125,2585.52001953125,31328.16015625,3224.2099609375,18595.779296875,4291.580078125,108967.0,18633.849609375,1958.0,23.125,69.45999908447266,73.54000091552734,2.3269999027252197,3.6579999923706055,594.0,591.0,27702.349609375,1901.026611328125,104.16999816894531,1.0707669258117676,140.4409942626953,1324.5899658203125,1.234933853149414,7.072299957275391
2023-05-31,4179.830078125,14254.08984375,32908.26953125,2577.1201171875,30887.880859375,3204.56005859375,18234.26953125,4218.0400390625,108335.0,18534.400390625,1963.9000244140625,23.474000930786133,68.08999633789062,72.66000366210938,2.2660000324249268,3.63100004196167,594.0,594.25,27219.658203125,1874.1304931640625,104.31999969482422,1.073306918144226,139.79200744628906,1319.7900390625,1.241187572479248,7.078999996185303
2023-06-01,4221.02001953125,14441.509765625,33061.5703125,2569.169921875,31148.009765625,3204.6298828125,18216.91015625,4257.60986328125,110565.0,18487.75,1978.0,23.875,70.0999984741211,74.27999877929688,2.1579999923706055,3.7065000534057617,592.5,610.75,26819.97265625,1862.201416015625,103.55999755859375,1.0695186853408813,139.1269989013672,1321.739990234375,1.244694471359253,7.110799789428711
2023-06-02,4282.3701171875,14546.6396484375,33762.76171875,2601.360107421875,31524.220703125,3230.070068359375,18949.939453125,4323.52001953125,112558.0,18534.099609375,1952.4000244140625,23.64299964904785,71.73999786376953,76.12999725341797,2.171999931335449,3.7225000858306885,609.0,619.0,27249.58984375,1907.256591796875,104.0199966430664,1.0760787725448608,138.7480010986328,1312.8499755859375,1.2525991201400757,7.0929999351501465
2023-06-03,,,,,,,,,,,,,,,,,,,27075.12890625,1892.4124755859375,,,,,,
2023-06-04,,,,,,,,,,,,,,,,,,,27119.06640625,1890.5135498046875,,,,,,
2023-06-05,4273.7900390625,14556.5,33562.859375,2615.409912109375,32217.4296875,3232.43994140625,19108.5,4293.240234375,112696.0,18593.849609375,1958.0,23.534000396728516,72.1500015258789,76.70999908447266,2.244999885559082,3.762500047683716,597.5,624.0,25760.09765625,1811.828369140625,104.0,1.0698620080947876,140.20700073242188,1305.1400146484375,1.2430236339569092,7.083799839019775
2023-06-06,4283.85009765625,14558.08984375,33573.28125,,32506.779296875,3195.340087890625,19099.279296875,4295.22021484375,114610.0,18599.0,1965.5,23.573999404907227,71.73999786376953,76.29000091552734,2.26200008392334,3.7669999599456787,608.0,627.75,27238.783203125,1884.494873046875,104.12999725341797,1.0711798667907715,139.38299560546875,1299.7900390625,1.2433171272277832,7.105000019073486
2023-06-07,4267.52001953125,14303.2900390625,33665.01953125,2615.60009765625,31913.740234375,3197.760009765625,19252.0,4291.91015625,115488.0,18726.400390625,1942.699951171875,23.43899917602539,72.52999877929688,76.94999694824219,2.3289999961853027,3.754499912261963,604.25,616.75,26345.998046875,1832.39599609375,104.0999984741211,1.0698047876358032,139.52699279785156,1299.199951171875,1.2428536415100098,7.118800163269043
2023-06-08,4293.93017578125,14484.5400390625,33833.609375,2610.85009765625,31641.26953125,3213.590087890625,19299.1796875,4297.68017578125,,18634.55078125,1963.5999755859375,24.263999938964844,71.29000091552734,75.95999908447266,2.3519999980926514,3.7964999675750732,610.25,626.25,26508.216796875,1846.3018798828125,103.33999633789062,1.0707440376281738,139.8990020751953,1308.3399658203125,1.2445859909057617,7.128799915313721
2023-06-09,4298.85986328125,14528.3603515625,33876.78125,2641.159912109375,32265.169921875,3231.409912109375,19389.94921875,4289.7900390625,117019.0,18563.400390625,1962.199951171875,24.333999633789062,70.16999816894531,74.79000091552734,2.253999948501587,3.7890000343322754,604.25,630.25,26480.375,1840.2252197265625,103.55999755859375,1.078271746635437,138.86300659179688,1296.3299560546875,1.2559500932693481,7.111199855804443
2023-06-10,,,,,,,,,,,,,,,,,,,25851.240234375,1752.384765625,,,,,,
2023-06-11,,,,,,,,,,,,,,,,,,,25940.16796875,1753.415283203125,,,,,,
2023-06-12,4338.93017578125,14784.2998046875,34066.328125,2629.35009765625,32434.0,3228.830078125,19404.310546875,4316.490234375,117336.0,18601.5,1955.300048828125,23.985000610351562,67.12000274658203,71.83999633789062,2.2660000324249268,3.750499963760376,617.25,633.75,25902.5,1742.5286865234375,103.62999725341797,1.0750954151153564,139.37100219726562,1286.68994140625,1.25809907913208,7.127600193023682
2023-06-13,4369.009765625,14900.849609375,34212.12109375,2637.949951171875,33018.6484375,3233.669921875,19521.419921875,4347.5498046875,116743.0,18716.150390625,1944.5999755859375,23.756000518798828,69.41999816894531,74.29000091552734,2.3399999141693115,3.8285000324249268,612.5,636.25,25918.728515625,1739.03759765625,103.33999633789062,1.0762988328933716,139.4600067138672,1284.5799560546875,1.2515331506729126,7.144599914550781
2023-06-14,4372.58984375,15005.6904296875,33979.328125,2619.080078125,33502.421875,3228.989990234375,19408.419921875,4375.97998046875,119069.0,18755.900390625,1955.300048828125,24.04400062561035,68.2699966430664,73.19999694824219,2.3420000076293945,3.865999937057495,607.75,630.25,25124.67578125,1650.519287109375,103.01000213623047,1.078934907913208,140.177001953125,1267.6199951171875,1.2606843709945679,7.166500091552734
2023-06-15,4425.83984375,15185.48046875,34408.05859375,2608.5400390625,33485.48828125,3252.97998046875,19828.919921875,4365.1201171875,119221.0,18688.099609375,1957.800048828125,23.891000747680664,70.62000274658203,75.66999816894531,2.5329999923706055,3.8965001106262207,623.25,661.5,25576.39453125,1665.519775390625,102.12000274658203,1.084304690361023,139.9770050048828,1273.989990234375,1.26708984375,7.162600040435791
2023-06-16,4409.58984375,15083.919921875,34299.12109375,2625.7900390625,33706.078125,3273.330078125,20040.369140625,4394.81982421875,118758.0,18826.0,1958.4000244140625,24.076000213623047,71.77999877929688,76.61000061035156,2.631999969482422,3.884500026702881,640.25,688.0,26327.462890625,1716.6688232421875,102.30000305175781,1.0945948362350464,140.26800537109375,1270.050048828125,1.278576135635376,7.119900226593018
2023-06-17,,,,,,,,,,,,,,,,,,,26510.67578125,1727.2041015625,,,,,,
2023-06-18,,,,,,,,,,,,,,,,,,,26336.212890625,1720.5775146484375,,,,,,
2023-06-19,,,,2609.5,33370.421875,3255.81005859375,19912.890625,4362.3798828125,119858.0,18755.44921875,,,,,,,,,26851.029296875,1737.659423828125,,1.0942115783691406,141.86700439453125,1276.31005859375,1.2830382585525513,7.1255998611450195
2023-06-20,4388.7099609375,15070.150390625,34053.87109375,2604.909912109375,33388.91015625,3240.360107421875,19607.080078125,4343.14013671875,119622.0,18816.69921875,1935.5,23.19300079345703,70.5,75.9000015258789,2.492000102996826,3.878499984741211,643.75,695.75,28327.48828125,1792.1199951171875,102.54000091552734,1.0924304723739624,141.8990020751953,1283.239990234375,1.2794759273529053,7.160399913787842
2023-06-21,4365.68994140625,14867.4501953125,33951.51953125,2582.6298828125,33575.140625,3197.89990234375,19218.349609375,4322.75,120420.0,18856.849609375,1933.300048828125,22.77400016784668,72.52999877929688,77.12000274658203,2.5969998836517334,3.9110000133514404,671.0,734.5,30027.296875,1891.0072021484375,102.06999969482422,1.0920368432998657,141.3350067138672,1287.5400390625,1.276535987854004,7.180799961090088
2023-06-22,4381.89013671875,15042.3203125,33946.7109375,2593.699951171875,33264.87890625,,,4304.47021484375,118934.0,18771.25,1912.699951171875,22.43600082397461,69.51000213623047,74.13999938964844,2.6080000400543213,3.8884999752044678,660.5,739.0,29912.28125,1872.9429931640625,102.38999938964844,1.0992635488510132,141.68800354003906,1288.3800048828125,1.2772045135498047,7.178400039672852
2023-06-23,4348.330078125,14891.48046875,33727.4296875,2570.10009765625,32781.5390625,,18889.970703125,4271.60986328125,118977.0,18665.5,1919.0999755859375,22.327999114990234,69.16000366210938,73.8499984741211,2.7290000915527344,3.805999994277954,630.75,733.25,30695.46875,1892.862060546875,102.9000015258789,1.0958904027938843,143.02999877929688,1298.2099609375,1.2747135162353516,7.178500175476074
2023-06-24,,,,,,,,,,,,,,,,,,,30548.6953125,1876.0596923828125,,,,,,
2023-06-25,,,,,,,,,,,,,,,,,,,30480.26171875,1900.506103515625,,,,,,
2023-06-26,4328.81982421875,14689.01953125,33714.7109375,2582.199951171875,32698.810546875,3150.6201171875,18794.130859375,4280.56982421875,118243.0,18691.19921875,1923.699951171875,22.80500030517578,69.37000274658203,74.18000030517578,2.7909998893737793,3.7864999771118164,637.25,724.25,30271.130859375,1859.432861328125,102.69000244140625,1.0906671285629272,143.54100036621094,1307.6700439453125,1.2729610204696655,7.178500175476074
2023-06-27,4378.41015625,14945.91015625,33926.73828125,2581.389892578125,32538.330078125,3189.43994140625,19148.130859375,4305.259765625,117523.0,18817.400390625,1914.0,22.93899917602539,67.69999694824219,72.26000213623047,2.763000011444092,3.7815001010894775,623.0,685.0,30688.1640625,1889.703369140625,102.48999786376953,1.091048002243042,143.4600067138672,1302.6600341796875,1.2711971998214722,7.236499786376953
2023-06-28,4376.85986328125,14964.5703125,33852.66015625,2564.18994140625,33193.98828125,3189.3798828125,19172.05078125,4344.75,116681.0,18972.099609375,1912.300048828125,22.868000030517578,69.55999755859375,74.02999877929688,2.6029999256134033,3.7204999923706055,590.0,655.75,30086.24609375,1827.97119140625,102.91000366210938,1.0957223176956177,143.8820037841797,1296.5999755859375,1.2744698524475098,7.218699932098389
2023-06-29,4396.43994140625,14939.9501953125,34122.421875,2550.02001953125,33234.140625,3182.3798828125,18934.359375,4354.68994140625,118383.0,,1909.199951171875,22.590999603271484,69.86000061035156,74.33999633789062,2.7009999752044678,3.677500009536743,581.0,653.0,30445.3515625,1852.227294921875,103.33999633789062,1.0915838479995728,144.38900756835938,1309.010009765625,1.2642544507980347,7.2434000968933105
2023-06-30,4450.3798828125,15179.2099609375,34407.6015625,2564.280029296875,33189.0390625,3202.06005859375,18916.4296875,4399.08984375,118087.0,19189.05078125,1921.0999755859375,22.809999465942383,70.63999938964844,74.9000015258789,2.7980000972747803,3.740999937057495,554.5,636.25,30477.251953125,1933.18896484375,102.91000366210938,1.0868029594421387,144.77999877929688,1323.0699462890625,1.2614636421203613,7.251800060272217
2023-07-01,,,,,,,,,,,,,,,,,,,30590.078125,1924.56591796875,,,,,,
2023-07-02,,,,,,,,,,,,,,,,,,,30620.76953125,1937.4383544921875,,,,,,
2023-07-03,4455.58984375,15208.6904296875,34418.46875,2602.469970703125,33753.328125,3243.97998046875,19306.58984375,4398.14990234375,119673.0,19322.55078125,1921.699951171875,22.895999908447266,69.79000091552734,74.6500015258789,2.7090001106262207,3.7790000438690186,557.25,628.5,31156.439453125,1955.38916015625,102.98999786376953,1.0907504558563232,144.3979949951172,1315.300048828125,1.2693254947662354,7.242400169372559
2023-07-04,,,,2593.31005859375,33422.51953125,3245.35009765625,19415.6796875,4390.990234375,119076.0,19389.0,,,,,,,,,30777.58203125,1936.633544921875,,1.091309905052185,144.58399963378906,1306.0999755859375,1.269293189048767,7.239799976348877
2023-07-05,4446.81982421875,15203.7802734375,34288.640625,2579.0,33338.69921875,3222.949951171875,19110.380859375,4350.7099609375,119549.0,19398.5,1919.5999755859375,23.19700050354004,71.79000091552734,76.6500015258789,2.6570000648498535,3.753499984741211,548.25,662.0,30514.166015625,1910.5880126953125,103.37000274658203,1.0884946584701538,144.406005859375,1295.5,1.2717629671096802,7.213500022888184
2023-07-06,4411.58984375,15089.4501953125,33922.26171875,2556.2900390625,32773.01953125,3205.570068359375,18533.05078125,4223.08984375,117426.0,19497.30078125,1908.699951171875,22.68600082397461,71.80000305175781,76.5199966430664,2.6089999675750732,3.7200000286102295,566.75,647.0,29909.337890625,1848.636474609375,103.16999816894531,1.0856584310531616,144.48899841308594,1302.969970703125,1.2704542875289917,7.246399879455566
2023-07-07,4398.9501953125,15036.849609375,33734.87890625,2526.7099609375,32388.419921875,3196.610107421875,18365.69921875,4236.60009765625,118898.0,19331.80078125,1926.199951171875,23.091999053955078,73.86000061035156,78.47000122070312,2.5820000171661377,3.7669999599456787,560.5,639.5,30342.265625,1870.6025390625,102.2699966430664,1.0890636444091797,143.9510040283203,1309.219970703125,1.2742749452590942,7.249199867248535
2023-07-08,,,,,,,,,,,,,,,,,,,30292.541015625,1865.53955078125,,,,,,
2023-07-09,,,,,,,,,,,,,,,,,,,30171.234375,1863.009765625,,,,,,
2023-07-10,4409.52978515625,15045.6396484375,33944.3984375,2520.699951171875,32189.73046875,3203.699951171875,18479.720703125,4256.509765625,117942.0,19355.900390625,1925.0,23.150999069213867,72.98999786376953,77.69000244140625,2.6689999103546143,3.7715001106262207,570.75,636.25,30414.470703125,1880.556396484375,101.97000122070312,1.0969723463058472,142.20899963378906,1297.3699951171875,1.2838947772979736,7.211299896240234
2023-07-11,4439.259765625,15119.0595703125,34261.421875,2562.489990234375,32203.5703125,3221.3701171875,18659.830078125,4286.56005859375,117220.0,19439.400390625,1931.300048828125,23.086000442504883,74.83000183105469,79.4000015258789,2.7309999465942383,3.753499984741211,571.75,649.5,30620.951171875,1878.3360595703125,101.7300033569336,1.100594401359558,141.2969970703125,1299.5400390625,1.2864713668823242,7.230599880218506
2023-07-12,4472.16015625,15307.23046875,34347.4296875,2574.719970703125,31943.9296875,3196.1298828125,18860.94921875,4360.4599609375,117666.0,19384.30078125,1956.199951171875,24.118999481201172,75.75,80.11000061035156,2.631999969482422,3.8420000076293945,549.75,621.25,30391.646484375,1872.11376953125,100.5199966430664,1.101406455039978,140.1179962158203,1291.510009765625,1.2934770584106445,7.209199905395508
2023-07-13,4510.0400390625,15571.98046875,34395.140625,2591.22998046875,32419.330078125,3236.47998046875,19350.619140625,4391.759765625,119264.0,19413.75,1959.199951171875,24.76799964904785,76.88999938964844,81.36000061035156,2.5450000762939453,3.929500102996826,593.5,627.5,31476.048828125,2006.511474609375,99.7699966430664,1.1144545078277588,138.31500244140625,1274.699951171875,1.29962956905365,7.165299892425537
2023-07-14,4505.419921875,15565.599609375,34509.03125,2628.300048828125,32391.259765625,3237.699951171875,19413.779296875,4400.10986328125,117711.0,19564.5,1960.0999755859375,25.013999938964844,75.41999816894531,79.87000274658203,2.5390000343322754,3.921999931335449,599.75,641.5,30334.068359375,1939.3470458984375,99.91000366210938,1.1223469972610474,138.0749969482422,1266.8299560546875,1.3128528594970703,7.150000095367432
2023-07-15,,,,,,,,,,,,,,,,,,,30295.806640625,1931.466552734375,,,,,,
2023-07-16,,,,,,,,,,,,,,,,,,,30249.1328125,1923.681884765625,,,,,,
2023-07-17,4522.7900390625,15713.2802734375,34585.3515625,2619.0,,3209.6298828125,,4356.7900390625,118219.0,19711.44921875,1952.4000244140625,24.8439998626709,74.1500015258789,78.5,2.51200008392334,3.8320000171661377,499.25,653.75,30145.888671875,1911.6461181640625,99.83999633789062,1.1227755546569824,138.6820068359375,1268.3399658203125,1.3090204000473022,7.1402997970581055
2023-07-18,4554.97998046875,15841.349609375,34951.9296875,2607.6201171875,32493.890625,3197.820068359375,19015.720703125,4369.72998046875,117841.0,19749.25,1977.199951171875,25.083999633789062,75.75,79.62999725341797,2.628999948501587,3.815999984741211,528.75,670.75,29856.5625,1897.5992431640625,99.94000244140625,1.1237596273422241,138.72900390625,1265.449951171875,1.307172417640686,7.170599937438965
2023-07-19,4565.72021484375,15826.349609375,35061.2109375,2608.239990234375,32896.03125,3198.840087890625,18952.310546875,4362.27978515625,117552.0,19833.150390625,1977.5,25.2189998626709,75.3499984741211,79.45999908447266,2.6029999256134033,3.799499988555908,545.5,727.75,29913.923828125,1889.0079345703125,100.27999877929688,1.1228890419006348,139.02699279785156,1264.93994140625,1.303508996963501,7.179299831390381
2023-07-20,4534.8701171875,15466.08984375,35225.1796875,2600.22998046875,32490.51953125,3169.52001953125,18928.01953125,4373.72998046875,118083.0,19979.150390625,1968.300048828125,24.80500030517578,75.62999725341797,79.63999938964844,2.756999969482422,3.817500114440918,537.25,727.0,29792.015625,1890.9691162109375,100.87999725341797,1.120523452758789,139.59800720214844,1265.0899658203125,1.2939791679382324,7.225900173187256
2023-07-21,4536.33984375,15425.669921875,35227.69140625,2609.760009765625,32304.25,3167.75,19075.259765625,4391.41015625,120217.0,19745.0,1964.300048828125,24.697999954223633,77.06999969482422,81.06999969482422,2.7130000591278076,3.802999973297119,527.0,697.5,29908.744140625,1892.080078125,101.06999969482422,1.113709807395935,139.86399841308594,1278.4000244140625,1.2872332334518433,7.176499843597412
2023-07-22,,,,,,,,,,,,,,,,,,,29771.802734375,1864.912353515625,,,,,,
2023-07-23,,,,,,,,,,,,,,,,,,,30084.5390625,1889.191650390625,,,,,,
2023-07-24,4554.64013671875,15448.01953125,35411.23828125,2628.530029296875,32700.939453125,3164.159912109375,18668.150390625,4383.02978515625,121342.0,19672.349609375,1960.300048828125,24.43600082397461,78.73999786376953,82.73999786376953,2.684999942779541,3.8405001163482666,560.5,757.5,29176.916015625,1850.0020751953125,101.3499984741211,1.112532615661621,141.75,1285.6500244140625,1.2853471040725708,7.1778998374938965
2023-07-25,4567.4599609375,15561.419921875,35438.0703125,2636.4599609375,32682.509765625,3231.52001953125,19434.400390625,4391.2998046875,122008.0,19680.599609375,1962.0999755859375,24.68000030517578,79.62999725341797,83.63999938964844,2.7300000190734863,3.9019999504089355,557.5,760.25,29227.390625,1857.741943359375,101.3499984741211,1.1063170433044434,141.52200317382812,1280.530029296875,1.281262755393982,7.185299873352051
2023-07-26,4566.75,15499.259765625,35520.12109375,2592.360107421875,32668.33984375,3223.030029296875,19365.140625,4346.14990234375,122560.0,19778.30078125,1968.9000244140625,24.825000762939453,78.77999877929688,82.91999816894531,2.6649999618530273,3.890500068664551,540.25,720.0,29354.97265625,1872.159912109375,100.88999938964844,1.1050456762313843,140.91299438476562,1274.1199951171875,1.2893908023834229,7.13539981842041
2023-07-27,4537.41015625,15464.9296875,35282.71875,2603.81005859375,32891.16015625,3216.669921875,19639.109375,4447.43994140625,119990.0,19659.900390625,1945.4000244140625,24.236000061035156,80.08999633789062,84.23999786376953,2.492000102996826,3.8635001182556152,533.25,712.75,29210.689453125,1860.357177734375,101.7699966430664,1.1078368425369263,140.36700439453125,1275.1700439453125,1.292724609375,7.150000095367432
2023-07-28,4582.22998046875,15750.9296875,35459.2890625,2608.320068359375,32759.23046875,3275.929931640625,19916.560546875,4466.5,120187.0,19646.05078125,1960.4000244140625,24.3700008392334,80.58000183105469,84.98999786376953,2.638000011444092,3.9170000553131104,521.0,704.25,29319.24609375,1874.744873046875,101.62000274658203,1.0978755950927734,138.86399841308594,1283.8800048828125,1.2793776988983154,7.173099994659424
2023-07-29,,,,,,,,,,,,,,,,,,,29356.91796875,1881.06884765625,,,,,,
2023-07-30,,,,,,,,,,,,,,,,,,,29275.30859375,1861.643798828125,,,,,,
2023-07-31,4588.9599609375,15757.0,35559.53125,2632.580078125,33172.21875,3291.0400390625,20078.939453125,4471.31005859375,121943.0,19753.80078125,1970.5,24.854000091552734,81.80000305175781,85.55999755859375,2.634000062942505,3.994499921798706,504.0,665.75,29230.111328125,1856.162353515625,101.86000061035156,1.1024264097213745,140.75799560546875,1272.3900146484375,1.2853965759277344,7.102799892425537
2023-08-01,4576.72998046875,15718.009765625,35630.6796875,2667.070068359375,33476.578125,3290.948974609375,20011.119140625,,121248.0,19733.55078125,1940.699951171875,24.20800018310547,81.37000274658203,84.91000366210938,2.559999942779541,3.8935000896453857,497.0,652.25,29675.732421875,1871.7921142578125,102.30000305175781,1.0997591018676758,142.322998046875,1277.9300537109375,1.283400535583496,7.095699787139893
2023-08-02,4513.39013671875,15370.740234375,35282.51953125,2616.469970703125,32707.689453125,3261.68994140625,19517.380859375,4336.5,120859.0,19526.55078125,1937.4000244140625,23.753999710083008,79.48999786376953,83.19999694824219,2.4769999980926514,3.827500104904175,488.25,640.0,29151.958984375,1839.0897216796875,102.58999633789062,1.1007881164550781,142.97000122070312,1289.050048828125,1.2795741558074951,7.176499843597412
2023-08-03,4501.89013671875,15353.5400390625,35215.890625,2605.389892578125,32159.279296875,3280.462890625,19420.869140625,4304.6298828125,120586.0,19381.650390625,1932.0,23.586000442504883,81.55000305175781,85.13999938964844,2.565000057220459,3.875999927520752,480.75,627.0,29178.6796875,1835.136474609375,102.54000091552734,1.0944151878356934,143.343994140625,1295.3699951171875,1.2720379829406738,7.190400123596191
2023-08-04,4478.02978515625,15274.919921875,35065.62109375,2602.800048828125,32192.75,3288.083984375,19539.4609375,4332.91015625,119508.0,19517.0,1939.5999755859375,23.617000579833984,82.81999969482422,86.23999786376953,2.5769999027252197,3.8450000286102295,484.25,633.0,29074.091796875,1827.712890625,102.0199966430664,1.095158338546753,142.59800720214844,1296.4000244140625,1.2716336250305176,7.162799835205078
2023-08-05,,,,,,,,,,,,,,,,,,,29042.126953125,1834.9879150390625,,,,,,
2023-08-06,,,,,,,,,,,,,,,,,,,29041.85546875,1827.4620361328125,,,,,,
2023-08-07,4518.43994140625,15407.849609375,35473.12890625,2580.7099609375,32254.560546875,3268.8310546875,19537.919921875,4337.5,119380.0,19597.30078125,1933.5,23.142000198364258,81.94000244140625,85.33999633789062,2.7249999046325684,3.812999963760376,482.25,657.5,29180.578125,1826.9388427734375,102.05000305175781,1.1002674102783203,141.87600708007812,1303.050048828125,1.2747948169708252,7.131199836730957
2023-08-08,4499.3798828125,15273.0498046875,35314.48828125,2573.97998046875,32377.2890625,3260.6201171875,19184.169921875,4288.85009765625,119090.0,19570.849609375,1924.0999755859375,22.716999053955078,82.91999816894531,86.16999816894531,2.7769999504089355,3.747999906539917,485.75,656.25,29765.4921875,1855.807373046875,102.52999877929688,1.100315809249878,142.5240020751953,1307.75,1.2782002687454224,7.192299842834473
2023-08-09,4467.7099609375,15101.7099609375,35123.359375,2605.1201171875,32204.330078125,3244.489990234375,19246.029296875,4317.330078125,118409.0,19632.55078125,1915.4000244140625,22.649999618530273,84.4000015258789,87.55000305175781,2.9590001106262207,3.7674999237060547,481.0,635.0,29561.494140625,1854.297607421875,102.48999786376953,1.0958904027938843,143.2779998779297,1316.6700439453125,1.2741613388061523,7.215700149536133
2023-08-10,4468.830078125,15128.83984375,35176.1484375,2601.56005859375,32473.650390625,3254.56005859375,19248.259765625,4384.0400390625,118350.0,19543.099609375,1914.4000244140625,22.746000289916992,82.81999969482422,86.4000015258789,2.763000011444092,3.750999927520752,483.25,637.75,29429.591796875,1850.75341796875,102.5199966430664,1.0977671146392822,143.7270050048828,1313.6400146484375,1.2720056772232056,7.208600044250488
2023-08-11,4464.0498046875,15028.0703125,35281.3984375,2591.260009765625,,3189.25,19075.189453125,4321.330078125,118065.0,19428.30078125,1912.9000244140625,22.673999786376953,83.19000244140625,86.80999755859375,2.7699999809265137,3.7144999504089355,474.5,626.75,29397.71484375,1847.1243896484375,102.83999633789062,1.0981649160385132,144.85400390625,1318.3299560546875,1.2670094966888428,7.214700222015381
2023-08-12,,,,,,,,,,,,,,,,,,,29415.96484375,1848.889892578125,,,,,,
2023-08-13,,,,,,,,,,,,,,,,,,,29282.9140625,1839.2801513671875,,,,,,
2023-08-14,4489.72021484375,15205.58984375,35307.62890625,2570.8701171875,32059.91015625,3178.429931640625,18773.55078125,4330.22998046875,116810.0,19434.55078125,1910.5999755859375,22.643999099731445,82.51000213623047,86.20999908447266,2.7950000762939453,3.7244999408721924,475.75,616.0,29408.443359375,1844.185791015625,103.19000244140625,1.094439148902893,144.81700134277344,1329.6099853515625,1.2695027589797974,7.192299842834473
2023-08-15,4437.85986328125,15037.650390625,34946.390625,,32238.890625,3176.179931640625,18581.109375,4288.56982421875,116171.0,,1902.5,22.594999313354492,80.98999786376953,84.88999938964844,2.6589999198913574,3.6614999771118164,464.0,598.5,29170.34765625,1826.9327392578125,103.20999908447266,1.0909883975982666,145.43699645996094,1334.739990234375,1.2685203552246094,7.257299900054932
2023-08-16,4404.330078125,14876.4697265625,34765.73828125,2525.639892578125,31766.8203125,3150.1298828125,18329.30078125,4284.27001953125,115592.0,19465.0,1896.0999755859375,22.479999542236328,79.37999725341797,83.44999694824219,2.5920000076293945,3.6514999866485596,469.5,597.75,28701.779296875,1805.6590576171875,103.41999816894531,1.0904173851013184,145.60800170898438,1338.739990234375,1.2701315879821777,7.281499862670898
2023-08-17,4370.35986328125,14715.8095703125,34474.828125,2519.85009765625,31626.0,3163.739990234375,18326.630859375,4227.830078125,114982.0,19365.25,1884.0999755859375,22.670000076293945,80.38999938964844,84.12000274658203,2.621000051498413,3.685499906539917,473.0,589.5,26664.55078125,1684.9334716796875,103.44000244140625,1.0874884128570557,146.33299255371094,1343.3299560546875,1.2728151082992554,7.296999931335449
2023-08-18,4369.7099609375,14694.83984375,34500.66015625,2504.5,31450.759765625,3131.949951171875,17950.849609375,4212.9501953125,115409.0,19310.150390625,1886.0999755859375,22.69499969482422,81.25,84.80000305175781,2.5510001182556152,3.6989998817443848,479.5,613.25,26049.556640625,1660.945068359375,103.37999725341797,1.0874648094177246,145.71400451660156,1339.0799560546875,1.275022268295288,7.280399799346924
2023-08-19,,,,,,,,,,,,,,,,,,,26096.205078125,1669.471923828125,,,,,,
2023-08-20,,,,,,,,,,,,,,,,,,,26189.583984375,1684.85205078125,,,,,,
2023-08-21,4399.77001953125,14936.6904296875,34463.69140625,2508.800048828125,31565.640625,3092.97998046875,17623.2890625,4224.8701171875,114429.0,19393.599609375,1893.300048828125,23.304000854492188,80.72000122070312,84.45999908447266,2.631999969482422,3.7119998931884766,469.25,599.25,26124.140625,1667.26904296875,103.33000183105469,1.087559461593628,145.30499267578125,1339.1700439453125,1.2741937637329102,7.280700206756592
2023-08-22,4387.5498046875,14908.9599609375,34288.828125,2515.739990234375,31856.7109375,3120.330078125,17791.009765625,4260.3701171875,116156.0,19396.44921875,1896.4000244140625,23.420000076293945,80.3499984741211,84.02999877929688,2.559999942779541,3.750499963760376,466.5,601.75,26031.65625,1633.892578125,103.55999755859375,1.0898351669311523,146.23800659179688,1339.739990234375,1.2760798931121826,7.197999954223633
2023-08-23,4436.009765625,15148.0595703125,34472.98046875,2505.5,32010.259765625,3078.39990234375,17845.919921875,4266.669921875,118135.0,19444.0,1918.5,24.363000869750977,78.88999938964844,83.20999908447266,2.496999979019165,3.803499937057495,476.25,612.5,26431.640625,1679.2744140625,103.36000061035156,1.0846692323684692,145.76300048828125,1339.68994140625,1.2731555700302124,7.292399883270264
2023-08-24,4376.31005859375,14816.4404296875,34099.421875,2537.679931640625,32287.2109375,3082.239990234375,18212.169921875,4232.22021484375,117026.0,19386.69921875,1918.199951171875,24.211000442504883,79.05000305175781,83.36000061035156,2.5190000534057617,3.7674999237060547,472.25,604.0,26162.373046875,1659.944580078125,103.9800033569336,1.086578607559204,144.67300415039062,1327.780029296875,1.2720541954040527,7.170499801635742
2023-08-25,4405.7099609375,14941.830078125,34346.8984375,2519.139892578125,31624.279296875,3064.070068359375,18119.390625,4236.25,115837.0,19265.80078125,1911.0999755859375,24.219999313354492,79.83000183105469,84.4800033569336,2.5399999618530273,3.759999990463257,470.75,593.25,26047.66796875,1652.93505859375,104.08000183105469,1.07991361618042,146.06700134277344,1326.6199951171875,1.2592872381210327,7.276500225067139
2023-08-26,,,,,,,,,,,,,,,,,,,26008.462890625,1646.3067626953125,,,,,,
2023-08-27,,,,,,,,,,,,,,,,,,,26089.693359375,1657.5130615234375,,,,,,
2023-08-28,4433.31005859375,15052.4599609375,34559.98046875,2543.409912109375,32169.990234375,3098.639892578125,18130.740234375,4293.68994140625,117121.0,19306.05078125,1917.9000244140625,24.238000869750977,80.0999984741211,84.41999816894531,2.5789999961853027,3.753999948501587,478.5,588.0,26106.150390625,1652.4573974609375,104.05999755859375,1.0797386169433594,146.531005859375,1323.6099853515625,1.2589701414108276,7.289000034332275
2023-08-29,4497.6298828125,15376.5498046875,34852.671875,2552.159912109375,32226.970703125,3135.889892578125,18484.029296875,4326.47021484375,118404.0,19342.650390625,1936.5,24.777000427246094,81.16000366210938,85.48999786376953,2.555999994277954,3.7929999828338623,469.5,569.75,27727.392578125,1729.7257080078125,103.55000305175781,1.0825556516647339,146.46400451660156,1322.8199462890625,1.2611136436462402,7.289100170135498
2023-08-30,4514.8701171875,15462.4296875,34890.23828125,2561.219970703125,32333.4609375,3137.139892578125,18482.859375,4315.31005859375,117535.0,19347.44921875,1944.300048828125,24.733999252319336,81.62999725341797,85.86000061035156,2.7960000038146973,3.7850000858306885,461.75,576.75,27297.265625,1705.1121826171875,103.16000366210938,1.0869210958480835,145.98800659179688,1321.0699462890625,1.2636793851852417,7.279399871826172
2023-08-31,4507.66015625,15501.0703125,34721.91015625,2556.27001953125,32619.33984375,3119.8798828125,18382.060546875,4297.10986328125,115742.0,19253.80078125,1938.199951171875,24.472000122070312,83.62999725341797,86.86000061035156,2.7679998874664307,3.7725000381469727,461.0,573.0,25931.47265625,1645.63916015625,103.62000274658203,1.0932546854019165,146.0989990234375,1323.030029296875,1.271179437637329,7.283599853515625
2023-09-01,4515.77001953125,15490.8603515625,34837.7109375,2563.7099609375,32710.619140625,3133.25,,4282.64013671875,117893.0,19435.30078125,1939.800048828125,24.23200035095215,85.55000305175781,88.55000305175781,2.765000104904175,3.8125,464.75,567.5,25800.724609375,1628.4912109375,104.23999786376953,1.0844104290008545,145.47300720214844,1324.6400146484375,1.2672826051712036,7.256899833679199
2023-09-02,,,,,,,,,,,,,,,,,,,25868.798828125,1637.025390625,,,,,,
2023-09-03,,,,,,,,,,,,,,,,,,,25969.56640625,1636.11767578125,,,,,,
2023-09-04,,,,2584.550048828125,32939.1796875,3177.06005859375,18844.16015625,4279.8701171875,117777.0,19528.80078125,,,,,,,,,25812.416015625,1629.6552734375,,1.07758629322052,146.0570068359375,1317.4599609375,1.2591445446014404,7.140100002288818
2023-09-05,4496.830078125,15508.240234375,34641.96875,2582.179931640625,33036.76171875,3154.3701171875,18456.91015625,4269.16015625,117331.0,19574.900390625,1926.199951171875,23.558000564575195,86.69000244140625,90.04000091552734,2.5820000171661377,3.811000108718872,471.0,572.5,25779.982421875,1633.62939453125,104.80999755859375,1.0794472694396973,146.54299926757812,1317.949951171875,1.2623074054718018,7.271900177001953
2023-09-06,4465.47998046875,15371.4404296875,34443.19140625,2563.340087890625,33241.01953125,3158.080078125,18449.98046875,4238.259765625,115985.0,19611.05078125,1918.0999755859375,23.20599937438965,87.54000091552734,90.5999984741211,2.509999990463257,3.748500108718872,471.5,581.0,25753.236328125,1632.2523193359375,104.86000061035156,1.0726161003112793,147.4709930419922,1331.72998046875,1.2570552825927734,7.303400039672852
2023-09-07,4451.14013671875,15258.51953125,34500.73046875,2548.260009765625,32991.078125,3122.35009765625,18202.0703125,4221.02001953125,,19727.05078125,1917.5,22.950000762939453,86.87000274658203,89.91999816894531,2.5789999961853027,3.7260000705718994,470.75,571.5,26240.1953125,1647.5982666015625,105.05999755859375,1.0724204778671265,147.70899963378906,1333.4599609375,1.2498750686645508,7.315899848937988
2023-09-08,4457.490234375,15280.23046875,34576.58984375,2547.679931640625,32606.83984375,3116.719970703125,,4237.18994140625,115313.0,19819.94921875,1918.4000244140625,22.892000198364258,87.51000213623047,90.6500015258789,2.6050000190734863,3.680500030517578,468.5,567.25,25905.654296875,1636.1378173828125,105.08999633789062,1.0697818994522095,147.33099365234375,1334.02001953125,1.2475050687789917,7.3277997970581055
2023-09-09,,,,,,,,,,,,,,,,,,,25895.677734375,1635.162353515625,,,,,,
2023-09-10,,,,,,,,,,,,,,,,,,,25832.2265625,1616.828857421875,,,,,,
2023-09-11,4487.4599609375,15461.8701171875,34663.71875,2556.8798828125,32467.759765625,3142.780029296875,18096.44921875,4254.330078125,116883.0,19996.349609375,1923.300048828125,23.10300064086914,87.29000091552734,90.63999938964844,2.6080000400543213,3.7699999809265137,471.25,556.0,25162.654296875,1551.6376953125,104.56999969482422,1.071811318397522,147.11300659179688,1335.3199462890625,1.2489992380142212,7.232399940490723
2023-09-12,4461.89990234375,15289.740234375,34645.98828125,2536.580078125,32776.37109375,3137.06005859375,18025.890625,4242.27001953125,117968.0,19993.19921875,1911.300048828125,23.12700080871582,88.83999633789062,92.05999755859375,2.743000030517578,3.752000093460083,463.25,560.25,25833.34375,1592.429443359375,104.70999908447266,1.0750375986099243,146.67799377441406,1320.43994140625,1.2508755922317505,7.288000106811523
2023-09-13,4467.43994140625,15348.5302734375,34575.53125,2534.699951171875,32706.51953125,3123.070068359375,18009.220703125,4223.47998046875,118176.0,20070.0,1909.0999755859375,22.91200065612793,88.5199966430664,91.87999725341797,2.680000066757202,3.75600004196167,464.0,569.0,26228.32421875,1607.988525390625,104.7699966430664,1.075326681137085,147.1580047607422,1324.0999755859375,1.2491724491119385,7.290900230407715
2023-09-14,4505.10009765625,15473.8896484375,34907.109375,2572.889892578125,33168.1015625,3126.550048828125,18047.919921875,4279.75,119392.0,20103.099609375,1910.0,22.74799919128418,90.16000366210938,93.69999694824219,2.7079999446868896,3.7825000286102295,462.5,567.5,26539.673828125,1626.974365234375,105.41000366210938,1.0734220743179321,147.3459930419922,1329.77001953125,1.248953938484192,7.268799781799316
2023-09-15,4450.31982421875,15202.400390625,34618.23828125,2601.280029296875,33533.08984375,3117.739990234375,18182.890625,4295.0498046875,118758.0,20192.349609375,1923.699951171875,23.125999450683594,90.7699966430664,93.93000030517578,2.6440000534057617,3.7634999752044678,476.25,604.25,26608.693359375,1641.640380859375,105.31999969482422,1.0637166500091553,147.48199462890625,1327.06005859375,1.2401869297027588,7.275899887084961
2023-09-16,,,,,,,,,,,,,,,,,,,26568.28125,1635.2216796875,,,,,,
2023-09-17,,,,,,,,,,,,,,,,,,,26534.1875,1622.896728515625,,,,,,
2023-09-18,4453.52978515625,15225.3701171875,34624.30078125,2574.719970703125,,3125.929931640625,17930.55078125,4245.8798828125,118288.0,20133.30078125,1931.5,23.23200035095215,91.4800033569336,94.43000030517578,2.7279999256134033,3.741499900817871,471.5,591.25,26754.28125,1637.3470458984375,105.19999694824219,1.0668259859085083,147.8679962158203,1328.4200439453125,1.2397565841674805,7.273900032043457
2023-09-19,4443.9501953125,15191.23046875,34517.73046875,2559.2099609375,33242.58984375,3124.9599609375,17997.169921875,4242.7001953125,117846.0,,1932.0,23.194000244140625,91.19999694824219,94.33999633789062,2.8480000495910645,3.7139999866485596,476.25,584.0,27211.1171875,1643.544677734375,105.19999694824219,1.0692671537399292,147.60499572753906,1329.6600341796875,1.2383747100830078,7.290599822998047
2023-09-20,4402.2001953125,14969.919921875,34440.87890625,2559.739990234375,33023.78125,3108.568115234375,17885.599609375,4275.97998046875,118695.0,19901.400390625,1945.5999755859375,23.57900047302246,90.27999877929688,93.52999877929688,2.7330000400543213,3.746500015258789,482.25,588.75,27132.0078125,1622.890625,105.16000366210938,1.0682048797607422,147.74200439453125,1328.530029296875,1.2393569946289062,7.295599937438965
2023-09-21,4330.0,14694.240234375,34070.421875,2514.969970703125,32571.029296875,3084.700927734375,17655.41015625,4212.58984375,116145.0,19742.349609375,1919.199951171875,23.444000244140625,89.62999725341797,93.30000305175781,2.609999895095825,3.6665000915527344,475.25,575.75,26567.6328125,1584.3070068359375,105.36000061035156,1.065303087234497,148.3209991455078,1332.3399658203125,1.2328935861587524,7.285999774932861
2023-09-22,4320.06005859375,14701.099609375,33963.83984375,2508.1298828125,32402.41015625,3132.431884765625,18057.44921875,4207.16015625,116009.0,19674.25,1925.4000244140625,23.59600067138672,90.02999877929688,93.2699966430664,2.63700008392334,3.6654999256134033,477.25,579.5,26579.568359375,1593.268310546875,105.58000183105469,1.0661548376083374,147.6439971923828,1341.1700439453125,1.2294225692749023,7.30649995803833
2023-09-23,,,,,,,,,,,,,,,,,,,26579.390625,1593.8577880859375,,,,,,
2023-09-24,,,,,,,,,,,,,,,,,,,26256.826171875,1580.8533935546875,,,,,,
2023-09-25,4337.43994140625,14768.900390625,34006.87890625,2495.760009765625,32678.619140625,3115.60693359375,17729.2890625,4167.3701171875,115925.0,19674.55078125,1916.5999755859375,23.145000457763672,89.68000030517578,93.29000091552734,2.6389999389648438,3.6494998931884766,481.25,589.0,26298.48046875,1588.3228759765625,106.0,1.0648492574691772,148.4340057373047,1334.6600341796875,1.2241849899291992,7.297500133514404
2023-09-26,4273.52978515625,14545.830078125,33618.87890625,2462.969970703125,32315.05078125,3102.27294921875,17466.900390625,4129.18017578125,114193.0,19664.69921875,1900.4000244140625,22.950000762939453,90.38999938964844,93.95999908447266,2.6559998989105225,3.625,479.75,589.0,26217.25,1593.417236328125,106.2300033569336,1.0591648817062378,148.81100463867188,1338.449951171875,1.2213143110275269,7.309899806976318
2023-09-27,4274.509765625,14580.16015625,33550.26953125,2465.070068359375,32371.900390625,3107.31591796875,17611.869140625,4131.68017578125,114327.0,19716.44921875,1871.5999755859375,22.476999282836914,93.68000030517578,96.55000305175781,2.7639999389648438,3.627000093460083,483.25,579.5,26352.716796875,1597.4912109375,106.66999816894531,1.0569483041763306,149.0449981689453,1353.75,1.2146830558776855,7.310699939727783
2023-09-28,4299.7001953125,14702.76953125,33666.33984375,,31872.51953125,3110.47509765625,17373.029296875,4161.56005859375,115731.0,19523.55078125,1860.4000244140625,22.514999389648438,91.70999908447266,95.37999725341797,2.944999933242798,3.694499969482422,488.5,578.75,27021.546875,1652.8826904296875,106.22000122070312,1.0505305528640747,149.4980010986328,1352.8199462890625,1.2135332822799683,7.30810022354126
2023-09-29,4288.0498046875,14715.240234375,33507.5,,31857.619140625,,17809.66015625,4174.66015625,116565.0,19638.30078125,1848.0999755859375,22.236000061035156,90.79000091552734,95.30999755859375,2.928999900817871,3.7260000705718994,476.75,541.5,26911.720703125,1667.94384765625,106.16999816894531,1.0562450885772705,149.33700561523438,1347.8499755859375,1.2204796075820923,7.299900054931641
2023-09-30,,,,,,,,,,,,,,,,,,,26967.916015625,1671.161865234375,,,,,,
2023-10-01,,,,,,,,,,,,,,,,,,,27983.75,1733.8104248046875,,,,,,
2023-10-02,4288.39013671875,14837.5703125,33433.3515625,,31759.880859375,,,4137.6298828125,115057.0,,1830.0,21.218000411987305,88.81999969482422,90.70999908447266,2.8399999141693115,3.631999969482422,488.75,564.75,27530.78515625,1663.6275634765625,106.9000015258789,1.0565240383148193,149.5399932861328,1351.93994140625,1.2193039655685425,7.163599967956543
2023-10-03,4229.4501953125,14565.6201171875,33002.37890625,,31237.939453125,,17331.220703125,4095.590087890625,113419.0,19528.75,1824.5999755859375,21.17799949645996,89.2300033569336,90.91999816894531,2.9489998817443848,3.615499973297119,487.5,568.5,27429.978515625,1656.6856689453125,107.0,1.0480751991271973,149.8509979248047,1354.18994140625,1.209116816520691,7.179900169372559
2023-10-04,4263.75,14776.25,33129.55078125,2405.68994140625,30526.880859375,,17195.83984375,4099.85009765625,113607.0,19436.099609375,1818.5,20.95599937438965,84.22000122070312,85.80999755859375,2.9619998931884766,3.5840001106262207,486.0,560.0,27799.39453125,1647.838134765625,106.80000305175781,1.0472300052642822,149.19200134277344,1359.219970703125,1.2078461647033691,7.194300174713135
2023-10-05,4258.18994140625,14723.2197265625,33119.5703125,2403.60009765625,31075.359375,,17213.869140625,4099.81005859375,113284.0,19545.75,1816.5999755859375,20.847999572753906,82.30999755859375,84.06999969482422,3.1659998893737793,3.546999931335449,497.5,578.25,27415.912109375,1611.4764404296875,106.33000183105469,1.0507071018218994,148.96600341796875,1351.1600341796875,1.2137395143508911,7.200300216674805
2023-10-06,4308.5,14973.240234375,33407.578125,2408.72998046875,30994.669921875,,17485.98046875,4144.43017578125,114170.0,19653.5,1830.199951171875,21.540000915527344,82.79000091552734,84.58000183105469,3.3380000591278076,3.624500036239624,492.0,568.25,27946.59765625,1645.83154296875,106.04000091552734,1.0546631813049316,148.46299743652344,1346.06005859375,1.2187690734863281,7.197700023651123
2023-10-07,,,,,,,,,,,,,,,,,,,27968.83984375,1634.51123046875,,,,,,
2023-10-08,,,,,,,,,,,,,,,,,,,27935.08984375,1633.548583984375,,,,,,
2023-10-09,4335.66015625,15047.150390625,33604.6484375,,,3096.922119140625,17517.400390625,4112.56982421875,115156.0,19512.349609375,1849.5,21.740999221801758,86.37999725341797,88.1500015258789,3.375999927520752,3.6424999237060547,488.25,572.75,27583.677734375,1579.806640625,106.08000183105469,1.056747317314148,149.16000366210938,1343.3599853515625,1.222090482711792,7.30049991607666
2023-10-10,4358.240234375,15131.51953125,33739.30078125,2402.580078125,31746.529296875,3075.239990234375,17664.73046875,4205.22998046875,116737.0,19689.849609375,1861.0,21.775999069213867,85.97000122070312,87.6500015258789,3.381999969482422,3.631999969482422,485.5,558.5,27391.01953125,1567.7130126953125,105.83000183105469,1.0578875541687012,148.32699584960938,1346.8900146484375,1.2250398397445679,7.29040002822876
2023-10-11,4376.9501953125,15241.1201171875,33804.87109375,2450.080078125,31936.509765625,3078.9560546875,17893.099609375,4200.7998046875,117051.0,19811.349609375,1872.800048828125,21.957000732421875,83.48999786376953,85.81999969482422,3.377000093460083,3.614000082015991,488.0,556.0,26873.3203125,1566.2547607421875,105.81999969482422,1.0604791641235352,148.6280059814453,1341.8900146484375,1.229135513305664,7.295000076293945
2023-10-12,4349.60986328125,15184.099609375,33631.140625,2479.820068359375,32494.66015625,3107.90087890625,18238.2109375,4198.22998046875,,19794.0,1869.300048828125,21.79199981689453,82.91000366210938,86.0,3.3440001010894775,3.5940001010894775,496.0,571.5,26756.798828125,1539.6124267578125,106.56999969482422,1.0624282360076904,149.03599548339844,1338.260009765625,1.2316333055496216,7.298699855804443
2023-10-13,4327.77978515625,14995.1201171875,33670.2890625,2456.14990234375,32315.990234375,3088.10009765625,17813.44921875,4136.1201171875,115754.0,19751.05078125,1927.4000244140625,22.726999282836914,87.69000244140625,90.88999938964844,3.2360000610351562,3.5799999237060547,493.25,579.75,26862.375,1552.0894775390625,106.6500015258789,1.0536741018295288,149.7899932861328,1348.3399658203125,1.2183235883712769,7.301499843597412
2023-10-14,,,,,,,,,,,,,,,,,,,26861.70703125,1555.2568359375,,,,,,
2023-10-15,,,,,,,,,,,,,,,,,,,27159.65234375,1558.06982421875,,,,,,
2023-10-16,4373.6298828125,15172.73046875,33984.5390625,2436.239990234375,31659.029296875,3073.81298828125,17640.359375,4149.85986328125,116534.0,19731.75,1921.0999755859375,22.610000610351562,86.66000366210938,89.6500015258789,3.1089999675750732,3.5869998931884766,490.0,577.25,28519.466796875,1600.5343017578125,106.23999786376953,1.0521553754806519,149.5659942626953,1352.0699462890625,1.215376853942871,7.168099880218506
2023-10-17,4373.2001953125,15122.009765625,33997.6484375,2460.169921875,32040.2890625,3083.5,17773.33984375,4152.31982421875,115908.0,19811.5,1922.699951171875,22.863000869750977,86.66000366210938,89.9000015258789,3.0789999961853027,3.575500011444092,489.0,570.5,28415.748046875,1565.4395751953125,106.25,1.0554312467575073,149.5780029296875,1347.760009765625,1.2211503982543945,7.309299945831299
2023-10-18,4314.60009765625,14909.259765625,33665.078125,2462.60009765625,32042.25,3058.7099609375,17732.51953125,4105.85986328125,114060.0,19671.099609375,1955.300048828125,22.944000244140625,88.31999969482422,91.5,3.055999994277954,3.5820000171661377,492.0,580.25,28328.341796875,1563.7498779296875,106.56999969482422,1.057305932044983,149.75900268554688,1352.989990234375,1.2178784608840942,7.311699867248535
2023-10-19,4278.0,14783.1298828125,33414.171875,2415.800048828125,31430.619140625,3005.39306640625,17295.890625,4090.330078125,114004.0,19624.69921875,1968.4000244140625,22.886999130249023,89.37000274658203,92.37999725341797,2.9570000171661377,3.5915000438690186,505.0,594.0,28719.806640625,1567.45703125,106.25,1.053851842880249,149.74200439453125,1354.56005859375,1.214343786239624,7.313499927520752
2023-10-20,4224.16015625,14560.8798828125,33127.28125,2375.0,31259.359375,2983.06005859375,17172.130859375,4024.679931640625,113155.0,19542.650390625,1982.5,23.35099983215332,88.75,92.16000366210938,2.8989999294281006,3.5420000553131104,495.5,586.0,29682.94921875,1604.6668701171875,106.16000366210938,1.0586491823196411,149.802001953125,1356.22998046875,1.2137248516082764,7.311200141906738
2023-10-21,,,,,,,,,,,,,,,,,,,29918.412109375,1629.304443359375,,,,,,
2023-10-22,,,,,,,,,,,,,,,,,,,29993.896484375,1663.429931640625,,,,,,
2023-10-23,4217.0400390625,14604.849609375,32936.41015625,2357.02001953125,30999.55078125,2939.291015625,,4041.75,112785.0,19281.75,1976.300048828125,23.07200050354004,85.48999786376953,89.83000183105469,2.9260001182556152,3.572999954223633,490.25,587.25,33086.234375,1765.3826904296875,105.54000091552734,1.0589966773986816,149.8800048828125,1349.3399658203125,1.2163970470428467,7.315400123596191
2023-10-24,4247.68017578125,14745.8603515625,33141.37890625,2383.510009765625,31062.349609375,2962.243896484375,16991.529296875,4065.3701171875,113762.0,,1975.0,22.979999542236328,83.73999786376953,88.06999969482422,2.9709999561309814,3.609999895095825,484.0,580.5,33901.52734375,1784.4375,106.2699966430664,1.0669853687286377,149.7689971923828,1334.43994140625,1.2250248193740845,7.3140997886657715
2023-10-25,4186.77001953125,14381.6396484375,33035.9296875,2363.169921875,31269.919921875,2974.114013671875,17085.330078125,4073.35009765625,112830.0,19122.150390625,1984.0999755859375,22.87700080871582,85.38999938964844,90.12999725341797,3.009999990463257,3.572000026702881,480.0,568.5,34502.8203125,1787.3975830078125,106.52999877929688,1.059535264968872,149.85400390625,1343.6400146484375,1.216189980506897,7.309000015258789
2023-10-26,4137.22998046875,14109.5703125,32784.30078125,2299.080078125,30601.779296875,2988.299072265625,17044.609375,4049.39990234375,114777.0,18857.25,1987.199951171875,22.78700065612793,83.20999908447266,87.93000030517578,3.2139999866485596,3.56850004196167,479.25,579.5,34156.6484375,1804.039306640625,106.5999984741211,1.056725025177002,150.09800720214844,1352.6800537109375,1.210345983505249,7.315700054168701
2023-10-27,4117.3701171875,14180.419921875,32417.58984375,2302.81005859375,30991.689453125,3017.783935546875,17398.73046875,4014.360107421875,113301.0,19047.25,1988.5999755859375,22.770000457763672,85.54000091552734,90.4800033569336,3.1640000343322754,3.634000062942505,480.75,575.5,33909.80078125,1780.0452880859375,106.55999755859375,1.0564459562301636,150.36599731445312,1350.3399658203125,1.213710069656372,7.314899921417236
2023-10-28,,,,,,,,,,,,,,,,,,,34089.57421875,1776.6181640625,,,,,,
2023-10-29,,,,,,,,,,,,,,,,,,,34538.48046875,1795.5460205078125,,,,,,
2023-10-30,4166.81982421875,14335.509765625,32928.9609375,2310.550048828125,30696.9609375,3021.552978515625,17406.359375,4028.320068359375,112532.0,19140.900390625,1996.199951171875,23.281999588012695,82.30999755859375,87.44999694824219,3.3519999980926514,3.6494998931884766,478.25,566.0,34502.36328125,1810.088623046875,106.12000274658203,1.0562450885772705,149.73300170898438,1355.219970703125,1.2113723754882812,7.158699989318848
2023-10-31,4193.7998046875,14409.7802734375,33052.87109375,2277.989990234375,30858.849609375,3018.77099609375,17112.48046875,4061.1201171875,113144.0,19079.599609375,1985.199951171875,22.840999603271484,81.0199966430664,87.41000366210938,3.575000047683716,3.6414999961853027,478.75,556.25,34667.78125,1816.458984375,106.66000366210938,1.061503529548645,149.11099243164062,1348.0699462890625,1.2165746688842773,7.312099933624268
2023-11-01,4237.85986328125,14664.91015625,33274.578125,2301.56005859375,31601.650390625,3023.076904296875,17101.779296875,4091.7099609375,115053.0,18989.150390625,1978.800048828125,22.684999465942383,80.44000244140625,84.62999725341797,3.49399995803833,3.6449999809265137,475.0,561.75,35437.25390625,1847.0897216796875,106.87999725341797,1.0579099655151367,151.29400634765625,1350.1600341796875,1.215214490890503,7.315499782562256
2023-11-02,4317.77978515625,14919.5498046875,33839.078125,2343.1201171875,31949.890625,3009.406005859375,17230.58984375,4169.6201171875,,19133.25,1985.5999755859375,22.750999450683594,82.45999908447266,86.8499984741211,3.4719998836517334,3.6670000553131104,470.0,565.5,34938.2421875,1800.6209716796875,106.12000274658203,1.05870521068573,150.5749969482422,1347.8399658203125,1.2182197570800781,7.315899848937988
2023-11-03,4358.33984375,15099.490234375,34061.3203125,2368.340087890625,,3030.798095703125,17664.119140625,4174.669921875,118160.0,19230.599609375,1991.5,23.201000213623047,80.51000213623047,84.88999938964844,3.515000104904175,3.674499988555908,477.25,572.5,34732.32421875,1832.795166015625,105.0199966430664,1.0619093179702759,150.4969940185547,1333.6800537109375,1.2191851139068604,7.3140997886657715
2023-11-04,,,,,,,,,,,,,,,,,,,35082.1953125,1857.6986083984375,,,,,,
2023-11-05,,,,,,,,,,,,,,,,,,,35049.35546875,1894.15771484375,,,,,,
2023-11-06,4365.97998046875,15154.9296875,34095.859375,2502.3701171875,32708.48046875,3058.410888671875,17966.58984375,4158.64013671875,118487.0,19411.75,1981.5999755859375,23.14900016784668,80.81999969482422,85.18000030517578,3.2639999389648438,3.7095000743865967,477.25,575.75,35037.37109375,1899.83740234375,105.22000122070312,1.0732147693634033,149.44900512695312,1307.8399658203125,1.237378716468811,7.298500061035156
2023-11-07,4378.3798828125,15296.01953125,34152.6015625,2443.9599609375,32271.8203125,3057.27001953125,17670.16015625,4153.3701171875,119268.0,19406.69921875,1966.800048828125,22.507999420166016,77.37000274658203,81.61000061035156,3.140000104904175,3.6700000762939453,468.5,570.25,35443.5625,1888.124267578125,105.54000091552734,1.0721560716629028,149.98899841308594,1297.1099853515625,1.2345526218414307,7.268599987030029
2023-11-08,4382.77978515625,15313.240234375,34112.26953125,2421.6201171875,32166.48046875,3052.373046875,17568.4609375,4178.490234375,119099.0,19443.5,1951.5,22.64699935913086,75.33000183105469,79.54000091552734,3.1059999465942383,3.628000020980835,476.0,592.25,35655.27734375,1889.3223876953125,105.58999633789062,1.0696102380752563,150.39599609375,1304.550048828125,1.2291808128356934,7.27810001373291
2023-11-09,4347.35009765625,15187.900390625,33891.94140625,2427.080078125,32646.4609375,3053.279052734375,17511.2890625,4229.2001953125,119012.0,19395.30078125,1964.199951171875,22.83099937438965,75.73999786376953,80.01000213623047,3.0409998893737793,3.634999990463257,468.0,580.75,36693.125,2120.56103515625,105.91000366210938,1.0710422992706299,150.86399841308594,1308.1199951171875,1.2285012006759644,7.279300212860107
2023-11-10,4415.240234375,15529.1201171875,34283.1015625,2409.659912109375,32568.109375,3038.969970703125,17203.259765625,4197.35986328125,120636.0,19425.349609375,1932.5999755859375,22.21500015258789,77.16999816894531,81.43000030517578,3.0329999923706055,3.5834999084472656,464.0,575.25,37313.96875,2078.289794921875,105.86000061035156,1.0667576789855957,151.3489990234375,1315.199951171875,1.2217023372650146,7.282299995422363
2023-11-11,,,,,,,,,,,,,,,,,,,37138.05078125,2052.7138671875,,,,,,
2023-11-12,,,,,,,,,,,,,,,,,,,37054.51953125,2045.18701171875,,,,,,
2023-11-13,4411.5498046875,15482.7900390625,34337.87109375,2403.760009765625,32585.109375,3046.532958984375,17426.2109375,4232.18994140625,120376.0,19443.55078125,1945.5,22.298999786376953,78.26000213623047,82.5199966430664,3.197000026702881,3.6624999046325684,477.25,579.0,36502.35546875,2055.265380859375,105.66000366210938,1.069015622138977,151.468994140625,1319.6199951171875,1.2228227853775024,7.18179988861084
2023-11-14,4495.7001953125,15812.4697265625,34827.69921875,2433.25,32695.9296875,3056.070068359375,17396.859375,4291.72021484375,123328.0,,1961.800048828125,23.07900047302246,78.26000213623047,82.47000122070312,3.1059999465942383,3.682499885559082,478.25,572.0,35537.640625,1979.0526123046875,104.11000061035156,1.0701825618743896,151.64599609375,1319.0699462890625,1.228063702583313,7.289000034332275
2023-11-15,4502.8798828125,15817.1796875,34991.2109375,2486.669921875,33519.69921875,3072.8349609375,18079.0,4315.52978515625,,19675.44921875,1960.0999755859375,23.485000610351562,76.66000366210938,81.18000030517578,3.190000057220459,3.7174999713897705,470.75,560.5,37880.58203125,2060.408447265625,104.38999938964844,1.0878314971923828,150.48500061035156,1304.239990234375,1.2494533061981201,7.252099990844727
2023-11-16,4508.240234375,15833.169921875,34945.46875,2488.179931640625,33424.41015625,3050.926025390625,17832.8203125,4302.4501953125,124576.0,19765.19921875,1983.9000244140625,23.892000198364258,72.9000015258789,77.41999816894531,3.062000036239624,3.7044999599456787,474.75,553.5,36154.76953125,1960.881591796875,104.37000274658203,1.0854581594467163,151.21499633789062,1301.8599853515625,1.2422360181808472,7.245800018310547
2023-11-17,4514.02001953125,15837.990234375,34947.28125,2469.85009765625,33585.19921875,3054.3701171875,17454.189453125,4340.77001953125,125062.0,19731.80078125,1981.5999755859375,23.80900001525879,75.88999938964844,80.61000061035156,2.9600000381469727,3.737499952316284,467.0,550.75,36596.68359375,1961.28076171875,103.81999969482422,1.0853756666183472,150.7050018310547,1292.449951171875,1.2414957284927368,7.241000175476074
2023-11-18,,,,,,,,,,,,,,,,,,,36585.703125,1963.2850341796875,,,,,,
2023-11-19,,,,,,,,,,,,,,,,,,,37386.546875,2013.2044677734375,,,,,,
2023-11-20,4547.3798828125,16027.0595703125,35151.0390625,2491.199951171875,33388.03125,3068.319091796875,17778.0703125,4342.41015625,126095.0,19694.0,1977.699951171875,23.57900047302246,77.5999984741211,82.31999969482422,2.881999969482422,3.8125,469.5,543.5,37476.95703125,2022.2391357421875,103.47000122070312,1.090702772140503,149.94200134277344,1294.5,1.2454540729522705,7.209700107574463
2023-11-21,4538.18994140625,15933.6201171875,35088.2890625,2510.419921875,33354.140625,3067.93310546875,17733.890625,4331.89990234375,125607.0,19783.400390625,1999.300048828125,23.843000411987305,77.7699966430664,82.44999694824219,2.8459999561309814,3.814500093460083,470.0,555.0,35813.8125,1937.0667724609375,103.58999633789062,1.0945948362350464,148.36199951171875,1288.1500244140625,1.2509069442749023,7.167500019073486
2023-11-22,4556.6201171875,16001.3896484375,35273.03125,2511.699951171875,33451.828125,3043.611083984375,17734.599609375,4352.02001953125,126035.0,19811.849609375,1991.4000244140625,23.672000885009766,77.0999984741211,81.95999908447266,2.8970000743865967,3.7664999961853027,468.75,555.75,37432.33984375,2064.42529296875,103.91999816894531,1.0918222665786743,148.15199279785156,1295.18994140625,1.2544218301773071,7.086900234222412
2023-11-23,,,,2514.9599609375,,3061.85595703125,17910.83984375,4361.31982421875,126576.0,19802.0,,,,81.37000274658203,2.934000015258789,3.7790000438690186,,,37289.62109375,2062.210693359375,,1.0890873670578003,149.4600067138672,1298.7900390625,1.2490007877349854,7.154200077056885
2023-11-24,4559.33984375,15982.009765625,35390.1484375,2496.6298828125,33625.53125,3040.971923828125,17559.419921875,4372.10009765625,125542.0,19794.69921875,2002.199951171875,24.32900047302246,75.54000091552734,80.58000183105469,2.8550000190734863,3.7964999675750732,463.25,548.75,37720.28125,2081.152099609375,103.4000015258789,1.0906314849853516,149.63499450683594,1300.1800537109375,1.2533526420593262,7.0858001708984375
2023-11-25,,,,,,,,,,,,,,,,,,,37796.79296875,2084.4130859375,,,,,,
2023-11-26,,,,,,,,,,,,,,,,,,,37479.12109375,2063.2861328125,,,,,,
2023-11-27,4550.43017578125,15961.98046875,35333.46875,2495.659912109375,33447.671875,3031.699951171875,17525.060546875,4354.41015625,125683.0,,2011.800048828125,24.672000885009766,74.86000061035156,79.9800033569336,2.7939999103546143,3.762500047683716,455.5,534.25,37254.16796875,2027.4173583984375,103.19999694824219,1.0940439701080322,149.5709991455078,1289.7900390625,1.2600330114364624,7.081900119781494
2023-11-28,4554.89013671875,16010.4296875,35416.98046875,2521.760009765625,33408.390625,3038.550048828125,17354.140625,4348.02001953125,126538.0,19889.69921875,2039.699951171875,24.93000030517578,76.41000366210938,81.68000030517578,2.7060000896453857,3.8010001182556152,451.5,543.75,37831.0859375,2049.338134765625,102.75,1.0958423614501953,148.45199584960938,1302.530029296875,1.2634397745132446,7.130300045013428
2023-11-29,4550.580078125,15987.599609375,35430.421875,2519.81005859375,33321.21875,3021.68701171875,16993.439453125,4370.52978515625,126101.0,20096.599609375,2047.0999755859375,25.07200050354004,77.86000061035156,83.0999984741211,2.803999900817871,3.7860000133514404,449.75,556.0,37858.4921875,2029.92919921875,102.7699966430664,1.100594401359558,147.06300354003906,1287.530029296875,1.2712295055389404,7.063799858093262
2023-11-30,4567.7998046875,15947.8701171875,35950.890625,2535.2900390625,33486.890625,3029.673095703125,17042.880859375,4382.47021484375,127331.0,20133.150390625,2038.0999755859375,25.292999267578125,75.95999908447266,82.83000183105469,2.802000045776367,3.8289999961853027,461.75,570.25,37712.74609375,2052.55615234375,103.5,1.0973695516586304,147.03900146484375,1288.3599853515625,1.2696397304534912,7.07889986038208
2023-12-01,4594.6298828125,15997.580078125,36245.5,2505.010009765625,33431.51171875,3031.635986328125,16830.30078125,4418.509765625,128103.0,20267.900390625,2071.0,25.499000549316406,74.06999969482422,78.87999725341797,2.813999891281128,3.9089999198913574,464.5,577.0,38688.75,2087.139892578125,103.2699966430664,1.0892059803009033,147.99899291992188,1296.6600341796875,1.2631685733795166,7.075399875640869
2023-12-02,,,,,,,,,,,,,,,,,,,39476.33203125,2165.7041015625,,,,,,
2023-12-03,,,,,,,,,,,,,,,,,,,39978.390625,2193.691650390625,,,,,,
2023-12-04,4569.77978515625,15839.669921875,36204.44140625,2514.949951171875,33231.26953125,3022.9140625,16646.05078125,4414.9501953125,126803.0,20686.80078125,2024.0999755859375,24.55500030517578,73.04000091552734,78.02999877929688,2.694000005722046,3.820499897003174,460.25,595.75,41980.09765625,2243.2158203125,103.63999938964844,1.088814616203308,146.39300537109375,1299.18994140625,1.2713103294372559,7.061800003051758
2023-12-05,4567.18017578125,15877.7099609375,36124.55859375,2494.280029296875,32775.8203125,2972.2958984375,16327.8603515625,4452.77001953125,126903.0,20855.099609375,2018.5,24.201000213623047,72.31999969482422,77.19999694824219,2.7100000381469727,3.7725000381469727,468.5,620.75,44080.6484375,2293.841796875,104.05000305175781,1.0837758779525757,147.32699584960938,1307.800048828125,1.2634079456329346,7.135200023651123
2023-12-06,4549.33984375,15788.0498046875,36054.4296875,2495.3798828125,33445.8984375,2968.93310546875,16463.259765625,4483.259765625,125623.0,20937.69921875,2030.5,23.888999938964844,69.37999725341797,74.30000305175781,2.569000005722046,3.7165000438690186,464.75,615.75,43746.4453125,2231.661376953125,104.1500015258789,1.0793657302856445,147.18499755859375,1313.3699951171875,1.2594457864761353,7.145599842071533
2023-12-07,4585.58984375,16022.490234375,36117.37890625,2492.070068359375,32858.30859375,2966.2060546875,16345.8896484375,4473.77001953125,126010.0,20901.150390625,2029.9000244140625,23.73200035095215,69.33999633789062,74.05000305175781,2.5850000381469727,3.7844998836517334,468.25,626.0,43292.6640625,2357.57958984375,103.54000091552734,1.076669692993164,147.1840057373047,1313.719970703125,1.2558711767196655,7.144599914550781
2023-12-08,4604.3701171875,16084.6904296875,36247.87109375,2517.85009765625,32307.859375,2969.55908203125,16334.3701171875,4523.31005859375,127094.0,20969.400390625,1998.300048828125,22.97100067138672,71.2300033569336,75.83999633789062,2.5810000896453857,3.819999933242798,465.75,615.0,44166.6015625,2358.73193359375,104.01000213623047,1.079214334487915,144.2779998779297,1312.760009765625,1.258954405784607,7.148799896240234
2023-12-09,,,,,,,,,,,,,,,,,,,43725.984375,2341.17529296875,,,,,,
2023-12-10,,,,,,,,,,,,,,,,,,,43779.69921875,2352.462646484375,,,,,,
2023-12-11,4622.43994140625,16221.73046875,36404.9296875,2525.360107421875,32791.80078125,2991.43896484375,16201.490234375,4540.18994140625,126916.0,20997.099609375,1978.0,22.773000717163086,71.31999969482422,76.02999877929688,2.430999994277954,3.7799999713897705,460.5,591.25,41243.83203125,2224.578857421875,104.0999984741211,1.0765769481658936,144.98300170898438,1316.510009765625,1.2554770708084106,7.1265997886657715
2023-12-12,4643.7001953125,16354.25,36577.94140625,2535.27001953125,32843.69921875,3003.43798828125,16374.5,4536.60986328125,126403.0,20906.400390625,1977.800048828125,22.72800064086914,68.61000061035156,73.23999786376953,2.311000108718872,3.7860000133514404,462.5,607.0,41450.22265625,2202.0380859375,103.87000274658203,1.076658010482788,146.0850067138672,1313.6199951171875,1.2554612159729004,7.174200057983398
2023-12-13,4707.08984375,16562.369140625,37090.23828125,2510.659912109375,32926.3515625,2968.760986328125,16228.75,4530.18994140625,129465.0,20926.349609375,1982.300048828125,22.638999938964844,69.47000122070312,74.26000213623047,2.3350000381469727,3.7860000133514404,456.75,585.25,42890.7421875,2260.648681640625,102.87000274658203,1.0798670053482056,145.27999877929688,1310.1400146484375,1.2570710182189941,7.176000118255615
2023-12-14,4719.5498046875,16537.830078125,37248.3515625,2544.179931640625,32686.25,2958.986083984375,16402.189453125,4539.16015625,130842.0,21182.69921875,2030.199951171875,24.09600067138672,71.58000183105469,76.61000061035156,2.3919999599456787,3.8884999752044678,456.75,594.0,43023.97265625,2316.5791015625,101.95999908447266,1.0886130332946777,142.7729949951172,1292.010009765625,1.2622915506362915,7.1717000007629395
2023-12-15,4719.18994140625,16623.44921875,37305.16015625,2563.56005859375,32970.55078125,2942.556884765625,16792.189453125,4549.43994140625,130197.0,21456.650390625,2021.0999755859375,23.8700008392334,71.43000030517578,76.55000305175781,2.490999937057495,3.884999990463257,483.0,629.25,41929.7578125,2219.33740234375,102.55000305175781,1.0993602275848389,142.2790069580078,1291.9200439453125,1.2771391868591309,7.066999912261963
2023-12-16,,,,,,,,,,,,,,,,,,,42240.1171875,2226.926513671875,,,,,,
2023-12-17,,,,,,,,,,,,,,,,,,,41364.6640625,2196.481201171875,,,,,,
2023-12-18,4740.56005859375,16729.80078125,37306.01953125,2566.860107421875,32758.98046875,2930.800048828125,16629.23046875,4521.1298828125,131084.0,21418.650390625,2026.300048828125,23.83099937438965,72.47000122070312,77.94999694824219,2.503000020980835,3.8480000495910645,477.0,617.0,42623.5390625,2217.2734375,102.51000213623047,1.0895264148712158,142.31300354003906,1276.469970703125,1.2672343254089355,7.070499897003174
2023-12-19,4768.3701171875,16811.849609375,37557.921875,2568.550048828125,33219.390625,2932.39111328125,16505.0,4535.39990234375,131851.0,21453.099609375,2038.4000244140625,24.040000915527344,73.44000244140625,79.2300033569336,2.492000102996826,3.8959999084472656,472.75,622.75,42270.52734375,2177.87255859375,102.16999816894531,1.092382788658142,142.7220001220703,1302.9300537109375,1.2651821374893188,7.131999969482422
2023-12-20,4698.35009765625,16554.16015625,37082.0,2614.300048828125,33675.94140625,2902.110107421875,16613.810546875,4533.81982421875,130804.0,21150.150390625,2034.5,24.347000122070312,74.22000122070312,79.69999694824219,2.447000026702881,3.9014999866485596,469.75,610.0,43652.25,2201.911376953125,102.41000366210938,1.0981045961380005,143.88900756835938,1297.760009765625,1.2732689380645752,7.067599773406982
2023-12-21,4746.75,16757.41015625,37404.3515625,2600.02001953125,33140.46875,2918.715087890625,16621.130859375,4524.85986328125,132182.0,21255.05078125,2039.0999755859375,24.30699920654297,73.88999938964844,79.38999938964844,2.572000026702881,3.9084999561309814,472.5,612.5,43869.15234375,2239.54248046875,101.83999633789062,1.0945708751678467,143.5229949951172,1296.97998046875,1.2641266584396362,7.134099960327148
2023-12-22,4754.6298828125,16777.400390625,37385.96875,2599.510009765625,33169.05078125,2914.77490234375,16340.41015625,4521.47021484375,132753.0,21349.400390625,2057.10009765625,24.290000915527344,73.55999755859375,79.06999969482422,2.609999895095825,3.8954999446868896,473.0,616.25,43997.90234375,2326.52490234375,101.69999694824219,1.100618600845337,142.07000732421875,1291.7099609375,1.268499493598938,7.138500213623047
2023-12-23,,,,,,,,,,,,,,,,,,,43739.54296875,2309.04638671875,,,,,,
2023-12-24,,,,,,,,,,,,,,,,,,,43016.1171875,2265.692138671875,,,,,,
2023-12-25,,,,,33254.03125,2918.81298828125,,,,,,,,,,,,,43613.140625,2272.561767578125,,1.102657437324524,142.3419952392578,1297.3599853515625,1.2677003145217896,7.0833001136779785
2023-12-26,4774.75,16878.4609375,37545.328125,2602.590087890625,33305.8515625,2898.8798828125,,,133533.0,21441.349609375,2058.199951171875,24.143999099731445,75.56999969482422,81.06999969482422,2.549999952316284,3.8954999446868896,480.25,636.25,42520.40234375,2231.46533203125,101.47000122070312,1.1020255088806152,142.22999572753906,1294.5799560546875,1.27048659324646,7.135499954223633
2023-12-27,4781.580078125,16906.80078125,37656.51953125,2613.5,33681.23828125,2914.614013671875,16624.83984375,4528.3798828125,134194.0,21654.75,2081.89990234375,24.375,74.11000061035156,79.6500015258789,2.61899995803833,3.94350004196167,476.5,623.0,43442.85546875,2378.739990234375,100.98999786376953,1.1043012142181396,142.46099853515625,1293.9200439453125,1.272718071937561,7.142399787902832
2023-12-28,4783.35009765625,16898.470703125,37710.1015625,2655.280029296875,33539.62109375,2954.7041015625,17043.529296875,4514.3798828125,134185.0,21778.69921875,2073.89990234375,24.134000778198242,71.7699966430664,78.38999938964844,2.556999921798706,3.9130001068115234,474.25,631.5,42627.85546875,2347.566162109375,101.2300033569336,1.110864281654358,141.3990020751953,1294.760009765625,1.2800819873809814,7.140200138092041
2023-12-29,4769.830078125,16825.9296875,37689.5390625,,33464.171875,2974.93505859375,17047.390625,4521.64990234375,,21731.400390625,2062.39990234375,23.85300064086914,71.6500015258789,77.04000091552734,2.5139999389648438,3.880500078201294,471.25,628.0,42099.40234375,2300.690673828125,101.33000183105469,1.1068191528320312,141.42999267578125,1277.8399658203125,1.2733986377716064,7.10699987411499
2023-12-30,,,,,,,,,,,,,,,,,,,42156.90234375,2292.0654296875,,,,,,
2023-12-31,,,,,,,,,,,,,,,,,,,42265.1875,2281.47119140625,,,,,,
2024-01-01,,,,,,,,,,21741.900390625,,,,,,,,,44167.33203125,2352.327880859375,,1.1055831909179688,140.95199584960938,1293.530029296875,1.272999882698059,7.068600177764893
2024-01-02,4742.830078125,16543.939453125,37715.0390625,2669.81005859375,,2962.27587890625,16788.55078125,,132697.0,21665.80078125,2064.39990234375,23.732999801635742,70.37999725341797,75.88999938964844,2.568000078201294,3.86899995803833,463.75,606.75,44957.96875,2355.83642578125,102.19999694824219,1.1038745641708374,141.12600708007812,1293.5400390625,1.2728800773620605,7.068600177764893
2024-01-03,4704.81005859375,16368.490234375,37430.19140625,2607.31005859375,,2967.2470703125,16646.41015625,4448.1298828125,132834.0,21517.349609375,2034.199951171875,22.945999145507812,72.69999694824219,78.25,2.6679999828338623,3.8475000858306885,465.25,600.25,42848.17578125,2210.761962890625,102.45999908447266,1.0941756963729858,142.15499877929688,1307.6199951171875,1.2623074054718018,7.089600086212158
2024-01-04,4688.68017578125,16282.009765625,37440.33984375,2587.02001953125,33288.2890625,2954.34912109375,16645.98046875,4474.009765625,131226.0,21658.599609375,2042.300048828125,22.98900032043457,72.19000244140625,77.58999633789062,2.821000099182129,3.8310000896453857,466.5,613.5,44179.921875,2269.0380859375,102.41999816894531,1.0927767753601074,142.99899291992188,1309.530029296875,1.2674272060394287,7.098899841308594
2024-01-05,4697.240234375,16305.98046875,37466.109375,2578.080078125,33377.421875,2929.179931640625,16535.330078125,4463.509765625,132023.0,21710.80078125,2042.4000244140625,23.121999740600586,73.80999755859375,78.76000213623047,2.8929998874664307,3.7945001125335693,460.75,616.0,44162.69140625,2268.647216796875,102.41000366210938,1.0947387218475342,144.76499938964844,1311.25,1.2684078216552734,7.110000133514404
2024-01-06,,,,,,,,,,,,,,,,,,,43989.1953125,2241.624755859375,,,,,,
2024-01-07,,,,,,,,,,,,,,,,,,,43943.09765625,2222.865966796875,,,,,,
2024-01-08,4763.5400390625,16649.869140625,37683.01171875,2567.820068359375,,2887.5380859375,16224.4501953125,4485.47998046875,132427.0,21513.0,2026.5999755859375,23.1200008392334,70.7699966430664,76.12000274658203,2.9800000190734863,3.799499988555908,455.0,596.25,46970.50390625,2333.03271484375,102.20999908447266,1.0942236185073853,144.71600341796875,1313.1300048828125,1.271779179573059,7.09250020980835
2024-01-09,4756.5,16678.69921875,37525.16015625,2561.239990234375,33763.1796875,2893.25,16190.01953125,4467.169921875,131447.0,21544.849609375,2026.4000244140625,22.90399932861328,72.23999786376953,77.58999633789062,3.190000057220459,3.748500108718872,459.25,610.0,46139.73046875,2344.8271484375,102.56999969482422,1.095170259475708,144.22999572753906,1311.800048828125,1.274518609046936,7.090000152587891
2024-01-10,4783.4501953125,16793.05078125,37695.73046875,2541.97998046875,34441.71875,2877.701904296875,16097.2802734375,4468.97998046875,130841.0,21618.69921875,2021.699951171875,22.884000778198242,71.37000274658203,76.80000305175781,3.0390000343322754,3.7809998989105225,459.5,610.75,46627.77734375,2582.103515625,102.36000061035156,1.0932426452636719,144.42799377441406,1319.7900390625,1.2712942361831665,7.101600170135498
2024-01-11,4780.240234375,16820.900390625,37711.01953125,2540.27001953125,35049.859375,2886.64990234375,16302.0400390625,4442.27978515625,130649.0,21647.19921875,2014.300048828125,22.53700065612793,72.0199966430664,77.41000366210938,3.0969998836517334,3.7764999866485596,457.75,603.75,46368.5859375,2619.619140625,102.29000091552734,1.0975141525268555,145.73399353027344,1317.5,1.274518609046936,7.170400142669678
2024-01-12,4783.830078125,16832.919921875,37592.98046875,2525.050048828125,35577.109375,2881.97705078125,16244.580078125,4480.02001953125,130988.0,21894.55078125,2046.699951171875,23.16200065612793,72.68000030517578,78.29000091552734,3.312999963760376,3.740000009536743,447.0,596.0,42853.16796875,2524.460205078125,102.4000015258789,1.0981649160385132,145.04600524902344,1311.989990234375,1.2777756452560425,7.103099822998047
2024-01-13,,,,,,,,,,,,,,,,,,,42842.3828125,2576.597900390625,,,,,,
2024-01-14,,,,,,,,,,,,,,,,,,,41796.26953125,2472.2412109375,,,,,,
2024-01-15,,,,2525.989990234375,35901.7890625,2886.2900390625,16216.330078125,4454.68017578125,131521.0,22097.44921875,,,,,,,,,42511.96875,2511.36376953125,,1.0945708751678467,145.1490020751953,1312.8499755859375,1.273658275604248,7.100599765777588
2024-01-16,4765.97998046875,16830.7109375,37361.12109375,2497.590087890625,35619.1796875,2893.989013671875,15865.919921875,4446.509765625,129294.0,22032.30078125,2026.0,22.933000564575195,72.4000015258789,78.29000091552734,2.9000000953674316,3.7664999961853027,443.5,582.0,43154.9453125,2587.691162109375,103.36000061035156,1.0945708751678467,145.79400634765625,1319.7099609375,1.2716174125671387,7.0970001220703125
2024-01-17,4739.2099609375,16736.279296875,37266.671875,2435.89990234375,35477.75,2833.614990234375,15276.900390625,4403.080078125,128524.0,21571.94921875,2002.5999755859375,22.516000747680664,72.55999755859375,77.87999725341797,2.869999885559082,3.7325000762939453,442.25,582.5,42742.65234375,2528.369384765625,103.44999694824219,1.087878942489624,147.24600219726562,1337.7900390625,1.26385498046875,7.116499900817871
2024-01-18,4780.93994140625,16982.2890625,37468.609375,2440.0400390625,35466.171875,2845.780029296875,15391.7900390625,4453.0498046875,127316.0,21462.25,2018.5999755859375,22.66699981689453,74.08000183105469,79.0999984741211,2.697000026702881,3.744999885559082,444.0,585.5,41262.05859375,2467.018798828125,103.54000091552734,1.0885775089263916,148.1179962158203,1344.050048828125,1.2676842212677002,7.114500045776367
2024-01-19,4839.81005859375,17314.0,37863.80078125,2472.739990234375,35963.26953125,2832.279052734375,15308.6904296875,4448.830078125,127636.0,21622.400390625,2026.5,22.570999145507812,73.41000366210938,78.55999755859375,2.5190000534057617,3.7869999408721924,445.5,593.25,41618.40625,2489.49853515625,103.29000091552734,1.0879143476486206,148.1280059814453,1337.6600341796875,1.2709871530532837,7.114999771118164
2024-01-20,,,,,,,,,,,,,,,,,,,41665.5859375,2469.589111328125,,,,,,
2024-01-21,,,,,,,,,,,,,,,,,,,41545.78515625,2453.9130859375,,,,,,
2024-01-22,4850.43017578125,17330.380859375,38001.80859375,2464.35009765625,36546.94921875,2756.340087890625,14961.1796875,4480.31982421875,126602.0,,2019.800048828125,22.163000106811523,75.19000244140625,80.05999755859375,2.4189999103546143,3.7639999389648438,445.75,596.5,39507.3671875,2310.826416015625,103.33000183105469,1.089229702949524,148.12100219726562,1333.2099609375,1.2699863910675049,7.107100009918213
2024-01-23,4864.60009765625,17404.2109375,37905.44921875,2478.610107421875,36517.5703125,2770.97607421875,15353.98046875,4465.91015625,128263.0,21238.80078125,2023.699951171875,22.333999633789062,74.37000274658203,79.55000305175781,2.450000047683716,3.7904999256134033,446.5,596.5,39845.55078125,2240.68603515625,103.62000274658203,1.088020920753479,148.14199829101562,1338.739990234375,1.2706964015960693,7.192699909210205
2024-01-24,4868.5498046875,17499.30078125,37806.390625,2469.68994140625,36226.48046875,2820.77197265625,15899.8701171875,4564.10986328125,127816.0,21453.94921875,2013.9000244140625,22.7549991607666,75.08999633789062,80.04000091552734,2.6410000324249268,3.882499933242798,452.25,610.75,40077.07421875,2233.561767578125,103.23999786376953,1.0857881307601929,148.25100708007812,1336.780029296875,1.269196629524231,7.077600002288818
2024-01-25,4894.16015625,17516.990234375,38049.12890625,2470.340087890625,36236.46875,2906.10888671875,16211.9599609375,4582.259765625,128169.0,21352.599609375,2016.9000244140625,22.808000564575195,77.36000061035156,82.43000030517578,2.571000099182129,3.865499973297119,451.75,612.25,39933.80859375,2217.710205078125,103.56999969482422,1.088174819946289,147.59100341796875,1329.8900146484375,1.271876335144043,7.081999778747559
2024-01-26,4890.97021484375,17421.009765625,38109.4296875,2478.56005859375,35751.0703125,2910.222900390625,15952.23046875,4635.47021484375,128967.0,,2016.800048828125,22.7549991607666,78.01000213623047,83.55000305175781,2.7119998931884766,3.8505001068115234,446.25,600.25,41816.87109375,2267.19970703125,103.47000122070312,1.0847046375274658,147.72300720214844,1336.030029296875,1.270825743675232,7.081099987030029
2024-01-27,,,,,,,,,,,,,,,,,,,42120.0546875,2267.885986328125,,,,,,
2024-01-28,,,,,,,,,,,,,,,,,,,42035.59375,2257.208740234375,,,,,,
2024-01-29,4927.93017578125,17596.26953125,38333.44921875,2500.64990234375,36026.94140625,2883.360107421875,16077.240234375,4639.35986328125,128503.0,21737.599609375,2025.199951171875,23.13800048828125,76.77999877929688,82.4000015258789,2.490000009536743,3.872999906539917,440.25,593.5,43288.24609375,2317.064208984375,103.61000061035156,1.0843517780303955,148.13999938964844,1336.760009765625,1.2697607278823853,7.086599826812744
2024-01-30,4924.97021484375,17476.7109375,38467.30859375,2498.81005859375,36065.859375,2830.527099609375,15703.4501953125,4662.7001953125,127402.0,21522.099609375,2031.5,23.10700035095215,77.81999969482422,82.87000274658203,2.0769999027252197,3.9065001010894775,447.75,605.5,42952.609375,2344.49365234375,103.4000015258789,1.0834470987319946,147.46800231933594,1333.2099609375,1.2713264226913452,7.084499835968018
2024-01-31,4845.64990234375,17137.240234375,38150.30078125,2497.090087890625,36286.7109375,2788.548095703125,15485.0703125,4648.39990234375,127752.0,21725.69921875,2048.39990234375,23.051000595092773,75.8499984741211,81.70999908447266,2.0999999046325684,3.9024999141693115,448.25,595.25,42582.60546875,2282.54443359375,103.2699966430664,1.08433997631073,147.36900329589844,1326.6199951171875,1.269551157951355,7.094099998474121
2024-02-01,4906.18994140625,17344.7109375,38519.83984375,2542.4599609375,36011.4609375,2770.739990234375,15566.2099609375,4638.60009765625,128481.0,21697.44921875,2053.0,23.1299991607666,73.81999969482422,78.69999694824219,2.049999952316284,3.8524999618530273,447.25,601.5,43075.7734375,2303.82470703125,103.05000305175781,1.0803920030593872,146.99600219726562,1333.9100341796875,1.2678449153900146,7.1006999015808105
2024-02-02,4958.60986328125,17642.73046875,38654.421875,2615.31005859375,36158.01953125,2730.152099609375,15533.5595703125,4654.5498046875,127182.0,21853.80078125,2036.0999755859375,22.701000213623047,72.27999877929688,77.33000183105469,2.0789999961853027,3.821500062942505,442.75,599.75,43185.859375,2308.0380859375,103.91999816894531,1.0874648094177246,146.4510040283203,1328.949951171875,1.27472984790802,7.088500022888184
2024-02-03,,,,,,,,,,,,,,,,,,,42992.25,2296.038330078125,,,,,,
2024-02-04,,,,,,,,,,,,,,,,,,,42583.58203125,2289.546142578125,,,,,,
2024-02-05,4942.81005859375,17613.0390625,38380.12109375,2591.31005859375,36354.16015625,2702.18505859375,15510.009765625,4655.27001953125,127593.0,21771.69921875,2025.699951171875,22.334999084472656,72.77999877929688,77.98999786376953,2.0820000171661377,3.7720000743865967,442.75,590.25,42658.66796875,2298.888916015625,104.44999694824219,1.0780043601989746,148.50100708007812,1337.72998046875,1.2621959447860718,7.112599849700928
2024-02-06,4954.22998046875,17572.73046875,38521.359375,2576.199951171875,36160.66015625,2789.486083984375,16136.8701171875,4690.8701171875,130416.0,21929.400390625,2034.5,22.39299964904785,73.30999755859375,78.58999633789062,2.009000062942505,3.7825000286102295,438.75,595.0,43084.671875,2372.201904296875,104.18000030517578,1.0741831064224243,148.63999938964844,1333.3900146484375,1.2534469366073608,7.108500003814697
2024-02-07,4995.06005859375,17755.0703125,38677.359375,2609.580078125,36119.921875,2829.696044921875,16081.8896484375,4678.85009765625,129608.0,21930.5,2035.199951171875,22.277999877929688,73.86000061035156,79.20999908447266,1.9670000076293945,3.737499952316284,434.25,602.0,44318.22265625,2423.7451171875,104.04000091552734,1.075719952583313,147.8179931640625,1326.7900390625,1.2606525421142578,7.100100040435791
2024-02-08,4997.91015625,17783.169921875,38726.328125,2620.320068359375,36863.28125,2865.903076171875,15878.0703125,4710.77978515625,128217.0,21717.94921875,2032.199951171875,22.565000534057617,76.22000122070312,81.62999725341797,1.9170000553131104,3.7054998874664307,433.25,588.5,45301.56640625,2419.906494140625,104.1500015258789,1.077574610710144,148.08599853515625,1327.6199951171875,1.2627378702163696,7.101099967956543
2024-02-09,5026.60986328125,17962.41015625,38671.69140625,,36897.421875,,15746.580078125,4715.8701171875,128026.0,21782.5,2023.300048828125,22.527999877929688,76.83999633789062,82.19000244140625,1.847000002861023,3.686000108718872,429.0,596.75,47147.19921875,2487.515625,104.08000183105469,1.0777255296707153,149.25900268554688,1331.469970703125,1.2620525360107422,7.10699987411499
2024-02-10,,,,,,,,,,,,,,,,,,,47771.27734375,2501.228271484375,,,,,,
2024-02-11,,,,,,,,,,,,,,,,,,,48293.91796875,2507.570556640625,,,,,,
2024-02-12,5021.83984375,17882.66015625,38797.37890625,,,,,4746.35009765625,,21616.05078125,2018.199951171875,22.708999633789062,76.91999816894531,82.0,1.7680000066757202,3.7284998893737793,430.5,597.5,49958.22265625,2658.115966796875,104.16999816894531,1.0798202753067017,149.16700744628906,1330.06005859375,1.2637271881103516,7.178999900817871
2024-02-13,4953.169921875,17600.419921875,38272.75,2649.639892578125,37963.96875,,,4689.27978515625,,21743.25,1992.9000244140625,22.09600067138672,77.87000274658203,82.7699966430664,1.6890000104904175,3.7139999866485596,430.75,597.5,49742.44140625,2642.185302734375,104.95999908447266,1.0772264003753662,149.40499877929688,1328.5,1.2627538442611694,7.192200183868408
2024-02-14,5000.6201171875,17807.630859375,38424.26953125,2620.419921875,37703.3203125,,15879.3798828125,4709.22021484375,127018.0,21840.05078125,1990.300048828125,22.33099937438965,76.63999938964844,81.5999984741211,1.6089999675750732,3.700500011444092,424.25,585.5,51826.6953125,2777.90234375,104.72000122070312,1.0708931684494019,150.7239990234375,1340.7900390625,1.2590652704238892,7.188700199127197
2024-02-15,5029.72998046875,17845.720703125,38773.12109375,2613.800048828125,38157.94140625,,15944.6298828125,4743.169921875,127804.0,21910.75,2002.0999755859375,22.91200065612793,78.02999877929688,82.86000061035156,1.5809999704360962,3.756500005722046,417.75,567.0,51938.5546875,2824.37890625,104.30000305175781,1.0732147693634033,150.54400634765625,1326.0,1.2568340301513672,7.175899982452393
2024-02-16,5005.56982421875,17685.98046875,38627.98828125,2648.760009765625,38487.23828125,,16339.9599609375,4765.64990234375,128726.0,22040.69921875,2011.5,23.43899917602539,79.19000244140625,83.47000122070312,1.6089999675750732,3.8380000591278076,416.5,560.5,52160.203125,2803.69140625,104.27999877929688,1.0773887634277344,149.9459991455078,1327.6600341796875,1.259921908378601,7.163899898529053
2024-02-17,,,,,,,,,,,,,,,,,,,51662.99609375,2786.672607421875,,,,,,
2024-02-18,,,,,,,,,,,,,,,,,,,52122.546875,2878.998046875,,,,,,
2024-02-19,,,,2680.260009765625,38470.37890625,2910.5439453125,16155.6103515625,4763.06982421875,129036.0,22122.25,,,,,,,,,51779.14453125,2943.57470703125,,1.0784927606582642,150.09100341796875,1331.5799560546875,1.2611136436462402,7.118599891662598
2024-02-20,4975.509765625,17546.099609375,38563.80078125,2657.7900390625,38363.609375,2922.72998046875,16247.509765625,4760.27978515625,129916.0,22196.94921875,2027.5,23.106000900268555,78.18000030517578,82.33999633789062,1.5759999752044678,3.866499900817871,418.75,582.75,52284.875,3013.503662109375,104.08000183105469,1.0775396823883057,150.27000427246094,1333.3399658203125,1.2587641477584839,7.197199821472168
2024-02-21,4981.7998046875,17478.91015625,38612.23828125,2653.31005859375,38262.16015625,2950.9560546875,16503.099609375,4775.31005859375,130032.0,22055.05078125,2022.300048828125,22.85099983215332,77.91000366210938,83.02999877929688,1.7730000019073486,3.874500036239624,411.0,583.25,51839.1796875,2970.35546875,104.01000213623047,1.0813149213790894,149.93899536132812,1333.75,1.2627378702163696,7.189700126647949
2024-02-22,5087.02978515625,18004.69921875,39069.109375,2664.27001953125,39098.6796875,2988.35791015625,16742.94921875,4855.35986328125,130241.0,22217.44921875,2019.699951171875,22.764999389648438,78.61000061035156,83.66999816894531,1.7319999933242798,3.8975000381469727,406.0,583.25,51304.97265625,2971.00732421875,103.95999908447266,1.0820403099060059,150.35499572753906,1332.8699951171875,1.2638070583343506,7.1880998611450195
2024-02-23,5088.7998046875,17937.609375,39131.53125,2667.699951171875,,3004.881103515625,16725.859375,4872.56982421875,129419.0,22212.69921875,2038.5999755859375,22.9689998626709,76.48999786376953,81.62000274658203,1.6030000448226929,3.881999969482422,399.75,573.5,50731.94921875,2921.658203125,103.94000244140625,1.0825674533843994,150.48300170898438,1327.1700439453125,1.266367793083191,7.193299770355225
2024-02-24,,,,,,,,,,,,,,,,,,,51571.1015625,2992.385986328125,,,,,,
2024-02-25,,,,,,,,,,,,,,,,,,,51733.23828125,3112.697265625,,,,,,
2024-02-26,5069.52978515625,17933.330078125,39069.23046875,2647.080078125,39233.7109375,2977.02197265625,16634.740234375,4864.2900390625,129609.0,22122.05078125,2028.5,22.517000198364258,77.58000183105469,82.52999877929688,1.659000039100647,3.8239998817443848,407.0,577.25,54522.40234375,3178.99365234375,103.83000183105469,1.0820051431655884,150.4980010986328,1330.0,1.2672665119171143,7.194399833679199
2024-02-27,5078.18017578125,17971.05078125,38972.41015625,2625.050048828125,39239.51953125,3015.48095703125,16790.80078125,4885.740234375,131689.0,22198.349609375,2034.0,22.523000717163086,78.87000274658203,83.6500015258789,1.6150000095367432,3.8310000896453857,408.25,586.0,57085.37109375,3244.519287109375,103.83000183105469,1.0850930213928223,150.5659942626953,1331.719970703125,1.268455982208252,7.196300029754639
2024-02-28,5069.759765625,17874.5,38949.01953125,2652.2900390625,39208.03125,2957.85205078125,16536.849609375,4883.77001953125,130155.0,21951.150390625,2033.0,22.40999984741211,78.54000091552734,83.68000030517578,1.8849999904632568,3.827500104904175,413.25,571.0,62504.7890625,3385.703857421875,103.9800033569336,1.084481120109558,150.4949951171875,1331.7900390625,1.268166422843933,7.197400093078613
2024-02-29,5096.27001953125,18043.849609375,38996.390625,2642.360107421875,39166.19140625,3015.1708984375,16511.439453125,4877.77001953125,129020.0,21982.80078125,2045.699951171875,22.666000366210938,78.26000213623047,83.62000274658203,1.8600000143051147,3.8345000743865967,415.75,577.5,61198.3828125,3341.919677734375,104.16000366210938,1.0838816165924072,150.656005859375,1333.3800048828125,1.2663036584854126,7.196000099182129
2024-03-01,5137.080078125,18302.91015625,39087.37890625,,39910.8203125,3027.02001953125,16589.439453125,4894.85986328125,129180.0,22338.75,2086.89990234375,23.149999618530273,79.97000122070312,83.55000305175781,1.8350000381469727,3.8550000190734863,412.25,560.0,62440.6328125,3435.053955078125,103.86000061035156,1.0804970264434814,150.09500122070312,1335.199951171875,1.2625465393066406,7.18720006942749
2024-03-02,,,,,,,,,,,,,,,,,,,62029.84765625,3422.0498046875,,,,,,
2024-03-03,,,,,,,,,,,,,,,,,,,63167.37109375,3490.99365234375,,,,,,
2024-03-04,5130.9501953125,18226.48046875,38989.828125,2674.27001953125,40109.23046875,3039.305908203125,16595.970703125,4912.919921875,128341.0,22405.599609375,2117.699951171875,23.77899932861328,78.73999786376953,82.80000305175781,1.9160000085830688,3.8519999980926514,417.5,563.5,68330.4140625,3630.433837890625,103.83000183105469,1.084269404411316,150.10499572753906,1330.9000244140625,1.26603102684021,7.195799827575684
2024-03-05,5078.64990234375,17897.869140625,38585.19140625,2649.39990234375,40097.62890625,3047.79296875,16162.6396484375,4893.06982421875,128098.0,22356.30078125,2133.5,23.76300048828125,78.1500015258789,82.04000091552734,1.9570000171661377,3.8440001010894775,413.5,545.75,63801.19921875,3554.964599609375,103.80000305175781,1.0855170488357544,150.46600341796875,1328.93994140625,1.269196629524231,7.19890022277832
2024-03-06,5104.759765625,18017.5703125,38661.05078125,2641.489990234375,40090.78125,3039.930908203125,16438.08984375,4915.490234375,128890.0,22474.05078125,2150.300048828125,24.27199935913086,79.12999725341797,82.95999908447266,1.9290000200271606,3.870500087738037,418.0,521.25,66106.8046875,3819.226318359375,103.37000274658203,1.0855995416641235,150.0489959716797,1333.4300537109375,1.27048659324646,7.196000099182129
2024-03-07,5157.35986328125,18297.990234375,38791.3515625,2647.6201171875,39598.7109375,3027.40087890625,16229.7802734375,4974.22021484375,128340.0,22493.55078125,2158.0,24.3700008392334,78.93000030517578,82.95999908447266,1.8179999589920044,3.9195001125335693,426.0,520.75,66925.484375,3874.34765625,102.81999969482422,1.089953899383545,149.2689971923828,1327.0899658203125,1.2735446691513062,7.195899963378906
2024-03-08,5123.68994140625,18018.44921875,38722.69140625,2680.35009765625,39688.94140625,3046.01904296875,16353.3896484375,4961.10986328125,127071.0,,2178.60009765625,24.339000701904297,78.01000213623047,82.08000183105469,1.8049999475479126,3.884999990463257,426.25,526.75,68300.09375,3892.06103515625,102.73999786376953,1.0950144529342651,147.8679962158203,1321.1800537109375,1.2815583944320679,7.192299842834473
2024-03-09,,,,,,,,,,,,,,,,,,,68498.8828125,3915.4189453125,,,,,,
2024-03-10,,,,,,,,,,,,,,,,,,,69019.7890625,3881.193115234375,,,,,,
2024-03-11,5117.93994140625,17951.689453125,38769.66015625,2659.840087890625,38820.48828125,3068.455078125,16587.5703125,4930.419921875,126124.0,22332.650390625,2182.5,24.511999130249023,77.93000030517578,82.20999908447266,1.7589999437332153,3.922499895095825,428.25,537.5,72123.90625,4066.445068359375,102.87000274658203,1.0942955017089844,146.7740020751953,1315.97998046875,1.2855123281478882,7.185200214385986
2024-03-12,5175.27001953125,18219.109375,39005.48828125,2681.81005859375,38797.51171875,3055.93505859375,17093.5,4983.2001953125,127668.0,22335.69921875,2160.39990234375,24.194000244140625,77.55999755859375,81.91999816894531,1.7139999866485596,3.924999952316284,429.0,535.5,71481.2890625,3980.273193359375,102.95999908447266,1.093135118484497,146.73199462890625,1310.5400390625,1.2819806337356567,7.183800220489502
2024-03-13,5165.31005859375,18068.470703125,39043.3203125,2693.570068359375,38695.96875,3043.8349609375,17082.109375,5000.5498046875,128006.0,21997.69921875,2175.39990234375,24.958999633789062,79.72000122070312,84.02999877929688,1.6579999923706055,4.052499771118164,426.5,532.25,73083.5,4006.45703125,102.79000091552734,1.0927767753601074,147.61900329589844,1311.1500244140625,1.2795906066894531,7.181000232696533
2024-03-14,5150.47998046875,18014.810546875,38905.66015625,2718.760009765625,38807.37890625,3038.23388671875,16961.66015625,4993.1201171875,127690.0,22146.650390625,2163.0,24.874000549316406,81.26000213623047,85.41999816894531,1.7410000562667847,4.0370001792907715,422.5,519.5,71396.59375,3883.140380859375,103.36000061035156,1.0955302715301514,147.62100219726562,1313.6500244140625,1.2802129983901978,7.186600208282471
2024-03-15,5117.08984375,17808.25,38714.76953125,2666.840087890625,38707.640625,3054.635986328125,16720.890625,4986.02001953125,126742.0,22023.349609375,2157.300048828125,25.200000762939453,81.04000091552734,85.33999633789062,1.6549999713897705,4.112500190734863,436.75,528.5,69403.7734375,3735.22021484375,103.43000030517578,1.0883406400680542,148.29600524902344,1321.9200439453125,1.2745835781097412,7.192200183868408
2024-03-16,,,,,,,,,,,,,,,,,,,65315.1171875,3522.860107421875,,,,,,
2024-03-17,,,,,,,,,,,,,,,,,,,68390.625,3642.4130859375,,,,,,
2024-03-18,5149.419921875,17985.009765625,38790.4296875,2685.840087890625,39740.44140625,3084.926025390625,16737.119140625,4982.759765625,126954.0,22055.69921875,2160.699951171875,25.090999603271484,82.72000122070312,86.88999938964844,1.7029999494552612,4.114500045776367,436.0,542.75,67548.59375,3517.985107421875,103.58000183105469,1.0882576704025269,148.9550018310547,1329.3399658203125,1.2731393575668335,7.195000171661377
2024-03-19,5178.509765625,18032.19921875,39110.76171875,2656.169921875,40003.6015625,3062.756103515625,16529.48046875,5007.919921875,127529.0,21817.44921875,2156.300048828125,24.964000701904297,83.47000122070312,87.37999725341797,1.74399995803833,4.058499813079834,439.5,552.5,61912.7734375,3157.6181640625,103.80999755859375,1.087393879890442,149.1439971923828,1336.0899658203125,1.272718071937561,7.197199821472168
2024-03-20,5224.6201171875,18240.109375,39512.12890625,2690.139892578125,,3079.68603515625,16543.0703125,5000.31005859375,129125.0,21839.099609375,2157.89990234375,24.933000564575195,81.68000030517578,85.94999694824219,1.6990000009536743,4.03849983215332,439.0,545.0,67913.671875,3513.39306640625,103.41000366210938,1.0863306522369385,151.03500366210938,1337.02001953125,1.2719409465789795,7.197999954223633
2024-03-21,5241.52978515625,18320.380859375,39781.37109375,2754.860107421875,40815.66015625,3077.113037109375,16863.099609375,5052.31005859375,128159.0,22011.94921875,2182.39990234375,24.849000930786133,81.06999969482422,85.77999877929688,1.6829999685287476,4.046500205993652,440.75,546.75,65491.390625,3492.9912109375,104.0,1.0937210321426392,150.75999450683594,1330.1099853515625,1.2798361778259277,7.1975998878479
2024-03-22,5234.18017578125,18339.439453125,39475.8984375,2748.56005859375,40888.4296875,3048.033935546875,16499.470703125,5031.14990234375,127027.0,22096.75,2158.10009765625,24.691999435424805,80.62999725341797,85.43000030517578,1.659000039100647,3.996000051498413,439.25,554.75,63778.76171875,3333.68798828125,104.43000030517578,1.0862362384796143,151.63299560546875,1334.6800537109375,1.2661913633346558,7.198200225830078
2024-03-23,,,,,,,,,,,,,,,,,,,64062.203125,3336.593994140625,,,,,,
2024-03-24,,,,,,,,,,,,,,,,,,,67234.171875,3454.636474609375,,,,,,
2024-03-25,5218.18994140625,18277.060546875,39313.640625,2737.570068359375,40414.12109375,3026.305908203125,16473.640625,5044.18994140625,126931.0,,2174.800048828125,24.7450008392334,81.94999694824219,86.75,1.6150000095367432,4.006999969482422,437.75,555.0,69958.8125,3590.8837890625,104.2300033569336,1.0807539224624634,151.30499267578125,1343.5999755859375,1.25979483127594,7.228099822998047
2024-03-26,5203.580078125,18210.5390625,39282.328125,2757.090087890625,40398.03125,3031.48095703125,16618.3203125,5064.18017578125,126863.0,22004.69921875,2175.60009765625,24.482999801635742,81.62000274658203,86.25,1.5750000476837158,3.996000051498413,432.5,543.5,69987.8359375,3587.5048828125,104.29000091552734,1.0838228464126587,151.3730010986328,1339.1300048828125,1.2637910842895508,7.208399772644043
2024-03-27,5248.490234375,18280.83984375,39760.078125,2755.110107421875,40762.73046875,2993.138916015625,16392.83984375,5081.740234375,127691.0,22123.650390625,2190.60009765625,24.625,81.3499984741211,86.08999633789062,1.718000054359436,3.992500066757202,426.75,547.5,69455.34375,3500.115234375,104.3499984741211,1.0832358598709106,151.52999877929688,1343.06005859375,1.2628495693206787,7.217700004577637
2024-03-28,5254.35009765625,18254.689453125,39807.37109375,2745.820068359375,40168.0703125,3010.6640625,16541.419921875,5083.419921875,128106.0,22326.900390625,2217.39990234375,24.797000885009766,83.16999816894531,87.4800033569336,1.7630000114440918,4.003499984741211,442.0,560.25,70744.953125,3561.2939453125,104.55000305175781,1.0813382863998413,151.28700256347656,1349.800048828125,1.261670470237732,7.225800037384033
2024-03-29,,,,2746.6298828125,40369.44140625,3041.1669921875,,,,,,,,,,,,,69892.828125,3511.80615234375,,1.0794472694396973,151.44000244140625,1349.800048828125,1.26262629032135,7.226500034332275
2024-03-30,,,,,,,,,,,,,,,,,,,69645.3046875,3507.9443359375,,,,,,
2024-03-31,,,,,,,,,,,,,,,,,,,71333.6484375,3647.8564453125,,,,,,
2024-04-01,5243.77001953125,18293.19921875,39566.8515625,2747.860107421875,39803.08984375,3077.37890625,,,126990.0,22462.0,2236.5,24.95400047302246,83.70999908447266,87.41999816894531,1.8370000123977661,4.046000003814697,435.5,557.0,69702.1484375,3505.030029296875,105.0199966430664,1.0792726278305054,151.3979949951172,1345.31005859375,1.2637271881103516,7.220300197601318
2024-04-02,5205.81005859375,18121.779296875,39170.23828125,2753.159912109375,39838.91015625,3074.958984375,16931.51953125,5042.0,127549.0,22453.30078125,2261.0,25.804000854492188,85.1500015258789,88.91999816894531,1.8619999885559082,4.070000171661377,426.5,545.25,65446.97265625,3277.234619140625,104.81999969482422,1.0737217664718628,151.58099365234375,1355.530029296875,1.2545477151870728,7.229700088500977
2024-04-03,5211.490234375,18160.189453125,39127.140625,2706.969970703125,39451.8515625,3069.2958984375,16725.099609375,5069.25,127318.0,22434.650390625,2294.39990234375,26.94499969482422,85.43000030517578,89.3499984741211,1.840999960899353,4.192999839782715,431.75,556.0,65980.8125,3311.44189453125,104.25,1.076855182647705,151.5399932861328,1350.72998046875,1.2576876878738403,7.232399940490723
2024-04-04,5147.2099609375,17878.779296875,38596.98046875,2742.0,39773.140625,,,5070.759765625,127428.0,22514.650390625,2288.800048828125,27.139999389648438,86.58999633789062,90.6500015258789,1.7740000486373901,4.246500015258789,435.25,556.25,68508.84375,3330.04052734375,104.12000274658203,1.0838346481323242,151.58099365234375,1344.8399658203125,1.2651821374893188,7.234399795532227
2024-04-05,5204.33984375,18108.4609375,38904.0390625,2714.2099609375,38992.078125,,16723.919921875,5014.75,126795.0,22513.69921875,2325.699951171875,27.399999618530273,86.91000366210938,91.16999816894531,1.784999966621399,4.239500045776367,434.25,567.25,67837.640625,3318.88525390625,104.30000305175781,1.0837054252624512,151.29200744628906,1351.3599853515625,1.26401948928833,7.23390007019043
2024-04-06,,,,,,,,,,,,,,,,,,,68896.109375,3354.183837890625,,,,,,
2024-04-07,,,,,,,,,,,,,,,,,,,69362.5546875,3453.49462890625,,,,,,
2024-04-08,5202.39013671875,18100.189453125,38892.80078125,2717.64990234375,39347.0390625,3047.052978515625,16732.849609375,5046.0498046875,128857.0,22666.30078125,2331.699951171875,27.711999893188477,86.43000030517578,90.37999725341797,1.843999981880188,4.2769999504089355,435.5,565.75,71631.359375,3695.292724609375,104.13999938964844,1.0830481052398682,151.69000244140625,1350.27001953125,1.2625305652618408,7.231400012969971
2024-04-09,5209.91015625,18169.900390625,38883.671875,2705.159912109375,39773.12890625,3048.537109375,16828.0703125,4990.89990234375,129890.0,22642.75,2343.5,27.891000747680664,85.2300033569336,89.41999816894531,1.871999979019165,4.285999774932861,431.25,557.75,69139.015625,3505.163330078125,104.1500015258789,1.0863661766052246,151.84300231933594,1354.219970703125,1.2658709287643433,7.229700088500977
2024-04-10,5160.64013671875,18011.66015625,38461.51171875,,39581.80859375,3027.3349609375,17139.169921875,5000.830078125,128054.0,22753.80078125,2329.60009765625,27.961000442504883,86.20999908447266,90.4800033569336,1.8849999904632568,4.2820000648498535,434.25,558.5,70587.8828125,3543.737060546875,105.25,1.0859296321868896,151.77699279785156,1348.5400390625,1.2677645683288574,7.2307000160217285
2024-04-11,5199.06005859375,18307.98046875,38459.078125,2706.9599609375,39442.62890625,3034.24609375,17095.029296875,4966.68017578125,127396.0,,2354.800048828125,28.176000595092773,85.0199966430664,89.73999786376953,1.7640000581741333,4.251999855041504,428.75,551.75,70060.609375,3505.247802734375,105.27999877929688,1.074171543121338,152.96400451660156,1363.760009765625,1.2537612915039062,7.231500148773193
2024-04-12,5123.41015625,18003.490234375,37983.23828125,2681.820068359375,39523.55078125,3019.47412109375,16721.689453125,4955.009765625,125946.0,22519.400390625,2356.199951171875,28.2549991607666,85.66000366210938,90.44999694824219,1.7699999809265137,4.257500171661377,435.5,556.0,67195.8671875,3243.034912109375,106.04000091552734,1.0726851224899292,153.19200134277344,1367.8399658203125,1.2554770708084106,7.235899925231934
2024-04-13,,,,,,,,,,,,,,,,,,,63821.47265625,3004.900390625,,,,,,
2024-04-14,,,,,,,,,,,,,,,,,,,65738.7265625,3156.94189453125,,,,,,
2024-04-15,5061.81982421875,17706.830078125,37735.109375,2670.429931640625,39232.80078125,3057.3779296875,16600.4609375,4984.47998046875,125334.0,22272.5,2365.800048828125,28.650999069213867,85.41000366210938,90.0999984741211,1.690999984741211,4.379000186920166,431.5,551.75,63426.2109375,3101.600341796875,106.20999908447266,1.0649627447128296,153.2830047607422,1379.6099853515625,1.2461835145950317,7.235599994659424
2024-04-16,5051.41015625,17713.66015625,37798.96875,2609.6298828125,38471.19921875,3007.068115234375,16248.9697265625,4916.990234375,124389.0,22147.900390625,2390.800048828125,28.31800079345703,85.36000061035156,90.0199966430664,1.7319999933242798,4.305500030517578,431.0,549.75,63811.86328125,3084.920166015625,106.26000213623047,1.0625749826431274,154.20599365234375,1387.6700439453125,1.2447409629821777,7.236999988555908
2024-04-17,5022.2099609375,17493.619140625,37753.30859375,2584.179931640625,37961.80078125,3071.381103515625,16251.83984375,4914.1298828125,124171.0,,2371.699951171875,28.34600067138672,82.69000244140625,87.29000091552734,1.7120000123977661,4.34250020980835,430.25,537.0,61276.69140625,2984.7275390625,105.94999694824219,1.0621461868286133,154.697998046875,1387.3399658203125,1.2431007623672485,7.236199855804443
2024-04-18,5011.1201171875,17394.310546875,37775.37890625,2634.699951171875,38079.69921875,3074.22509765625,16385.869140625,4936.56982421875,124196.0,21995.849609375,2382.300048828125,28.32900047302246,82.7300033569336,87.11000061035156,1.7569999694824219,4.440499782562256,426.75,536.75,63512.75390625,3066.027587890625,106.1500015258789,1.0669398307800293,154.3419952392578,1379.5400390625,1.2453765869140625,7.237400054931641
2024-04-19,4967.22998046875,17037.650390625,37986.3984375,2591.860107421875,37068.3515625,3065.260986328125,16224.1396484375,4918.08984375,125124.0,22147.0,2398.39990234375,28.808000564575195,83.13999938964844,87.29000091552734,1.7519999742507935,4.501999855041504,433.5,550.25,63843.5703125,3059.278564453125,106.1500015258789,1.0644185543060303,154.61000061035156,1379.4000244140625,1.2437657117843628,7.236700057983398
2024-04-20,,,,,,,,,,,,,,,,,,,64994.44140625,3157.627197265625,,,,,,
2024-04-21,,,,,,,,,,,,,,,,,,,64926.64453125,3147.28857421875,,,,,,
2024-04-22,5010.60009765625,17210.890625,38239.98046875,2629.43994140625,37438.609375,3044.594970703125,16511.689453125,4936.85009765625,125573.0,22336.400390625,2332.199951171875,27.21299934387207,82.8499984741211,87.0,1.7910000085830688,4.500500202178955,439.75,570.25,66837.6796875,3201.652099609375,106.08000183105469,1.065825343132019,154.63999938964844,1373.9300537109375,1.2375777959823608,7.2393999099731445
2024-04-23,5070.5498046875,17471.470703125,38503.69140625,2623.02001953125,37552.16015625,3021.97802734375,16828.9296875,5008.169921875,125148.0,22368.0,2327.699951171875,27.33099937438965,83.36000061035156,88.41999816894531,1.812000036239624,4.490499973297119,443.0,585.0,66407.2734375,3219.91162109375,105.69000244140625,1.065405249595642,154.81300354003906,1378.8399658203125,1.2350252866744995,7.242499828338623
2024-04-24,5071.6298828125,17526.80078125,38460.921875,2675.75,38460.078125,3044.822021484375,17201.26953125,4989.8798828125,124741.0,22402.400390625,2324.5,27.323999404907227,82.80999755859375,88.0199966430664,1.652999997138977,4.4670000076293945,437.75,594.5,64276.8984375,3139.80517578125,105.86000061035156,1.0704345703125,154.74400329589844,1370.47998046875,1.2453300952911377,7.244500160217285
2024-04-25,5048.419921875,17430.5,38085.80078125,2628.6201171875,37628.48046875,3052.89990234375,17284.5390625,4939.009765625,124646.0,22570.349609375,2329.800048828125,27.341999053955078,83.56999969482422,89.01000213623047,1.6380000114440918,4.570499897003174,441.0,602.25,64481.70703125,3156.509521484375,105.5999984741211,1.0699878931045532,155.25900268554688,1376.969970703125,1.2459505796432495,7.244200229644775
2024-04-26,5099.9599609375,17718.30078125,38239.66015625,2656.330078125,37934.76171875,3088.635986328125,17651.150390625,5006.85009765625,126526.0,22419.94921875,2334.800048828125,27.240999221801758,83.8499984741211,89.5,1.6139999628067017,4.568999767303467,440.0,603.25,63755.3203125,3130.164794921875,105.94000244140625,1.072961449623108,155.5970001220703,1371.699951171875,1.2509069442749023,7.23859977722168
2024-04-27,,,,,,,,,,,,,,,,,,,63419.140625,3252.168212890625,,,,,,
2024-04-28,,,,,,,,,,,,,,,,,,,63113.23046875,3262.774658203125,,,,,,
2024-04-29,5116.169921875,17782.720703125,38386.08984375,2687.43994140625,,3113.04296875,17746.91015625,4981.08984375,127352.0,22643.400390625,2345.39990234375,27.37299919128418,82.62999725341797,88.4000015258789,2.0299999713897705,4.658999919891357,439.25,590.25,63841.12109375,3215.428955078125,105.58000183105469,1.0706866979599,158.2239990234375,1377.0899658203125,1.2510477304458618,7.24459981918335
2024-04-30,5035.68994140625,17440.689453125,37815.921875,2692.06005859375,38405.66015625,3104.824951171875,17763.029296875,4921.22021484375,125924.0,22604.849609375,2291.39990234375,26.391000747680664,81.93000030517578,87.86000061035156,1.9910000562667847,4.564499855041504,439.5,585.0,60636.85546875,3012.286865234375,106.22000122070312,1.0715701580047607,156.31399536132812,1374.6400146484375,1.2559815645217896,7.23769998550415
2024-05-01,5018.39013671875,17318.55078125,37903.2890625,,38274.05078125,,,,,,2299.89990234375,26.48900032043457,79.0,83.44000244140625,1.9320000410079956,4.552499771118164,443.25,581.5,58254.01171875,2969.78466796875,105.76000213623047,1.0666552782058716,157.7220001220703,1385.4599609375,1.2490164041519165,7.240699768066406
2024-05-02,5064.2001953125,17541.5390625,38225.66015625,2683.64990234375,38236.0703125,,18207.130859375,4890.60986328125,127122.0,22648.19921875,2299.199951171875,26.58300018310547,78.94999694824219,83.66999816894531,2.0350000858306885,4.49399995803833,452.0,586.5,59123.43359375,2988.16845703125,105.30000305175781,1.0721560716629028,155.70399475097656,1375.0,1.2539342641830444,7.2399001121521
2024-05-03,5127.7900390625,17890.80078125,38675.6796875,2676.6298828125,,,18475.919921875,4921.47998046875,128509.0,22475.849609375,2299.0,26.44499969482422,78.11000061035156,82.95999908447266,2.1419999599456787,4.573500156402588,447.0,606.0,62889.8359375,3103.5419921875,105.02999877929688,1.073306918144226,153.0449981689453,1364.6400146484375,1.2540600299835205,7.238399982452393
2024-05-04,,,,,,,,,,,,,,,,,,,63891.47265625,3117.576416015625,,,,,,
2024-05-05,,,,,,,,,,,,,,,,,,,64031.1328125,3137.2490234375,,,,,,
2024-05-06,5180.740234375,18093.5703125,38852.26953125,,,3140.719970703125,18578.30078125,4956.9599609375,128466.0,22442.69921875,2321.60009765625,27.368999481201172,78.4800033569336,83.33000183105469,2.194999933242798,4.634500026702881,457.0,632.25,63161.94921875,3062.728759765625,105.05000305175781,1.0758124589920044,153.5659942626953,1355.050048828125,1.2541072368621826,7.236199855804443
2024-05-07,5187.7001953125,18091.44921875,38884.26171875,2734.360107421875,38835.1015625,3147.738037109375,18479.369140625,5016.10009765625,129210.0,22302.5,2315.199951171875,27.30299949645996,78.37999725341797,83.16000366210938,2.2070000171661377,4.625500202178955,453.75,624.75,62334.81640625,3006.5771484375,105.41000366210938,1.0767507553100586,154.23699951171875,1352.1700439453125,1.2559815645217896,7.208000183105469
2024-05-08,5187.669921875,18085.009765625,39056.390625,2745.050048828125,38202.37109375,3128.47998046875,18313.859375,5038.169921875,129481.0,22302.5,2313.60009765625,27.361000061035156,78.98999786376953,83.58000183105469,2.187000036239624,4.561999797821045,445.5,616.0,61187.94140625,2973.6572265625,105.55000305175781,1.0750491619110107,154.7480010986328,1357.72998046875,1.25014066696167,7.218400001525879
2024-05-09,5214.080078125,18113.4609375,39387.76171875,2712.139892578125,38073.98046875,3154.320068359375,18537.810546875,,128188.0,21957.5,2332.10009765625,28.131999969482422,79.26000213623047,83.87999725341797,2.3010001182556152,4.607500076293945,442.75,619.75,63049.9609375,3036.0205078125,105.2300033569336,1.0746910572052002,155.41900634765625,1361.93994140625,1.2493284940719604,7.223800182342529
2024-05-10,5222.68017578125,18161.1796875,39512.83984375,2727.6298828125,38229.109375,3154.547119140625,18963.6796875,5085.080078125,127600.0,22055.19921875,2367.300048828125,28.274999618530273,78.26000213623047,82.79000091552734,2.252000093460083,4.69350004196167,455.75,645.75,60792.77734375,2909.791259765625,105.30999755859375,1.078515887260437,155.38900756835938,1365.4000244140625,1.2525677680969238,7.218699932098389
2024-05-11,,,,,,,,,,,,,,,,,,,60793.7109375,2911.60205078125,,,,,,
2024-05-12,,,,,,,,,,,,,,,,,,,61448.39453125,2928.701904296875,,,,,,
2024-05-13,5221.419921875,18198.609375,39431.51171875,2727.2099609375,38179.4609375,3148.02099609375,19115.060546875,5078.9599609375,128155.0,22104.05078125,2336.10009765625,28.22100067138672,79.12000274658203,83.36000061035156,2.38100004196167,4.804500102996826,458.5,670.25,62901.44921875,2949.359619140625,105.22000122070312,1.077040672302246,155.8179931640625,1370.1099853515625,1.2522854804992676,7.225800037384033
2024-05-14,5246.68017578125,18322.76953125,39558.109375,2730.340087890625,38356.05859375,3145.77392578125,19073.7109375,5080.2900390625,128515.0,22217.849609375,2353.39990234375,28.485000610351562,78.0199966430664,82.37999725341797,2.3440001010894775,4.953499794006348,453.75,657.0,61552.7890625,2881.157958984375,105.01000213623047,1.079354166984558,156.23300170898438,1363.7900390625,1.2561867237091064,7.2322998046875
2024-05-15,5308.14990234375,18596.650390625,39908.0,,38385.73046875,3119.902099609375,,5100.89990234375,128028.0,22200.55078125,2388.699951171875,29.513999938964844,78.62999725341797,82.75,2.4159998893737793,4.9695000648498535,462.5,665.75,66267.4921875,3037.056640625,104.3499984741211,1.0814552307128906,156.4980010986328,1362.550048828125,1.2585265636444092,7.2322998046875
2024-05-16,5297.10009765625,18557.9609375,39869.37890625,2753.0,38920.26171875,3122.40087890625,19376.529296875,5072.4501953125,128284.0,22403.849609375,2380.0,29.665000915527344,79.2300033569336,83.2699966430664,2.494999885559082,4.892000198364258,457.0,663.25,65231.58203125,2945.131103515625,104.45999908447266,1.0889805555343628,154.28199768066406,1353.5999755859375,1.2690032720565796,7.217700004577637
2024-05-17,5303.27001953125,18546.23046875,40003.58984375,2724.6201171875,38787.37890625,3154.02587890625,19553.609375,5064.14013671875,128151.0,22466.099609375,2412.199951171875,31.047000885009766,80.05999755859375,83.9800033569336,2.625999927520752,5.057000160217285,452.5,651.25,67051.875,3094.11865234375,104.44999694824219,1.0867793560028076,155.37899780273438,1346.0400390625,1.2672007083892822,7.2170000076293945
2024-05-18,,,,,,,,,,,,,,,,,,,66940.8046875,3122.948974609375,,,,,,
2024-05-19,,,,,,,,,,,,,,,,,,,66278.3671875,3071.843017578125,,,,,,
2024-05-20,5308.1298828125,18674.189453125,39806.76953125,2742.139892578125,39069.6796875,3171.14501953125,19636.220703125,,127751.0,,2433.89990234375,32.20500183105469,79.80000305175781,83.70999908447266,2.750999927520752,5.087500095367432,460.5,688.75,71448.1953125,3663.85546875,104.56999969482422,1.0875475406646729,155.75399780273438,1353.3900146484375,1.2706480026245117,7.222700119018555
2024-05-21,5321.41015625,18713.80078125,39872.98828125,2724.179931640625,38946.9296875,3157.966064453125,19220.619140625,5046.990234375,127412.0,22529.05078125,2421.699951171875,31.868000030517578,79.26000213623047,82.87999725341797,2.6710000038146973,5.11899995803833,458.0,697.5,70136.53125,3789.312744140625,104.66000366210938,1.086082935333252,156.3699951171875,1360.1600341796875,1.2710840702056885,7.2316999435424805
2024-05-22,5307.009765625,18705.19921875,39671.0390625,2723.4599609375,38617.1015625,3158.5400390625,19195.599609375,5025.169921875,125650.0,22597.80078125,2389.199951171875,31.295000076293945,77.56999969482422,81.9000015258789,2.8420000076293945,4.867499828338623,461.25,693.0,69122.3359375,3737.2177734375,104.94000244140625,1.0855170488357544,156.25100708007812,1363.4200439453125,1.2711325883865356,7.237599849700928
2024-05-23,5267.83984375,18623.390625,39065.26171875,2721.81005859375,39103.21875,3116.386962890625,18868.7109375,5037.60009765625,124729.0,22967.650390625,2335.0,30.284000396728516,76.87000274658203,81.36000061035156,2.6570000648498535,4.816500186920166,464.0,698.0,67929.5625,3776.92724609375,105.11000061035156,1.0825204849243164,156.70399475097656,1365.81005859375,1.2721028327941895,7.240300178527832
2024-05-24,5304.72021484375,18808.349609375,39069.58984375,2687.60009765625,38646.109375,3088.87109375,18608.939453125,5035.41015625,124306.0,22957.099609375,2332.5,30.329999923706055,77.72000122070312,82.12000274658203,2.5199999809265137,4.778500080108643,464.75,697.25,68526.1015625,3726.9345703125,104.72000122070312,1.0812681913375854,156.97300720214844,1367.6199951171875,1.2694060802459717,7.241499900817871
2024-05-25,,,,,,,,,,,,,,,,,,,69265.9453125,3749.236572265625,,,,,,
2024-05-26,,,,,,,,,,,,,,,,,,,68518.09375,3825.8974609375,,,,,,
2024-05-27,,,,2722.989990234375,38900.01953125,3124.04296875,18827.349609375,5059.2001953125,124496.0,22932.44921875,,,,,,,,,69394.5546875,3892.0068359375,,1.0847634077072144,156.8699951171875,1365.7099609375,1.2736095190048218,7.241499900817871
2024-05-28,5306.0400390625,18869.439453125,38852.859375,2722.85009765625,38855.37109375,3109.572021484375,18821.16015625,5030.35009765625,123780.0,22888.150390625,2355.199951171875,31.97100067138672,79.83000183105469,84.22000122070312,2.5899999141693115,4.875500202178955,462.5,700.25,68296.21875,3840.25634765625,104.61000061035156,1.0861891508102417,156.84500122070312,1360.9300537109375,1.2772371768951416,7.241499900817871
2024-05-29,5266.9501953125,18736.75,38441.5390625,2677.300048828125,38556.87109375,3111.01806640625,18477.009765625,4963.2001953125,122707.0,22704.69921875,2340.300048828125,32.202999114990234,79.2300033569336,83.5999984741211,2.493000030517578,4.805500030517578,455.25,692.75,67578.09375,3763.196533203125,105.0999984741211,1.0851871967315674,157.26199340820312,1362.760009765625,1.275835633277893,7.244999885559082
2024-05-30,5235.47998046875,18538.66015625,38111.48046875,2635.43994140625,38054.12890625,3091.677978515625,18230.189453125,4982.18017578125,,22488.650390625,2342.89990234375,31.38800048828125,77.91000366210938,81.86000061035156,2.572000026702881,4.671999931335449,448.75,681.0,68364.9921875,3746.849609375,104.72000122070312,1.0801819562911987,157.60800170898438,1370.550048828125,1.2697993516921997,7.2494001388549805
2024-05-31,5277.509765625,18536.650390625,38686.3203125,2636.52001953125,38487.8984375,3086.81298828125,18079.609375,4983.669921875,122098.0,22530.69921875,2322.89990234375,30.297000885009766,76.98999786376953,81.62000274658203,2.5869998931884766,4.610000133514404,446.25,678.5,67491.4140625,3760.026611328125,104.66999816894531,1.0835410356521606,156.9530029296875,1375.6199951171875,1.27304208278656,7.233500003814697
2024-06-01,,,,,,,,,,,,,,,,,,,67706.9375,3813.198974609375,,,,,,
2024-06-02,,,,,,,,,,,,,,,,,,,67751.6015625,3780.89599609375,,,,,,
2024-06-03,5283.39990234375,18600.970703125,38571.03125,2682.52001953125,38923.03125,3078.489013671875,18403.0390625,5003.5400390625,122032.0,23263.900390625,2346.60009765625,30.641000747680664,74.22000122070312,78.36000061035156,2.75600004196167,4.677000045776367,443.5,672.75,68804.78125,3766.38916015625,104.13999938964844,1.0853049755096436,157.17999267578125,1382.0999755859375,1.2743724584579468,7.241000175476074
2024-06-04,5291.33984375,18654.83984375,38711.2890625,2662.10009765625,38837.4609375,3091.198974609375,18444.109375,4953.3701171875,121802.0,21884.5,2325.5,29.488000869750977,73.25,77.5199966430664,2.5859999656677246,4.547999858856201,442.5,658.25,70567.765625,3812.515869140625,104.11000061035156,1.0907385349273682,156.0760040283203,1370.7900390625,1.2810165882110596,7.242000102996826
2024-06-05,5354.02978515625,19035.05078125,38807.328125,2689.5,38490.171875,3065.403076171875,18424.9609375,5035.66015625,121407.0,22620.349609375,2354.10009765625,29.947999954223633,74.06999969482422,78.41000366210938,2.756999969482422,4.619500160217285,439.25,646.75,71082.8203125,3864.260986328125,104.2699966430664,1.0881866216659546,155.12399291992188,1373.719970703125,1.2773023843765259,7.242000102996826
2024-06-06,5352.9599609375,19021.189453125,38886.171875,,38703.51171875,3048.7939453125,18476.80078125,5069.08984375,122899.0,22821.400390625,2370.300048828125,31.246999740600586,75.55000305175781,79.87000274658203,2.821000099182129,4.690999984741211,452.0,639.5,70757.1640625,3811.60595703125,104.0999984741211,1.087453007698059,155.9290008544922,1368.739990234375,1.2794759273529053,7.246699810028076
2024-06-07,5346.990234375,19000.94921875,38798.98828125,2722.669921875,38683.9296875,3051.279052734375,18366.94921875,5051.31005859375,120767.0,23290.150390625,2305.199951171875,29.334999084472656,75.52999877929688,79.62000274658203,2.9179999828338623,4.494500160217285,448.75,627.5,69342.5859375,3678.629150390625,104.88999938964844,1.0894432067871094,155.69700622558594,1365.25,1.2793285846710205,7.244100093841553
2024-06-08,,,,,,,,,,,,,,,,,,,69305.7734375,3680.949951171875,,,,,,
2024-06-09,,,,,,,,,,,,,,,,,,,69647.9921875,3705.90380859375,,,,,,
2024-06-10,5360.7900390625,19074.669921875,38868.0390625,2701.169921875,39038.16015625,,,5016.47998046875,120760.0,23259.19921875,2307.699951171875,29.768999099731445,77.73999786376953,81.62999725341797,2.9059998989105225,4.55649995803833,451.75,607.5,69512.28125,3666.717529296875,105.1500015258789,1.0778882503509521,156.83299255371094,1379.050048828125,1.2729448080062866,7.246799945831299
2024-06-11,5375.31982421875,19210.1796875,38747.421875,2705.320068359375,39134.7890625,3028.044921875,18176.33984375,4965.08984375,121635.0,23264.849609375,2307.5,29.132999420166016,77.9000015258789,81.91999816894531,3.128999948501587,4.5229997634887695,449.5,626.5,67332.03125,3498.33056640625,105.2300033569336,1.0764262676239014,157.0399932861328,1373.9599609375,1.2726370096206665,7.246799945831299
2024-06-12,5421.02978515625,19465.1796875,38712.2109375,2728.169921875,38876.7109375,3037.468017578125,17937.83984375,5034.43017578125,119936.0,23322.94921875,2336.0,30.176000595092773,78.5,82.5999984741211,3.0450000762939453,4.581500053405762,454.25,617.0,68241.1875,3559.61767578125,104.6500015258789,1.0740330219268799,157.10499572753906,1377.3599853515625,1.274047613143921,7.246699810028076
2024-06-13,5433.740234375,19576.919921875,38647.1015625,2754.889892578125,38720.46875,3028.9189453125,18112.630859375,4935.5,119568.0,23398.900390625,2300.199951171875,28.989999771118164,78.62000274658203,82.75,2.9590001106262207,4.507500171661377,458.5,620.0,66756.3984375,3469.28125,105.19999694824219,1.0813149213790894,156.8000030517578,1370.4100341796875,1.27962327003479,7.238100051879883
2024-06-14,5431.60009765625,19659.80078125,38589.16015625,2758.419921875,38814.55859375,3032.633056640625,17941.779296875,4839.14013671875,119662.0,23465.599609375,2331.39990234375,29.402000427246094,78.44999694824219,82.62000274658203,2.88100004196167,4.551000118255615,450.0,612.75,66011.09375,3480.27197265625,105.55000305175781,1.0738831758499146,157.1280059814453,1373.739990234375,1.2755101919174194,7.2515997886657715
2024-06-15,,,,,,,,,,,,,,,,,,,66191.0,3565.549560546875,,,,,,
2024-06-16,,,,,,,,,,,,,,,,,,,66639.046875,3620.5634765625,,,,,,
2024-06-17,5473.22998046875,19902.75,38778.1015625,2744.10009765625,38102.44140625,3015.89111328125,17936.119140625,4880.419921875,119138.0,,2312.39990234375,29.325000762939453,80.33000183105469,84.25,2.7880001068115234,4.521500110626221,443.75,591.5,66490.296875,3511.37890625,105.31999969482422,1.0702168941497803,157.54600524902344,1382.280029296875,1.2683112621307373,7.254300117492676
2024-06-18,5487.02978515625,19908.859375,38834.859375,2763.919921875,38482.109375,3030.24609375,17915.55078125,4915.47021484375,119630.0,23557.900390625,2330.39990234375,29.5049991607666,81.56999969482422,85.33000183105469,2.9089999198913574,4.561999797821045,450.0,582.0,65140.74609375,3483.681396484375,105.26000213623047,1.0740677118301392,157.6999969482422,1379.06005859375,1.2715997695922852,7.255000114440918
2024-06-19,,,,2797.330078125,38570.76171875,3018.049072265625,18430.390625,4885.4501953125,120261.0,23516.0,,,,,,,,,64960.296875,3559.347412109375,,1.0742292404174805,157.87100219726562,1378.6099853515625,1.2707449197769165,7.252699851989746
2024-06-20,5473.169921875,19752.30078125,39134.76171875,2807.6298828125,38633.01953125,3005.43701171875,18335.3203125,4947.72998046875,120446.0,23567.0,2353.800048828125,30.775999069213867,82.16999816894531,85.70999908447266,2.740999937057495,4.618000030517578,439.75,572.75,64828.65625,3511.0869140625,105.58999633789062,1.0751532316207886,157.95799255371094,1381.1500244140625,1.2721998691558838,7.25629997253418
2024-06-21,5464.6201171875,19700.4296875,39150.328125,2784.260009765625,38596.46875,2998.137939453125,18028.51953125,4907.2998046875,121341.0,23501.099609375,2316.39990234375,29.572999954223633,80.7300033569336,85.23999786376953,2.7049999237060547,4.49399995803833,435.0,561.5,64096.19921875,3516.07568359375,105.80000305175781,1.0706409215927124,158.93099975585938,1391.8199462890625,1.2660471200942993,7.259099960327148
2024-06-22,,,,,,,,,,,,,,,,,,,64252.578125,3494.8134765625,,,,,,
2024-06-23,,,,,,,,,,,,,,,,,,,63180.796875,3418.61181640625,,,,,,
2024-06-24,5447.8701171875,19474.619140625,39411.2109375,2764.72998046875,38804.6484375,2963.09912109375,18027.7109375,4950.97998046875,122637.0,23537.849609375,2330.0,29.48900032043457,81.62999725341797,86.01000213623047,2.811000108718872,4.5269999504089355,433.5,552.5,60277.4140625,3350.25634765625,105.47000122070312,1.0687757730484009,159.86099243164062,1388.3900146484375,1.2639029026031494,7.259200096130371
2024-06-25,5469.2998046875,19701.130859375,39112.16015625,2774.389892578125,39173.1484375,2949.99609375,18072.900390625,4935.97021484375,122331.0,23721.30078125,2316.60009765625,28.836999893188477,80.83000183105469,85.01000213623047,2.75600004196167,4.38100004196167,425.5,541.75,61804.640625,3395.029052734375,105.61000061035156,1.0732723474502563,159.68600463867188,1386.1099853515625,1.268343448638916,7.257699966430664
2024-06-26,5477.89990234375,19751.05078125,39127.80078125,2792.050048828125,39667.0703125,2972.52490234375,18089.9296875,4915.93994140625,122641.0,23868.80078125,2299.199951171875,28.909000396728516,80.9000015258789,85.25,2.628000020980835,4.367499828338623,420.0,541.25,60811.27734375,3369.477294921875,106.05000305175781,1.0709619522094727,159.68600463867188,1390.8900146484375,1.268399715423584,7.26140022277832
2024-06-27,5482.8701171875,19789.029296875,39164.05859375,2784.06005859375,39341.5390625,2945.85205078125,17716.470703125,4902.60009765625,124308.0,24044.5,2324.5,28.917999267578125,81.73999786376953,86.38999938964844,2.684999942779541,4.328499794006348,413.75,559.75,61604.80078125,3444.800537109375,105.91000366210938,1.068010926246643,160.62100219726562,1393.3800048828125,1.262179970741272,7.263500213623047
2024-06-28,5460.47998046875,19682.869140625,39118.859375,2797.820068359375,39583.078125,2967.403076171875,17718.609375,4894.02001953125,123907.0,24010.599609375,2327.699951171875,29.23699951171875,81.54000091552734,86.41000366210938,2.6010000705718994,4.390500068664551,397.25,553.5,60320.13671875,3373.635986328125,105.87000274658203,1.0708472728729248,160.68699645996094,1386.949951171875,1.2645741701126099,7.267199993133545
2024-06-29,,,,,,,,,,,,,,,,,,,60887.37890625,3372.9677734375,,,,,,
2024-06-30,,,,,,,,,,,,,,,,,,,62678.29296875,3432.88916015625,,,,,,
2024-07-01,5475.08984375,19812.220703125,39169.51953125,2804.31005859375,39631.05859375,2994.72998046875,,4929.990234375,124718.0,24141.94921875,2327.60009765625,29.299999237060547,83.37999725341797,86.5999984741211,2.4779999256134033,4.426499843597412,398.25,569.25,62851.98046875,3440.341552734375,105.9000015258789,1.0735257863998413,160.90699768066406,1380.2900390625,1.2648621797561646,7.2657999992370605
2024-07-02,5509.009765625,20011.890625,39331.8515625,2780.860107421875,40074.69140625,2997.010986328125,17769.140625,4906.330078125,124787.0,24123.849609375,2323.0,29.35300064086914,82.80999755859375,86.23999786376953,2.434999942779541,4.429500102996826,402.0,561.5,62029.015625,3416.354736328125,105.72000122070312,1.0737102031707764,161.51199340820312,1383.4200439453125,1.2645741701126099,7.266900062561035
2024-07-03,5537.02001953125,20186.630859375,39308.0,2794.010009765625,40580.76171875,2982.3759765625,17978.5703125,4965.7998046875,125662.0,24286.5,2359.800048828125,30.54800033569336,83.87999725341797,87.33999633789062,2.4179999828338623,4.540999889373779,403.5,554.5,60173.921875,3292.916748046875,105.4000015258789,1.0748412609100342,161.50399780273438,1383.4200439453125,1.2690355777740479,7.269400119781494
2024-07-04,,,,2824.93994140625,40913.6484375,2957.56689453125,18028.279296875,4987.47998046875,126164.0,24302.150390625,,,,,,,,,56977.703125,3054.52197265625,,1.0793308019638062,161.62100219726562,1385.77001953125,1.2747784852981567,7.268599987030029
2024-07-05,5567.18994140625,20391.970703125,39375.87109375,2862.22998046875,40912.37109375,2949.93310546875,17799.609375,4979.39013671875,126267.0,24323.849609375,2388.5,31.38800048828125,83.16000366210938,86.54000091552734,2.319000005722046,4.6585001945495605,411.25,572.25,56662.375,2981.5986328125,104.87999725341797,1.0810693502426147,161.35800170898438,1380.25,1.2755752801895142,7.2657999992370605
2024-07-06,,,,,,,,,,,,,,,,,,,58303.5390625,3069.3779296875,,,,,,
2024-07-07,,,,,,,,,,,,,,,,,,,55849.109375,2929.38720703125,,,,,,
2024-07-08,5572.85009765625,20439.5390625,39344.7890625,2857.760009765625,40780.69921875,2922.449951171875,17524.060546875,4969.830078125,126548.0,24320.55078125,2355.199951171875,30.618000030517578,82.33000183105469,85.75,2.365999937057495,4.622000217437744,395.75,553.0,56705.09765625,3018.73193359375,105.01000213623047,1.082602620124817,160.63800048828125,1376.5699462890625,1.2806508541107178,7.2677998542785645
2024-07-09,5576.97998046875,20453.01953125,39291.96875,2867.3798828125,41580.171875,2959.3720703125,17523.23046875,4903.6201171875,127108.0,24433.19921875,2360.10009765625,30.77199935913086,81.41000366210938,84.66000366210938,2.3440001010894775,4.578000068664551,400.25,554.25,58009.2265625,3064.032958984375,105.12000274658203,1.0830950736999512,160.85699462890625,1382.75,1.2815583944320679,7.267099857330322
2024-07-10,5633.91015625,20675.380859375,39721.359375,2867.989990234375,41831.98828125,2939.364013671875,17471.669921875,4958.85986328125,127218.0,24324.44921875,2372.199951171875,30.726999282836914,82.0999984741211,85.08000183105469,2.3289999961853027,4.607500076293945,403.25,543.5,57742.49609375,3102.21875,105.05000305175781,1.0814785957336426,161.33099365234375,1382.4200439453125,1.2787723541259766,7.271699905395508
2024-07-11,5584.5400390625,20211.359375,39753.75,2891.35009765625,42224.01953125,2970.386962890625,17832.330078125,4976.1298828125,128294.0,24315.94921875,2415.0,31.393999099731445,82.62000274658203,85.4000015258789,2.2679998874664307,4.508500099182129,406.75,554.25,57344.9140625,3100.330810546875,104.44000244140625,1.083329677581787,161.60699462890625,1382.989990234375,1.285264492034912,7.274499893188477
2024-07-12,5615.35009765625,20331.490234375,40000.8984375,2857.0,41190.6796875,2971.294921875,18293.380859375,5043.02001953125,128897.0,24502.150390625,2414.0,30.88599967956543,82.20999908447266,85.02999877929688,2.3289999961853027,4.598499774932861,400.0,538.0,57899.46484375,3134.15869140625,104.08999633789062,1.0872756242752075,158.2010040283203,1371.27001953125,1.292373776435852,7.254799842834473
2024-07-13,,,,,,,,,,,,,,,,,,,59231.953125,3177.19873046875,,,,,,
2024-07-14,,,,,,,,,,,,,,,,,,,60787.79296875,3244.0791015625,,,,,,
2024-07-15,5631.22021484375,20386.880859375,40211.71875,2860.919921875,,2974.010986328125,18015.939453125,4983.10986328125,129321.0,24586.69921875,2422.89990234375,30.672000885009766,81.91000366210938,84.8499984741211,2.1579999923706055,4.5289998054504395,390.5,532.5,64870.15234375,3489.552734375,104.19000244140625,1.0885539054870605,158.31300354003906,1374.1099853515625,1.2966804504394531,7.2494001388549805
2024-07-16,5667.2001953125,20398.619140625,40954.48046875,2866.090087890625,41275.078125,2976.303955078125,17727.98046875,4947.830078125,129110.0,24613.0,2462.39990234375,31.19499969482422,80.76000213623047,83.7300033569336,2.187999963760376,4.443999767303467,395.75,530.75,65097.1484375,3443.513427734375,104.2699966430664,1.0901559591293335,158.14100646972656,1383.68994140625,1.2970000505447388,7.258900165557861
2024-07-17,5588.27001953125,19799.140625,41198.078125,2843.2900390625,41097.69140625,2962.85498046875,17739.41015625,4891.4599609375,129450.0,,2454.800048828125,30.136999130249023,82.8499984741211,85.08000183105469,2.0350000858306885,4.39900016784668,398.0,539.25,64118.79296875,3388.75244140625,103.75,1.0902509689331055,158.35000610351562,1382.6400146484375,1.29776930809021,7.2606000900268555
2024-07-18,5544.58984375,19705.08984375,40665.01953125,2824.35009765625,40126.3515625,2977.133056640625,17778.41015625,4870.1201171875,127652.0,24800.849609375,2451.800048828125,29.9950008392334,82.81999969482422,85.11000061035156,2.125,4.265999794006348,391.25,535.25,63974.06640625,3426.258544921875,104.16999816894531,1.094020128250122,155.68600463867188,1378.6500244140625,1.3007453680038452,7.259399890899658
2024-07-19,5505.0,19522.619140625,40287.53125,2795.4599609375,40063.7890625,2982.30908203125,17417.6796875,4827.240234375,127616.0,24530.900390625,2395.5,29.08799934387207,80.12999725341797,82.62999725341797,2.128000020980835,4.218999862670898,390.5,542.75,66710.15625,3505.73486328125,104.4000015258789,1.0901559591293335,157.14999389648438,1385.239990234375,1.2951691150665283,7.258900165557861
2024-07-20,,,,,,,,,,,,,,,,,,,67163.6484375,3519.29541015625,,,,,,
2024-07-21,,,,,,,,,,,,,,,,,,,68154.5234375,3536.60546875,,,,,,
2024-07-22,5564.41015625,19822.869140625,40415.44140625,2763.510009765625,39599.0,2964.216064453125,17635.880859375,4897.43994140625,127860.0,24509.25,2392.0,29.124000549316406,79.77999877929688,82.4000015258789,2.250999927520752,4.180500030517578,400.25,548.0,67585.25,3440.419921875,104.30999755859375,1.0899182558059692,157.4219970703125,1388.81005859375,1.2933096885681152,7.269000053405762
2024-07-23,5555.740234375,19754.33984375,40358.08984375,2774.2900390625,39594.390625,2915.368896484375,17469.359375,4916.7998046875,126590.0,24479.05078125,2404.60009765625,29.131999969482422,76.95999908447266,81.01000213623047,2.187000036239624,4.145999908447266,402.5,542.75,65927.671875,3481.995849609375,104.44999694824219,1.0889805555343628,156.89100646972656,1387.0999755859375,1.2932428121566772,7.27269983291626
2024-07-24,5427.1298828125,19032.390625,39853.87109375,2758.7099609375,39154.8515625,2901.951904296875,17311.05078125,4861.8701171875,126423.0,24413.5,2413.300048828125,29.115999221801758,77.58999633789062,81.70999908447266,2.117000102996826,4.098999977111816,403.75,547.0,65372.1328125,3336.33935546875,104.38999938964844,1.0850694179534912,155.76800537109375,1384.5699462890625,1.2901561260223389,7.2743000984191895
2024-07-25,5399.22021484375,18830.580078125,39935.0703125,2710.64990234375,37869.51171875,2886.741943359375,17021.91015625,4811.27978515625,125954.0,24406.099609375,2351.89990234375,27.80699920654297,78.27999877929688,82.37000274658203,2.0409998893737793,4.112500190734863,406.0,537.75,65777.2265625,3174.42724609375,104.36000061035156,1.0839520692825317,153.89100646972656,1382.6500244140625,1.289989709854126,7.261199951171875
2024-07-26,5459.10009765625,19023.66015625,40589.33984375,2731.89990234375,37667.41015625,2890.89697265625,17021.310546875,4862.5,127492.0,24834.849609375,2380.0,27.860000610351562,77.16000366210938,81.12999725341797,2.00600004196167,4.104499816894531,394.5,523.5,67912.0625,3275.951416015625,104.31999969482422,1.0851283073425293,153.69700622558594,1381.4300537109375,1.2856775522232056,7.230100154876709
2024-07-27,,,,,,,,,,,,,,,,,,,67813.3359375,3247.60791015625,,,,,,
2024-07-28,,,,,,,,,,,,,,,,,,,68255.8671875,3271.464599609375,,,,,,
2024-07-29,5463.5400390625,19059.490234375,40539.9296875,2765.530029296875,38468.62890625,2891.844970703125,17238.33984375,4815.39013671875,126954.0,24836.099609375,2377.300048828125,27.702999114990234,75.80999755859375,79.77999877929688,1.906999945640564,4.061999797821045,396.25,531.0,66819.9140625,3320.539306640625,104.55999755859375,1.0853756666183472,154.13900756835938,1382.0899658203125,1.2868356704711914,7.250100135803223
2024-07-30,5436.43994140625,18796.26953125,40743.328125,2738.18994140625,38525.94921875,2879.300048828125,17002.91015625,4841.0,126139.0,24857.30078125,2405.0,28.364999771118164,74.7300033569336,78.62999725341797,2.125999927520752,4.063000202178955,388.75,524.0,66201.015625,3278.667724609375,104.55000305175781,1.081946611404419,153.83299255371094,1381.3599853515625,1.286041259765625,7.258299827575684
2024-07-31,5522.2998046875,19362.4296875,40842.7890625,2770.68994140625,39101.8203125,2938.7490234375,17344.599609375,4872.93994140625,127652.0,24951.150390625,2426.5,28.777999877929688,77.91000366210938,80.72000122070312,2.0360000133514404,4.159999847412109,382.75,527.25,64619.25,3231.295654296875,104.0999984741211,1.0816072225570679,152.6699981689453,1383.5,1.2836971282958984,7.250699996948242
2024-08-01,5446.68017578125,18890.390625,40347.96875,2777.679931640625,38126.328125,2932.386962890625,17304.9609375,,127395.0,25010.900390625,2435.0,28.33099937438965,76.30999755859375,79.5199966430664,1.968000054359436,4.066500186920166,382.0,532.0,65357.5,3201.564453125,104.41999816894531,1.082391619682312,149.74400329589844,1367.9200439453125,1.2853139638900757,7.217199802398682
2024-08-02,5346.56005859375,18440.849609375,39737.26171875,2676.18994140625,35909.69921875,2905.337890625,16945.509765625,4638.7001953125,125854.0,24717.69921875,2425.699951171875,28.246000289916992,73.5199966430664,76.80999755859375,1.9670000076293945,4.084000110626221,386.5,539.0,61415.06640625,2986.01318359375,103.20999908447266,1.0787602663040161,149.2010040283203,1368.969970703125,1.27289617061615,7.242800235748291
2024-08-03,,,,,,,,,,,,,,,,,,,60680.09375,2903.3857421875,,,,,,
2024-08-04,,,,,,,,,,,,,,,,,,,58116.9765625,2686.39892578125,,,,,,
2024-08-05,5186.330078125,17895.16015625,38703.26953125,2441.550048828125,31458.419921875,2860.697998046875,16698.359375,4571.60009765625,125270.0,24055.599609375,2401.699951171875,27.076000213623047,72.94000244140625,76.30000305175781,1.9420000314712524,3.9839999675750732,390.75,539.5,53991.45703125,2417.206298828125,102.69000244140625,1.0910836458206177,145.58399963378906,1357.1700439453125,1.278788685798645,7.157199859619141
2024-08-06,5240.02978515625,18077.919921875,38997.66015625,2522.14990234375,34675.4609375,2867.283935546875,16647.33984375,4575.22021484375,126267.0,23992.55078125,2389.10009765625,27.09600067138672,73.19999694824219,76.4800033569336,2.009999990463257,4.011499881744385,388.75,543.25,56034.31640625,2458.723876953125,102.97000122070312,1.0950982570648193,145.7899932861328,1367.4000244140625,1.2788705825805664,7.120200157165527
2024-08-07,5199.5,17867.369140625,38763.44921875,2568.409912109375,35089.62109375,2869.833984375,16877.859375,4668.06005859375,127514.0,24297.5,2390.5,26.829999923706055,75.2300033569336,78.33000183105469,2.111999988555908,3.9375,383.25,538.25,55027.4609375,2336.58935546875,103.19999694824219,1.0926215648651123,144.73199462890625,1370.31005859375,1.2684721946716309,7.156300067901611
2024-08-08,5319.31005859375,18413.8203125,39446.48828125,2556.72998046875,34831.1484375,2869.90087890625,16891.830078125,4668.740234375,128661.0,24117.0,2422.199951171875,27.5,76.19000244140625,79.16000366210938,2.127000093460083,3.944999933242798,379.25,537.5,61710.13671875,2683.352783203125,103.20999908447266,1.0928125381469727,146.12399291992188,1375.3299560546875,1.2680377960205078,7.180300235748291
2024-08-09,5344.16015625,18513.099609375,39497.5390625,2588.429931640625,35025.0,2862.194091796875,17090.23046875,4675.27978515625,130615.0,24367.5,2432.10009765625,27.48699951171875,76.83999633789062,79.66000366210938,2.1429998874664307,3.9800000190734863,376.75,542.5,60880.11328125,2599.5986328125,103.13999938964844,1.0915720462799072,147.66900634765625,1373.760009765625,1.2747459411621094,7.173699855804443
2024-08-10,,,,,,,,,,,,,,,,,,,60945.8125,2610.02294921875,,,,,,
2024-08-11,,,,,,,,,,,,,,,,,,,58719.484375,2553.252197265625,,,,,,
2024-08-12,5344.39013671875,18542.029296875,39357.01171875,2618.300048828125,,2858.205078125,17111.650390625,4671.8798828125,131116.0,24347.0,2462.39990234375,27.91699981689453,80.05999755859375,82.30000305175781,2.188999891281128,4.054999828338623,383.25,536.75,59354.515625,2724.431884765625,103.13999938964844,1.091381311416626,147.04200744628906,1363.8399658203125,1.2750385999679565,7.166299819946289
2024-08-13,5434.43017578125,19006.4296875,39765.640625,2621.5,36232.51171875,2867.946044921875,17174.060546875,4694.919921875,132398.0,24139.0,2466.699951171875,27.69499969482422,78.3499984741211,80.69000244140625,2.1480000019073486,4.035999774932861,377.75,528.75,60609.56640625,2703.671875,102.55999755859375,1.0936251878738403,146.98199462890625,1369.5400390625,1.2771228551864624,7.173999786376953
2024-08-14,5455.2099609375,19022.6796875,40008.390625,2644.5,36442.4296875,2850.654052734375,17113.359375,4727.60009765625,133318.0,24143.75,2439.39990234375,27.253999710083008,76.9800033569336,79.76000213623047,2.2190001010894775,4.025000095367432,381.0,534.75,58737.26953125,2662.914794921875,102.56999969482422,1.0996986627578735,146.9709930419922,1362.1700439453125,1.2866700887680054,7.152900218963623
2024-08-15,5543.22021484375,19490.150390625,40563.05859375,,36726.640625,2877.35791015625,17109.140625,4807.77001953125,134153.0,,2453.10009765625,28.341999053955078,78.16000366210938,81.04000091552734,2.197000026702881,4.138999938964844,375.0,528.25,57560.09765625,2570.087646484375,102.9800033569336,1.1013215780258179,147.2530059814453,1355.7099609375,1.2828736305236816,7.13730001449585
2024-08-16,5554.25,19508.51953125,40659.76171875,2697.22998046875,38062.671875,2879.429931640625,17430.16015625,4840.52001953125,133953.0,24541.150390625,2498.60009765625,28.777999877929688,76.6500015258789,79.68000030517578,2.122999906539917,4.127500057220459,370.5,530.0,58894.10546875,2593.1865234375,102.45999908447266,1.0972732305526733,149.2220001220703,1363.510009765625,1.2859420776367188,7.173399925231934
2024-08-17,,,,,,,,,,,,,,,,,,,59478.97265625,2614.546875,,,,,,
2024-08-18,,,,,,,,,,,,,,,,,,,58483.96484375,2613.357177734375,,,,,,
2024-08-19,5608.25,19766.490234375,40896.53125,2674.360107421875,37388.62109375,2893.674072265625,17569.5703125,4871.41015625,135778.0,24572.650390625,2501.800048828125,29.239999771118164,74.37000274658203,77.66000366210938,2.234999895095825,4.166500091552734,378.0,528.25,59493.453125,2637.306396484375,101.88999938964844,1.1024993658065796,147.95599365234375,1348.97998046875,1.294716238975525,7.164000034332275
2024-08-20,5597.1201171875,19719.8203125,40834.96875,2696.6298828125,38062.921875,2866.660888671875,17511.080078125,4857.580078125,136087.0,24698.849609375,2511.300048828125,29.454999923706055,74.04000091552734,77.19999694824219,2.197999954223633,4.149499893188477,375.0,533.0,59012.79296875,2573.10693359375,101.44000244140625,1.1086474657058716,146.69900512695312,1330.8800048828125,1.2990386486053467,7.140500068664551
2024-08-21,5620.85009765625,19824.83984375,40890.48828125,2701.1298828125,37951.80078125,2856.583984375,17391.009765625,4885.27978515625,136464.0,24770.19921875,2508.39990234375,29.47599983215332,71.93000030517578,76.05000305175781,2.177000045776367,4.18149995803833,375.5,519.75,61175.19140625,2631.3955078125,101.04000091552734,1.112792730331421,145.3470001220703,1327.5799560546875,1.3035430908203125,7.131999969482422
2024-08-22,5570.64013671875,19491.83984375,40712.78125,2707.669921875,38211.01171875,2848.77197265625,17641.0,4885.0,135173.0,24811.5,2478.89990234375,29.006000518798828,73.01000213623047,77.22000122070312,2.052999973297119,4.140999794006348,371.5,511.0,60381.9140625,2622.951416015625,101.51000213623047,1.115536093711853,145.1179962158203,1333.6600341796875,1.309346079826355,7.131800174713135
2024-08-23,5634.60986328125,19720.869140625,41175.078125,2701.68994140625,38364.26953125,2854.367919921875,17612.099609375,4909.2001953125,135608.0,24823.150390625,2508.39990234375,29.785999298095703,74.83000183105469,79.0199966430664,2.0220000743865967,4.194499969482422,367.75,502.25,64094.35546875,2764.447021484375,100.72000122070312,1.111716389656067,146.20199584960938,1339.5400390625,1.3097747564315796,7.144400119781494
2024-08-24,,,,,,,,,,,,,,,,,,,64178.9921875,2769.3896484375,,,,,,
2024-08-25,,,,,,,,,,,,,,,,,,,64333.54296875,2749.15771484375,,,,,,
2024-08-26,5616.83984375,19516.439453125,41240.51953125,2698.010009765625,38110.21875,2855.52001953125,17798.73046875,4896.68994140625,136889.0,25010.599609375,2517.699951171875,29.976999282836914,77.41999816894531,81.43000030517578,1.9559999704360962,4.21150016784668,362.0,498.0,62880.66015625,2681.340576171875,100.8499984741211,1.1187934875488281,144.0,1323.8800048828125,1.3212658166885376,7.124000072479248
2024-08-27,5625.7998046875,19581.51953125,41250.5,2689.25,38288.62109375,2848.73095703125,17874.669921875,4898.77978515625,136776.0,25017.75,2516.0,29.951000213623047,75.52999877929688,79.55000305175781,1.9040000438690186,4.230500221252441,367.25,508.25,59504.1328125,2458.7265625,100.55000305175781,1.1164700984954834,144.51600646972656,1326.6400146484375,1.3191741704940796,7.118100166320801
2024-08-28,5592.18017578125,19350.779296875,41091.421875,2689.830078125,38371.76171875,2837.428955078125,17692.44921875,4913.02978515625,137344.0,25052.349609375,2501.0,29.176000595092773,74.5199966430664,78.6500015258789,1.9299999475479126,4.144999980926514,365.25,514.25,59027.625,2528.41552734375,101.08999633789062,1.117793083190918,143.97500610351562,1326.3599853515625,1.3257501125335693,7.1230998039245605
2024-08-29,5591.9599609375,19325.44921875,41335.05078125,2662.280029296875,38362.53125,2823.10595703125,17786.3203125,4966.27001953125,136041.0,25151.94921875,2525.699951171875,29.55699920654297,75.91000366210938,79.94000244140625,2.13700008392334,4.147500038146973,371.75,525.0,59388.1796875,2528.792724609375,101.33999633789062,1.1124955415725708,144.43299865722656,1336.68994140625,1.3193656206130981,7.124300003051758
2024-08-30,5648.39990234375,19574.640625,41563.078125,2674.31005859375,38647.75,2842.214111328125,17989.0703125,4957.97998046875,136004.0,25235.900390625,2493.800048828125,28.731000900268555,73.55000305175781,78.80000305175781,2.127000093460083,4.144999980926514,378.0,532.75,59119.4765625,2525.822021484375,101.69999694824219,1.1080454587936401,144.88999938964844,1332.8800048828125,1.3166210651397705,7.0954999923706055
2024-08-31,,,,,,,,,,,,,,,,,,,58969.8984375,2513.393798828125,,,,,,
2024-09-01,,,,,,,,,,,,,,,,,,,57325.48828125,2427.90234375,,,,,,
2024-09-02,,,,2681.0,38700.87109375,2811.034912109375,17691.970703125,4973.06982421875,134981.0,25278.69921875,,,,,,,,,59112.48046875,2538.187255859375,,1.1044842004776,146.38099670410156,1336.5799560546875,1.3128528594970703,7.092100143432617
2024-09-03,5528.93017578125,18958.740234375,40936.9296875,2664.6298828125,38686.30859375,2802.97900390625,17651.490234375,4912.52001953125,134353.0,25279.849609375,2489.89990234375,27.951000213623047,70.33999633789062,73.75,2.203000068664551,4.0320000648498535,386.5,552.0,57431.0234375,2420.603759765625,101.83000183105469,1.1067456007003784,146.7220001220703,1337.550048828125,1.314198613166809,7.116600036621094
2024-09-04,5520.06982421875,18921.400390625,40974.96875,2580.800048828125,37047.609375,2784.278076171875,17457.33984375,4848.18017578125,136111.0,25198.69921875,2493.39990234375,28.16699981689453,69.19999694824219,72.69999694824219,2.1449999809265137,4.019499778747559,390.5,565.25,57971.5390625,2448.97705078125,101.36000061035156,1.1048868894577026,145.35299682617188,1340.4100341796875,1.3114066123962402,7.1203999519348145
2024-09-05,5503.41015625,18930.330078125,40755.75,2575.5,36657.08984375,2788.31396484375,17444.30078125,4815.14990234375,136502.0,25145.099609375,2511.39990234375,28.719999313354492,69.1500015258789,72.69000244140625,2.253999948501587,4.077499866485596,390.0,561.0,56160.48828125,2367.737548828125,101.11000061035156,1.1080454587936401,143.32400512695312,1331.010009765625,1.3144749402999878,7.1118998527526855
2024-09-06,5408.419921875,18421.310546875,40345.41015625,2544.280029296875,36391.46875,2765.806884765625,,4738.06005859375,134572.0,24852.150390625,2493.5,27.808000564575195,67.66999816894531,71.05999755859375,2.2750000953674316,4.014500141143799,383.75,553.25,53948.75390625,2223.87646484375,101.18000030517578,1.1111111640930176,143.39300537109375,1332.7900390625,1.317748785018921,7.091300010681152
2024-09-07,,,,,,,,,,,,,,,,,,,54139.6875,2274.107177734375,,,,,,
2024-09-08,,,,,,,,,,,,,,,,,,,54841.56640625,2297.29296875,,,,,,
2024-09-09,5471.0498046875,18660.779296875,40829.58984375,2535.929931640625,36215.75,2736.488037109375,17196.9609375,4778.66015625,134737.0,24936.400390625,2501.800048828125,28.291000366210938,68.70999908447266,71.83999633789062,2.1700000762939453,4.084499835968018,384.25,555.5,57019.53515625,2358.482177734375,101.55000305175781,1.1087212562561035,142.48599243164062,1337.77001953125,1.3133355379104614,7.087900161743164
2024-09-10,5495.52001953125,18829.140625,40736.9609375,2523.429931640625,36159.16015625,2744.19189453125,17234.08984375,4747.2001953125,134320.0,25041.099609375,2512.300048828125,28.256999969482422,65.75,69.19000244140625,2.2320001125335693,4.040500164031982,379.5,558.75,57648.7109375,2389.5810546875,101.62999725341797,1.1037527322769165,143.177001953125,1341.27001953125,1.307138204574585,7.11359977722168
2024-09-11,5554.1298828125,19237.30078125,40861.7109375,2513.3701171875,35619.76953125,2721.794921875,17108.7109375,4763.580078125,134677.0,24918.44921875,2512.10009765625,28.562999725341797,67.30999755859375,70.61000061035156,2.2699999809265137,4.083000183105469,380.5,563.75,57343.171875,2339.841552734375,101.68000030517578,1.1020983457565308,142.23399353027344,1343.3399658203125,1.3080273866653442,7.120800018310547
2024-09-12,5595.759765625,19423.0703125,41096.76953125,2572.090087890625,36833.26953125,2717.123046875,17240.390625,4814.080078125,134029.0,25388.900390625,2551.199951171875,29.743000030517578,68.97000122070312,71.97000122070312,2.3570001125335693,4.132999897003174,386.25,563.0,58127.01171875,2361.78173828125,101.37000274658203,1.1010911464691162,142.58999633789062,1339.1800537109375,1.3039510250091553,7.119699954986572
2024-09-13,5626.02001953125,19514.58984375,41393.78125,2575.409912109375,36581.76171875,2704.090087890625,17369.08984375,4843.990234375,134882.0,25356.5,2581.300048828125,30.698999404907227,68.6500015258789,71.61000061035156,2.305000066757202,4.175000190734863,390.75,571.25,60571.30078125,2441.607177734375,101.11000061035156,1.1077877283096313,141.49899291992188,1335.68994140625,1.313232183456421,7.116600036621094
2024-09-14,,,,,,,,,,,,,,,,,,,60005.12109375,2418.595703125,,,,,,
2024-09-15,,,,,,,,,,,,,,,,,,,59182.8359375,2320.897216796875,,,,,,
2024-09-16,5633.08984375,19423.060546875,41622.078125,,,,17422.119140625,4827.6298828125,135118.0,25383.75,2580.39990234375,30.770999908447266,70.08999633789062,72.75,2.372999906539917,4.2129998207092285,410.75,578.5,58192.5078125,2295.28369140625,100.76000213623047,1.1088441610336304,140.7899932861328,1329.510009765625,1.3137997388839722,7.092700004577637
2024-09-17,5634.580078125,19432.400390625,41606.1796875,,36203.21875,,17660.01953125,4860.77978515625,134960.0,25418.55078125,2564.300048828125,30.618999481201172,71.19000244140625,73.69999694824219,2.3239998817443848,4.213500022888184,412.5,575.75,60308.5390625,2341.707763671875,100.88999938964844,1.1129536628723145,140.7899932861328,1319.1099853515625,1.3210737705230713,7.09250020980835
2024-09-18,5618.259765625,19344.490234375,41503.1015625,,36380.171875,2717.281005859375,,4835.2998046875,133748.0,25377.55078125,2570.699951171875,30.340999603271484,70.91000366210938,73.6500015258789,2.2839999198913574,4.23799991607666,412.75,575.75,61649.6796875,2369.72900390625,100.5999984741211,1.1123099327087402,142.01499938964844,1322.9300537109375,1.3167423009872437,7.09250020980835
2024-09-19,5713.64013671875,19839.830078125,42025.19140625,2580.800048828125,37155.328125,2736.02197265625,18013.16015625,4943.3798828125,133123.0,25415.80078125,2588.0,31.0939998626709,71.94999694824219,74.87999725341797,2.3480000495910645,4.285999774932861,405.75,565.5,62940.45703125,2464.752197265625,100.61000061035156,1.1114816665649414,142.7100067138672,1322.260009765625,1.3201146125793457,7.080999851226807
2024-09-20,5702.5498046875,19791.490234375,42063.359375,2593.3701171875,37723.91015625,2736.81396484375,18258.5703125,4871.5400390625,131065.0,25790.94921875,2619.89990234375,31.176000595092773,71.91999816894531,74.48999786376953,2.434000015258789,4.281499862670898,401.75,568.5,63192.9765625,2561.072021484375,100.72000122070312,1.1161960363388062,142.85800170898438,1327.6099853515625,1.328179955482483,7.066999912261963
2024-09-21,,,,,,,,,,,,,,,,,,,63394.83984375,2615.857177734375,,,,,,
2024-09-22,,,,,,,,,,,,,,,,,,,63648.7109375,2582.862548828125,,,,,,
2024-09-23,5718.56982421875,19852.19921875,42124.6484375,2602.010009765625,,2748.91796875,18247.109375,4885.56982421875,130568.0,25939.05078125,2626.5,30.767000198364258,70.37000274658203,73.9000015258789,2.61299991607666,4.289000034332275,413.5,582.5,63329.80078125,2648.54638671875,100.91999816894531,1.1160838603973389,144.00399780273438,1331.5,1.331398367881775,7.050899982452393
2024-09-24,5732.93017578125,19944.83984375,42208.21875,2631.679931640625,37940.58984375,2863.1259765625,19000.560546875,4940.72021484375,132156.0,25940.400390625,2651.199951171875,32.111000061035156,71.55999755859375,75.16999816894531,2.5510001182556152,4.429500102996826,411.75,578.0,64301.96875,2654.35498046875,100.37000274658203,1.1111727952957153,143.63800048828125,1333.6199951171875,1.3349887132644653,7.051300048828125
2024-09-25,5722.259765625,19972.609375,41914.75,2596.320068359375,37870.26171875,2896.305908203125,19129.099609375,4916.89013671875,131586.0,26004.150390625,2659.199951171875,31.697999954223633,69.69000244140625,73.45999908447266,2.63700008392334,4.427999973297119,415.25,589.25,63143.14453125,2579.388671875,100.91999816894531,1.1191190481185913,142.96299743652344,1324.8900146484375,1.3427324295043945,7.030200004577637
2024-09-26,5745.3701171875,20115.5390625,42175.109375,2671.570068359375,38925.62890625,3000.952880859375,19924.580078125,5032.58984375,133010.0,26216.05078125,2669.89990234375,32.025001525878906,67.66999816894531,71.5999984741211,2.5850000381469727,4.580999851226807,413.25,584.25,65181.01953125,2632.199951171875,100.55999755859375,1.1131023168563843,144.68299865722656,1335.050048828125,1.3315792083740234,7.032299995422363
2024-09-27,5738.169921875,20008.619140625,42313.0,2649.780029296875,39829.55859375,3087.529052734375,20632.30078125,5067.4501953125,132730.0,26178.94921875,2644.300048828125,31.518999099731445,68.18000030517578,71.9800033569336,2.9019999504089355,4.540999889373779,418.0,580.0,65790.6640625,2695.900634765625,100.41999816894531,1.117717981338501,145.0760040283203,1313.300048828125,1.341381549835205,7.008999824523926
2024-09-28,,,,,,,,,,,,,,,,,,,65887.6484375,2677.5390625,,,,,,
2024-09-29,,,,,,,,,,,,,,,,,,,65635.3046875,2659.346923828125,,,,,,
2024-09-30,5762.47998046875,20060.689453125,42330.1484375,2593.27001953125,37919.55078125,3336.4970703125,21133.6796875,5000.4501953125,131816.0,25810.849609375,2636.10009765625,31.163999557495117,68.16999816894531,71.7699966430664,2.9230000972747803,4.495999813079834,424.75,584.0,63329.5,2603.062744140625,100.77999877929688,1.1169815063476562,142.7830047607422,1309.300048828125,1.338329792022705,7.010300159454346
2024-10-01,5708.75,19773.30078125,42156.96875,,38651.96875,,,4954.14990234375,132495.0,25796.900390625,2667.300048828125,31.44499969482422,69.83000183105469,73.55999755859375,2.8959999084472656,4.5355000495910645,429.0,599.0,60837.0078125,2448.921142578125,101.19000244140625,1.113660216331482,143.7100067138672,1315.3299560546875,1.3376137018203735,7.017499923706055
2024-10-02,5709.5400390625,19802.58984375,42196.51953125,2561.68994140625,37808.76171875,,22443.73046875,4963.2900390625,133515.0,,2647.10009765625,31.628000259399414,70.0999984741211,73.9000015258789,2.885999917984009,4.5960001945495605,432.5,615.25,60632.78515625,2365.231689453125,101.68000030517578,1.1063904762268066,143.73599243164062,1324.8399658203125,1.327404260635376,7.030399799346924
2024-10-03,5699.93994140625,19793.33984375,42011.58984375,,38552.05859375,,22113.509765625,4921.330078125,131672.0,25250.099609375,2657.10009765625,32.18899917602539,73.70999908447266,77.62000274658203,2.9700000286102295,4.501999855041504,428.25,603.5,60759.40234375,2349.791259765625,101.98999786376953,1.1048502922058105,146.58200073242188,1324.030029296875,1.326611876487732,7.037700176239014
2024-10-04,5751.06982421875,20035.01953125,42352.75,2569.7099609375,38635.62109375,,22736.869140625,4954.93994140625,131792.0,25014.599609375,2645.800048828125,32.12799835205078,74.37999725341797,78.05000305175781,2.8540000915527344,4.522500038146973,424.75,589.75,62067.4765625,2414.7939453125,102.5199966430664,1.103557825088501,146.83999633789062,1334.4100341796875,1.3130252361297607,7.045100212097168
2024-10-05,,,,,,,,,,,,,,,,,,,62089.94921875,2415.6318359375,,,,,,
2024-10-06,,,,,,,,,,,,,,,,,,,62818.953125,2439.957763671875,,,,,,
2024-10-07,5695.93994140625,19800.740234375,41954.23828125,2610.3798828125,39332.73828125,,23099.779296875,4969.7099609375,132018.0,24795.75,2644.800048828125,31.7450008392334,77.13999938964844,80.93000030517578,2.746000051498413,4.519000053405762,426.0,592.5,62236.66015625,2421.796630859375,102.54000091552734,1.0974539518356323,148.82000732421875,1345.8800048828125,1.3125253915786743,7.017499923706055
2024-10-08,5751.1298828125,20107.779296875,42080.37109375,2594.360107421875,38937.5390625,3489.77490234375,20926.7890625,4949.0,131512.0,25013.150390625,2615.0,30.354999542236328,73.56999969482422,77.18000030517578,2.7330000400543213,4.4120001792907715,420.75,594.75,62131.96875,2439.8408203125,102.55000305175781,1.0975743532180786,148.14599609375,1342.3699951171875,1.3084723949432373,7.019100189208984
2024-10-09,5792.0400390625,20268.859375,42512.0,,39277.9609375,3258.85791015625,20637.240234375,4982.56982421875,129962.0,24981.94921875,2606.0,30.424999237060547,73.23999786376953,76.58000183105469,2.6600000858306885,4.355000019073486,421.0,599.0,60582.1015625,2368.283447265625,102.93000030517578,1.0975743532180786,148.15899658203125,1341.31005859375,1.309483289718628,7.057799816131592
2024-10-10,5780.0498046875,20241.759765625,42454.12109375,2599.159912109375,39380.890625,3301.926025390625,21251.98046875,4970.33984375,130353.0,24998.44921875,2620.60009765625,31.0049991607666,75.8499984741211,79.4000015258789,2.674999952316284,4.385000228881836,418.5,603.75,60274.5,2383.85791015625,102.98999786376953,1.0943313837051392,149.16000366210938,1343.02001953125,1.306830883026123,7.080100059509277
2024-10-11,5815.02978515625,20271.970703125,42863.859375,2596.909912109375,39605.80078125,3217.738037109375,,5003.919921875,129992.0,24964.25,2657.60009765625,31.520000457763672,75.55999755859375,79.04000091552734,2.631999969482422,4.451499938964844,415.75,599.0,62445.08984375,2436.513427734375,102.88999938964844,1.0933860540390015,148.70399475097656,1349.739990234375,1.3062163591384888,7.080100059509277
2024-10-12,,,,,,,,,,,,,,,,,,,63193.0234375,2476.523193359375,,,,,,
2024-10-13,,,,,,,,,,,,,,,,,,,62851.375,2467.677001953125,,,,,,
2024-10-14,5859.85009765625,20439.05078125,43065.21875,2623.2900390625,,3284.322998046875,21092.869140625,5041.009765625,131005.0,25127.94921875,2647.800048828125,31.08300018310547,73.83000183105469,77.45999908447266,2.49399995803833,4.363500118255615,408.25,585.25,66046.125,2628.89990234375,103.30000305175781,1.0925379991531372,149.33399963378906,1348.3299560546875,1.3049037456512451,7.065199851989746
2024-10-15,5815.259765625,20159.830078125,42740.421875,2633.449951171875,39910.55078125,3201.2919921875,20318.7890625,4946.72998046875,131043.0,25057.349609375,2661.39990234375,31.527000427246094,70.58000183105469,74.25,2.497999906539917,4.30049991607666,401.25,579.5,67041.109375,2606.02197265625,103.26000213623047,1.0909169912338257,149.6699981689453,1357.27001953125,1.3067454099655151,7.087200164794922
2024-10-16,5842.47021484375,20174.05078125,43077.69921875,2610.360107421875,39180.30078125,3202.947998046875,20286.849609375,4908.7099609375,131750.0,24971.30078125,2674.0,31.760000228881836,70.38999938964844,74.22000122070312,2.367000102996826,4.331500053405762,404.75,585.0,67612.71875,2611.10205078125,103.58999633789062,1.0884116888046265,149.0989990234375,1363.1800537109375,1.3065917491912842,7.117800235748291
2024-10-17,5841.47021484375,20190.419921875,43239.05078125,2609.300048828125,38911.19140625,3169.384033203125,20079.099609375,4947.2998046875,130793.0,24749.849609375,2691.0,31.572999954223633,70.66999816894531,74.44999694824219,2.3469998836517334,4.286499977111816,406.75,589.5,67399.8359375,2604.2734375,103.83000183105469,1.0862481594085693,149.5760040283203,1364.199951171875,1.29902184009552,7.1184000968933105
2024-10-18,5864.669921875,20324.0390625,43275.91015625,2593.820068359375,38981.75,3261.56298828125,20804.109375,4986.27001953125,130499.0,24854.05078125,2713.699951171875,33.03200149536133,69.22000122070312,73.05999755859375,2.257999897003174,4.3460001945495605,404.75,572.75,68418.7890625,2641.55224609375,103.48999786376953,1.0829542875289917,150.10000610351562,1370.050048828125,1.301574945449829,7.123000144958496
2024-10-19,,,,,,,,,,,,,,,,,,,68362.734375,2648.656982421875,,,,,,
2024-10-20,,,,,,,,,,,,,,,,,,,69001.703125,2746.364013671875,,,,,,
2024-10-21,5853.97998046875,20361.470703125,42931.6015625,2604.919921875,38954.6015625,3268.110107421875,20478.4609375,4941.22021484375,130362.0,24781.099609375,2723.10009765625,33.86899948120117,70.55999755859375,74.29000091552734,2.312000036239624,4.322999954223633,409.5,572.25,67367.8515625,2665.712158203125,104.01000213623047,1.0868619680404663,149.60000610351562,1369.010009765625,1.3052616119384766,7.100800037384033
2024-10-22,5851.2001953125,20390.4609375,42924.890625,2570.699951171875,38411.9609375,3285.866943359375,20498.94921875,4939.31005859375,129721.0,24472.099609375,2744.199951171875,34.83100128173828,72.08999633789062,76.04000091552734,2.311000108718872,4.3480000495910645,416.5,576.0,67361.40625,2620.197509765625,104.08000183105469,1.0817828178405762,150.60499572753906,1376.5,1.298296570777893,7.118000030517578
2024-10-23,5797.419921875,20066.9609375,42514.94921875,2599.6201171875,38104.859375,3302.802978515625,20760.150390625,4922.5498046875,129233.0,24435.5,2714.39990234375,33.63999938964844,70.7699966430664,74.95999908447266,2.3420000076293945,4.304500102996826,419.0,578.5,66432.1953125,2509.098876953125,104.43000030517578,1.079727053642273,151.13800048828125,1376.6300048828125,1.2982797622680664,7.121699810028076
2024-10-24,5809.85986328125,20232.869140625,42374.359375,2581.030029296875,38143.2890625,3280.262939453125,20489.619140625,4935.4501953125,130067.0,24399.400390625,2734.89990234375,33.611000061035156,70.19000244140625,74.37999725341797,2.5220000743865967,4.319499969482422,421.5,581.5,68161.0546875,2534.49853515625,104.05999755859375,1.0780508518218994,152.7689971923828,1377.3399658203125,1.291372299194336,7.12529993057251
2024-10-25,5808.1201171875,20352.01953125,42114.3984375,2583.27001953125,37913.921875,3299.699951171875,20590.150390625,4943.08984375,129893.0,24180.80078125,2740.89990234375,33.60300064086914,71.77999877929688,76.05000305175781,2.559999942779541,4.3394999504089355,415.25,569.0,66642.4140625,2435.93408203125,104.26000213623047,1.0824151039123535,151.7830047607422,1376.3199462890625,1.2973365783691406,7.11870002746582
2024-10-26,,,,,,,,,,,,,,,,,,,67014.6953125,2479.603271484375,,,,,,
2024-10-27,,,,,,,,,,,,,,,,,,,67929.296875,2505.940673828125,,,,,,
2024-10-28,5823.52001953125,20351.0703125,42387.5703125,2612.429931640625,38605.53125,3322.197998046875,20599.359375,4969.830078125,131213.0,24339.150390625,2742.89990234375,33.83000183105469,67.37999725341797,71.41999816894531,2.309000015258789,4.331999778747559,410.75,558.75,69907.7578125,2565.34814453125,104.31999969482422,1.0796570777893066,152.95199584960938,1387.6600341796875,1.295823574066162,7.120100021362305
2024-10-29,5832.919921875,20550.650390625,42233.05078125,2617.800048828125,38903.6796875,3286.406982421875,20701.140625,4950.02001953125,130730.0,24466.849609375,2768.39990234375,34.26900100708008,67.20999908447266,71.12000274658203,2.3459999561309814,4.332499980926514,413.75,570.5,72720.4921875,2637.95751953125,104.27999877929688,1.0816774368286133,153.1790008544922,1381.969970703125,1.2974711656570435,7.127500057220459
2024-10-30,5813.669921875,20387.69921875,42141.5390625,2593.7900390625,39277.390625,3266.238037109375,20380.640625,4885.75,130639.0,24340.849609375,2788.5,33.91400146484375,68.61000061035156,72.55000305175781,2.8450000286102295,4.327499866485596,411.5,573.25,72339.5390625,2657.37255859375,103.98999786376953,1.0820636749267578,153.2740020751953,1383.1800537109375,1.3014055490493774,7.130099773406982
2024-10-31,5705.4501953125,19890.419921875,41763.4609375,2556.14990234375,39081.25,3279.823974609375,20317.330078125,4827.6298828125,129713.0,24205.349609375,2738.300048828125,32.65299987792969,69.26000213623047,73.16000366210938,2.7070000171661377,4.313499927520752,410.75,570.5,70215.1875,2515.79931640625,103.9800033569336,1.0859178304672241,153.20399475097656,1378.5699462890625,1.2959579229354858,7.114799976348877
2024-11-01,5728.7998046875,20033.140625,42052.19140625,2542.360107421875,38053.671875,3272.013916015625,20506.4296875,4877.75,128121.0,24304.349609375,2738.60009765625,32.54199981689453,69.48999786376953,73.0999984741211,2.6630001068115234,4.347499847412109,414.5,568.0,69482.46875,2511.885498046875,104.27999877929688,1.0886130332946777,151.97999572753906,1372.9300537109375,1.2897733449935913,7.118500232696533
2024-11-02,,,,,,,,,,,,,,,,,,,69289.2734375,2491.068603515625,,,,,,
2024-11-03,,,,,,,,,,,,,,,,,,,68741.1171875,2456.42529296875,,,,,,
2024-11-04,5712.68994140625,19963.599609375,41794.6015625,2588.969970703125,,3310.20703125,20567.51953125,4852.10009765625,130515.0,23995.349609375,2736.10009765625,32.47999954223633,71.47000122070312,75.08000183105469,2.7809998989105225,4.4070000648498535,416.5,568.75,67811.5078125,2397.0263671875,103.88999938964844,1.087453007698059,152.28700256347656,1379.3399658203125,1.2953401803970337,7.121699810028076
2024-11-05,5782.759765625,20227.4609375,42221.87890625,2576.8798828125,38474.8984375,3386.987060546875,21006.970703125,4870.330078125,130661.0,24213.30078125,2740.300048828125,32.654998779296875,71.98999786376953,75.52999877929688,2.6700000762939453,4.450500011444092,418.5,572.5,69359.5625,2422.650634765625,103.41999816894531,1.0874056816101074,152.2760009765625,1372.8599853515625,1.2954542636871338,7.097799777984619
2024-11-06,5929.0400390625,20781.330078125,43729.9296875,2563.510009765625,39480.671875,3383.805908203125,20538.380859375,4800.6298828125,130341.0,24484.05078125,2667.60009765625,31.22100067138672,71.69000244140625,74.91999816894531,2.746999979019165,4.222499847412109,426.25,573.25,75639.078125,2724.169189453125,105.08999633789062,1.093445897102356,151.43499755859375,1378.0,1.3043591976165771,7.102200031280518
2024-11-07,5973.10009765625,21101.5703125,43729.33984375,2564.6298828125,39381.41015625,3470.660888671875,20953.33984375,4851.9599609375,129682.0,24199.349609375,2698.39990234375,31.764999389648438,72.36000061035156,75.62999725341797,2.693000078201294,4.409999847412109,427.5,571.5,75904.859375,2895.58544921875,104.51000213623047,1.073306918144226,154.32000732421875,1399.800048828125,1.2883278131484985,7.1768999099731445
2024-11-08,5995.5400390625,21117.1796875,43988.98828125,2561.14990234375,39500.37109375,3452.297119140625,20728.189453125,4802.759765625,127830.0,24148.19921875,2687.5,31.358999252319336,70.37999725341797,73.87000274658203,2.6689999103546143,4.286499977111816,431.0,572.5,76545.4765625,2962.296630859375,105.0,1.0795172452926636,153.17999267578125,1372.0799560546875,1.2982292175292969,7.141200065612793
2024-11-09,,,,,,,,,,,,,,,,,,,76778.8671875,3131.14453125,,,,,,
2024-11-10,,,,,,,,,,,,,,,,,,,80474.1875,3191.331298828125,,,,,,
2024-11-11,6001.35009765625,21106.58984375,44293.12890625,2531.659912109375,39533.3203125,3470.06591796875,20426.9296875,4854.02978515625,127874.0,24141.30078125,2611.199951171875,30.540000915527344,68.04000091552734,71.83000183105469,2.9200000762939453,4.210999965667725,430.0,565.5,88701.484375,3374.81298828125,105.54000091552734,1.0714898109436035,152.9040069580078,1397.199951171875,1.2917059659957886,7.178199768066406
2024-11-12,5983.990234375,21070.7890625,43910.98046875,2482.570068359375,39376.08984375,3421.969970703125,19846.880859375,4744.68994140625,127698.0,23883.44921875,2600.0,30.68600082397461,68.12000274658203,71.88999938964844,2.9070000648498535,4.119500160217285,428.5,552.25,87955.8125,3246.25732421875,106.0199966430664,1.066439151763916,153.47999572753906,1400.550048828125,1.2874983549118042,7.211100101470947
2024-11-13,5985.3798828125,21036.16015625,43958.19140625,2417.080078125,38721.66015625,3439.278076171875,19823.44921875,4740.33984375,127734.0,23559.05078125,2580.800048828125,30.59000015258789,68.43000030517578,72.27999877929688,2.9830000400543213,4.065999984741211,426.5,541.0,90584.1640625,3192.595947265625,106.4800033569336,1.061672568321228,154.65499877929688,1406.6500244140625,1.2739177942276,7.231599807739258
2024-11-14,5949.169921875,20896.669921875,43750.859375,2418.860107421875,38535.69921875,3379.839111328125,19435.810546875,4833.52978515625,127792.0,23532.69921875,2568.199951171875,30.507999420166016,68.69999694824219,72.55999755859375,2.7850000858306885,4.072999954223633,419.0,530.25,87250.4296875,3058.94873046875,106.66999816894531,1.0564124584197998,155.4290008544922,1399.0,1.27068030834198,7.223499774932861
2024-11-15,5870.6201171875,20394.130859375,43444.98828125,2416.860107421875,38642.91015625,3330.72607421875,19426.33984375,4794.85009765625,,,2565.699951171875,30.371000289916992,67.0199966430664,71.04000091552734,2.822999954223633,4.051000118255615,424.0,536.5,91066.0078125,3103.04052734375,106.69000244140625,1.0530084371566772,156.46800231933594,1400.8299560546875,1.266784906387329,7.2291998863220215
2024-11-16,,,,,,,,,,,,,,,,,,,90558.4765625,3133.27392578125,,,,,,
2024-11-17,,,,,,,,,,,,,,,,,,,89845.8515625,3075.66162109375,,,,,,
2024-11-18,5893.6201171875,20539.189453125,43389.6015625,2469.070068359375,38220.8515625,3323.84912109375,19576.609375,4790.330078125,127768.0,23453.80078125,2610.60009765625,31.163000106811523,69.16000366210938,73.30000305175781,2.9730000495910645,4.107999801635742,429.25,547.25,90542.640625,3207.8564453125,106.27999877929688,1.0533745288848877,154.66400146484375,1394.3499755859375,1.261765956878662,7.230999946594238
2024-11-19,5916.97998046875,20684.58984375,43268.94140625,2471.949951171875,38414.4296875,3346.010009765625,19663.669921875,4751.22998046875,128197.0,23518.5,2627.10009765625,31.20800018310547,69.38999938964844,73.30999755859375,2.997999906539917,4.130000114440918,427.25,549.75,92343.7890625,3111.384033203125,106.20999908447266,1.059490442276001,154.61700439453125,1389.5,1.2679253816604614,7.235400199890137
2024-11-20,5917.10986328125,20667.099609375,43408.46875,2482.2900390625,38352.33984375,3367.989013671875,19705.009765625,4729.7099609375,,,2648.199951171875,30.95599937438965,68.87000274658203,72.80999755859375,3.193000078201294,4.143499851226807,430.25,552.5,94339.4921875,3072.18798828125,106.68000030517578,1.0607603788375854,154.71800231933594,1392.1600341796875,1.2694543600082397,7.238100051879883
2024-11-21,5948.7099609375,20740.779296875,43870.3515625,2480.6298828125,38026.171875,3370.404052734375,19601.109375,4755.830078125,126922.0,23349.900390625,2672.10009765625,30.91200065612793,70.0999984741211,74.2300033569336,3.3389999866485596,4.11299991607666,426.75,548.75,98504.7265625,3361.053955078125,106.97000122070312,1.0546187162399292,155.2949981689453,1397.6199951171875,1.2655344009399414,7.24399995803833
2024-11-22,5969.33984375,20776.23046875,44296.51171875,2501.239990234375,38283.8515625,3267.19189453125,19229.970703125,4789.080078125,129126.0,23907.25,2709.89990234375,31.30900001525879,71.23999786376953,75.16999816894531,3.128999948501587,4.073999881744385,425.5,544.25,98997.6640625,3331.600830078125,107.48999786376953,1.0469341278076172,154.21800231933594,1399.5999755859375,1.2584789991378784,7.233699798583984
2024-11-23,,,,,,,,,,,,,,,,,,,97777.28125,3396.223388671875,,,,,,
2024-11-24,,,,,,,,,,,,,,,,,,,98013.8203125,3363.659912109375,,,,,,
2024-11-25,5987.3701171875,20804.890625,44736.5703125,2534.340087890625,38780.140625,3263.760009765625,19150.990234375,4799.8701171875,129036.0,24221.900390625,2616.800048828125,30.209999084472656,68.94000244140625,73.01000213623047,3.36899995803833,4.0914998054504395,424.75,535.75,93102.296875,3413.5439453125,106.81999969482422,1.0479873418807983,154.14599609375,1403.510009765625,1.2593823671340942,7.242000102996826
2024-11-26,6021.6298828125,20922.900390625,44860.30859375,2520.360107421875,38442.0,3259.757080078125,19159.19921875,4761.990234375,129922.0,24194.5,2620.300048828125,30.38800048828125,68.7699966430664,72.80999755859375,3.430999994277954,4.039000034332275,420.0,539.5,91985.3203125,3326.517333984375,107.01000213623047,1.0444300174713135,154.3780059814453,1395.56005859375,1.2533055543899536,7.239500045776367
2024-11-27,5998.740234375,20744.490234375,44722.05859375,2503.06005859375,38134.96875,3309.779052734375,19603.130859375,4733.14990234375,127669.0,24274.900390625,2639.89990234375,30.111000061035156,68.72000122070312,72.83000183105469,3.2039999961853027,4.066999912261963,415.75,537.75,95962.53125,3657.249267578125,106.08000183105469,1.0491198301315308,153.00900268554688,1395.27001953125,1.2573871612548828,7.251999855041504
2024-11-28,,,,2504.669921875,38349.05859375,3295.697998046875,19366.9609375,4758.64990234375,124610.0,23914.150390625,,,,,,,,,95652.46875,3579.8115234375,,1.0562450885772705,151.33599853515625,1388.469970703125,1.2677645683288574,7.246200084686279
2024-11-29,6032.3798828125,20930.369140625,44910.6484375,2455.909912109375,38208.03125,3326.4560546875,19423.609375,4804.39990234375,125668.0,24131.099609375,2657.0,30.684999465942383,68.0,72.94000244140625,3.36299991607666,4.08050012588501,423.0,532.25,97461.5234375,3593.494384765625,105.73999786376953,1.0563008785247803,151.1739959716797,1393.300048828125,1.2696800231933594,7.2428998947143555
2024-11-30,,,,,,,,,,,,,,,,,,,96449.0546875,3705.705322265625,,,,,,
2024-12-01,,,,,,,,,,,,,,,,,,,97279.7890625,3711.1650390625,,,,,,
2024-12-02,6047.14990234375,21164.599609375,44782.0,2454.47998046875,38513.01953125,3363.98193359375,19550.2890625,4846.72998046875,125236.0,24276.05078125,2634.89990234375,30.448999404907227,68.0999984741211,71.83000183105469,3.2130000591278076,4.075500011444092,424.5,537.5,95865.3046875,3644.198486328125,106.44999694824219,1.0545074939727783,149.8979949951172,1399.8599853515625,1.270163893699646,7.240699768066406
2024-12-03,6049.8798828125,21229.3203125,44705.53125,2500.10009765625,39248.859375,3378.805908203125,19746.3203125,4878.509765625,126139.0,24457.150390625,2644.699951171875,31.07699966430664,69.94000244140625,73.62000274658203,3.0420000553131104,4.145999908447266,423.25,536.75,96002.1640625,3620.711669921875,106.37000274658203,1.0501223802566528,149.50799560546875,1401.06005859375,1.265854835510254,7.270899772644043
2024-12-04,6086.490234375,21492.359375,45014.0390625,2464.0,39276.390625,3364.64990234375,19742.4609375,4919.02001953125,126087.0,24467.44921875,2653.800048828125,31.5049991607666,68.54000091552734,72.30999755859375,3.0429999828338623,4.142000198364258,422.0,538.0,98768.53125,3841.3310546875,106.33999633789062,1.0510826110839844,149.64700317382812,1411.6700439453125,1.2674272060394287,7.28380012512207
2024-12-05,6075.10986328125,21425.220703125,44765.7109375,2441.85009765625,39395.6015625,3368.85498046875,19560.439453125,4951.580078125,127858.0,24708.400390625,2626.60009765625,31.134000778198242,68.30000305175781,72.08999633789062,3.0789999961853027,4.135000228881836,426.5,546.75,96593.5703125,3811.00830078125,105.70999908447266,1.051414132118225,150.56700134277344,1410.800048828125,1.2701154947280884,7.263000011444092
2024-12-06,6090.27001953125,21622.25,44642.51953125,2428.159912109375,39091.171875,3404.075927734375,19865.849609375,4977.77978515625,125946.0,24677.80078125,2638.60009765625,31.18600082397461,67.19999694824219,71.12000274658203,3.0759999752044678,4.138500213623047,430.75,542.5,99920.7109375,4005.810546875,105.97000122070312,1.058559536933899,150.20700073242188,1399.989990234375,1.2759333848953247,7.259200096130371
2024-12-07,,,,,,,,,,,,,,,,,,,99923.3359375,4002.692626953125,,,,,,
2024-12-08,,,,,,,,,,,,,,,,,,,101236.015625,4005.70458984375,,,,,,
2024-12-09,6052.85009765625,21440.8203125,44401.9296875,2360.580078125,39160.5,3402.533935546875,20414.08984375,4985.4599609375,127210.0,24619.0,2664.89990234375,32.215999603271484,68.37000274658203,72.13999938964844,3.181999921798706,4.223499774932861,434.0,541.25,97432.71875,3718.6904296875,106.1500015258789,1.0565463304519653,150.02999877929688,1424.219970703125,1.2749296426773071,7.2692999839782715
2024-12-10,6034.91015625,21368.1796875,44247.828125,2417.840087890625,39367.578125,3422.660888671875,20311.279296875,4951.740234375,128228.0,24610.05078125,2697.60009765625,32.362998962402344,68.58999633789062,72.19000244140625,3.1630001068115234,4.223499774932861,440.5,542.0,96675.4296875,3631.833740234375,106.4000015258789,1.0555204153060913,151.4080047607422,1426.5999755859375,1.2749085426330566,7.259500026702881
2024-12-11,6084.18994140625,21763.98046875,44148.55859375,2442.510009765625,39372.23046875,3432.489990234375,20155.05078125,4959.35009765625,129593.0,24641.80078125,2733.800048828125,32.5620002746582,70.29000091552734,73.5199966430664,3.378000020980835,4.214000225067139,438.0,543.5,101173.03125,3832.822021484375,106.70999908447266,1.0532968044281006,151.8070068359375,1433.949951171875,1.2780042886734009,7.248700141906738
2024-12-12,6051.25,21615.26953125,43914.12109375,2482.1201171875,39849.140625,3461.5,20397.05078125,4965.52978515625,126042.0,24548.69921875,2687.5,31.22800064086914,70.0199966430664,73.41000366210938,3.4549999237060547,4.195000171661377,431.75,538.75,100043.0,3883.1015625,106.95999908447266,1.0506850481033325,152.2449951171875,1429.1500244140625,1.2766337394714355,7.261099815368652
2024-12-13,6051.08984375,21780.25,43828.05859375,2494.4599609375,39470.44140625,3391.8779296875,19971.240234375,4967.9501953125,124612.0,24768.30078125,2656.0,30.655000686645508,71.29000091552734,74.48999786376953,3.2799999713897705,4.14900016784668,430.0,526.5,101459.2578125,3911.205322265625,107.0,1.0474056005477905,152.58700561523438,1427.8599853515625,1.2677323818206787,7.267600059509277
2024-12-14,,,,,,,,,,,,,,,,,,,101372.96875,3868.4052734375,,,,,,
2024-12-15,,,,,,,,,,,,,,,,,,,104298.6953125,3951.941162109375,,,,,,
2024-12-16,6074.080078125,22096.66015625,43717.48046875,2488.969970703125,39457.48828125,3386.3310546875,19795.490234375,4947.02978515625,123560.0,24668.25,2651.39990234375,30.69700050354004,70.70999908447266,73.91000366210938,3.2139999866485596,4.143499851226807,445.0,550.0,106029.71875,3987.48095703125,106.86000061035156,1.051005244255066,153.4530029296875,1434.449951171875,1.2627378702163696,7.275100231170654
2024-12-17,6050.60986328125,22001.080078125,43449.8984375,2456.81005859375,39364.6796875,3361.485107421875,19700.48046875,4942.580078125,124698.0,24336.0,2644.39990234375,30.572999954223633,70.08000183105469,73.19000244140625,3.308000087738037,4.0914998054504395,443.5,545.0,106140.6015625,3886.76611328125,106.95999908447266,1.0517348051071167,154.08599853515625,1431.3499755859375,1.2690355777740479,7.282400131225586
2024-12-18,5872.16015625,21209.3203125,42326.87109375,2484.429931640625,39081.7109375,3382.2080078125,19864.55078125,4957.27978515625,120772.0,24198.849609375,2636.5,30.40999984741211,70.58000183105469,73.38999938964844,3.374000072479248,4.099999904632568,437.25,541.25,100041.5390625,3618.791259765625,108.02999877929688,1.0495051145553589,153.57200622558594,1436.4200439453125,1.2710840702056885,7.284599781036377
2024-12-19,5867.080078125,21110.509765625,42342.23828125,2435.929931640625,38813.578125,3370.032958984375,19752.509765625,4879.0,121188.0,23951.69921875,2592.199951171875,29.0939998626709,69.91000366210938,72.87999725341797,3.5840001106262207,4.020500183105469,440.75,533.0,97490.953125,3417.927978515625,108.41000366210938,1.0350252389907837,154.67300415039062,1451.5,1.2567708492279053,7.285399913787842
2024-12-20,5930.85009765625,21289.150390625,42840.26171875,2404.14990234375,38701.8984375,3368.069091796875,19720.69921875,4862.27978515625,122102.0,23587.5,2628.699951171875,29.65999984741211,69.45999908447266,72.94000244140625,3.747999906539917,4.040999889373779,446.25,533.0,97755.9296875,3472.553466796875,107.62000274658203,1.0364949703216553,157.6439971923828,1437.449951171875,1.2497968673706055,7.295400142669678
2024-12-21,,,,,,,,,,,,,,,,,,,97224.7265625,3337.222412109375,,,,,,
2024-12-22,,,,,,,,,,,,,,,,,,,95104.9375,3277.53515625,,,,,,
2024-12-23,5974.06982421875,21503.169921875,42906.94921875,2442.010009765625,39161.33984375,3351.257080078125,19883.130859375,4852.93017578125,120767.0,23753.44921875,2612.300048828125,29.88800048828125,69.23999786376953,72.62999725341797,3.6559998989105225,4.0229997634887695,447.75,540.5,94686.2421875,3415.785400390625,108.04000091552734,1.0433076620101929,156.5330047607422,1445.4200439453125,1.256991982460022,7.295400142669678
2024-12-24,6040.0400390625,21797.650390625,43297.03125,2440.52001953125,39036.8515625,3393.528076171875,20098.2890625,,,23727.650390625,2620.0,29.974000930786133,70.0999984741211,73.58000183105469,3.946000099182129,4.049499988555908,448.5,534.75,98676.09375,3492.0498046875,108.26000213623047,1.0405826568603516,157.1649932861328,1442.699951171875,1.2534469366073608,7.296999931335449
2024-12-25,,,,,39130.4296875,3393.35009765625,,,,,,,,,,,,,99299.1953125,3493.2353515625,,1.0402579307556152,157.10699462890625,1453.4200439453125,1.2536041736602783,7.294600009918213
2024-12-26,6037.58984375,21768.310546875,43325.80078125,2429.669921875,39568.05859375,3398.076904296875,,,121078.0,23750.19921875,2638.800048828125,30.047000885009766,69.62000274658203,73.26000213623047,3.7149999141693115,4.072000026702881,453.75,541.0,95795.515625,3331.225830078125,108.12999725341797,1.0399551391601562,157.13299560546875,1457.6099853515625,1.254374623298645,7.2972002029418945
2024-12-27,5970.83984375,21473.01953125,42992.2109375,2404.77001953125,40281.16015625,3400.14208984375,20090.4609375,4898.8798828125,120269.0,23813.400390625,2617.199951171875,29.655000686645508,70.5999984741211,74.16999816894531,3.5139999389648438,4.0625,454.0,546.5,94164.859375,3328.9169921875,108.0,1.0423181056976318,157.7480010986328,1466.989990234375,1.2529758214950562,7.297299861907959
2024-12-28,,,,,,,,,,,,,,,,,,,95163.9296875,3397.90234375,,,,,,
2024-12-29,,,,,,,,,,,,,,,,,,,93530.2265625,3349.513427734375,,,,,,
2024-12-30,5906.93994140625,21197.08984375,42573.73046875,2399.489990234375,39894.5390625,3407.325927734375,20041.419921875,4869.27978515625,120283.0,23644.900390625,2606.10009765625,29.106000900268555,70.98999786376953,74.38999938964844,3.936000108718872,4.045499801635742,452.25,548.25,92643.2109375,3356.392578125,108.12999725341797,1.0429377555847168,157.8730010986328,1472.800048828125,1.257880687713623,7.297800064086914
2024-12-31,5881.6298828125,21012.169921875,42544.21875,,,3351.762939453125,20059.94921875,,,23644.80078125,2629.199951171875,28.940000534057617,71.72000122070312,74.63999938964844,3.632999897003174,3.9860000610351562,458.5,551.5,93429.203125,3332.53173828125,108.48999786376953,1.040615200996399,156.9949951171875,1467.3900146484375,1.254909873008728,7.298099994659424
2025-01-01,,,,,,,,,,23742.900390625,,,,,,,,,94419.7578125,3353.504150390625,,,,,,
2025-01-02,5868.5498046875,20975.619140625,42392.26953125,2398.93994140625,,3262.56103515625,19623.3203125,,120125.0,24188.650390625,2658.89990234375,29.621999740600586,73.12999725341797,75.93000030517578,3.6600000858306885,3.9885001182556152,459.5,545.75,96886.875,3451.392578125,109.38999938964844,1.0351860523223877,157.718994140625,1473.52001953125,1.2519248723983765,7.298099994659424
2025-01-03,5942.47021484375,21326.16015625,42732.12890625,2441.919921875,,3211.429931640625,19760.26953125,4871.4501953125,118533.0,24004.75,2645.0,29.805999755859375,73.95999908447266,76.51000213623047,3.3540000915527344,4.0395002365112305,450.75,529.25,98107.4296875,3605.009765625,108.94999694824219,1.0268205404281616,157.36199951171875,1471.6500244140625,1.2380222082138062,7.298600196838379
2025-01-04,,,,,,,,,,,,,,,,,,,98236.2265625,3657.706787109375,,,,,,
2025-01-05,,,,,,,,,,,,,,,,,,,98314.9609375,3634.103759765625,,,,,,
2025-01-06,5975.3798828125,21559.5,42706.55859375,2488.639892578125,39307.05078125,3206.923095703125,19688.2890625,4986.64013671875,120022.0,23616.05078125,2638.39990234375,30.341999053955078,73.55999755859375,76.30000305175781,3.671999931335449,4.126999855041504,457.75,540.5,102078.0859375,3688.611328125,108.26000213623047,1.0305347442626953,157.4810028076172,1465.530029296875,1.2426837682724,7.3196001052856445
2025-01-07,5909.02978515625,21173.0390625,42528.359375,2492.10009765625,40083.30078125,3229.64404296875,19447.580078125,5011.81982421875,121163.0,23707.900390625,2656.699951171875,30.44700050354004,74.25,77.05000305175781,3.4489998817443848,4.1605000495910645,458.0,542.5,96922.703125,3381.577392578125,108.54000091552734,1.0386372804641724,157.7429962158203,1459.449951171875,1.2510946989059448,7.322299957275391
2025-01-08,5918.25,21180.970703125,42635.19921875,2521.050048828125,39981.05859375,3230.16796875,19279.83984375,4996.39013671875,119625.0,23688.94921875,2664.5,30.45199966430664,73.31999969482422,76.16000366210938,3.6510000228881836,4.227499961853027,454.0,536.25,95043.5234375,3326.329345703125,109.08999633789062,1.034554123878479,158.23599243164062,1451.8800048828125,1.247785210609436,7.326399803161621
2025-01-09,,,,2521.89990234375,39605.08984375,3211.39306640625,19240.890625,5017.91015625,119781.0,23526.5,2683.800048828125,30.791000366210938,73.91999816894531,76.91999816894531,3.7009999752044678,4.2795000076293945,456.0,534.0,92484.0390625,3219.4306640625,109.18000030517578,1.0314701795578003,158.19200134277344,1457.969970703125,1.2359870672225952,7.331500053405762
2025-01-10,5827.0400390625,20847.580078125,41938.44921875,2515.780029296875,39190.3984375,3168.52392578125,19064.2890625,4977.259765625,118856.0,23431.5,2708.5,31.090999603271484,76.56999969482422,79.76000213623047,3.989000082015991,4.274499893188477,470.5,530.75,94701.453125,3267.489990234375,109.6500015258789,1.0297601222991943,158.04800415039062,1455.22998046875,1.2299367189407349,7.332099914550781
2025-01-11,,,,,,,,,,,,,,,,,,,94566.59375,3282.2177734375,,,,,,
2025-01-12,,,,,,,,,,,,,,,,,,,94488.4375,3265.951171875,,,,,,
2025-01-13,5836.22021484375,20784.720703125,42297.12109375,2489.56005859375,,3160.7548828125,18874.140625,4954.2099609375,119007.0,23085.94921875,2673.5,30.090999603271484,78.81999969482422,81.01000213623047,3.934000015258789,4.295499801635742,476.5,545.0,94516.5234375,3135.499755859375,109.95999908447266,1.0244431495666504,157.88699340820312,1472.25,1.2204945087432861,7.331699848175049
2025-01-14,5842.91015625,20757.41015625,42518.28125,2497.39990234375,38474.30078125,3240.93994140625,19219.779296875,4980.47021484375,119299.0,23176.05078125,2677.5,30.131999969482422,77.5,79.91999816894531,3.9679999351501465,4.310500144958496,474.5,546.25,96534.046875,3223.6845703125,109.2699966430664,1.0265253782272339,157.36399841308594,1458.8900146484375,1.2233314514160156,7.329800128936768
2025-01-15,5949.91015625,21237.849609375,43221.55078125,2496.81005859375,38444.578125,3227.116943359375,19286.0703125,5032.31005859375,122650.0,23213.19921875,2712.5,31.319000244140625,80.04000091552734,82.02999877929688,4.083000183105469,4.359499931335449,478.75,547.0,100504.4921875,3450.53759765625,109.08999633789062,1.0306835174560547,158.0500030517578,1460.43994140625,1.221344232559204,7.330900192260742
2025-01-16,5937.33984375,21091.25,43153.12890625,2527.489990234375,38572.6015625,3236.031982421875,19522.890625,5106.93017578125,121234.0,23311.80078125,2746.39990234375,31.523000717163086,78.68000030517578,81.29000091552734,4.257999897003174,4.4105000495910645,474.5,537.5,99756.90625,3308.34521484375,108.95999908447266,1.0295268297195435,156.2550048828125,1437.219970703125,1.2243348360061646,7.330100059509277
2025-01-17,5996.66015625,21441.16015625,43487.828125,2523.550048828125,38451.4609375,3241.821044921875,19584.060546875,5148.2998046875,122350.0,23203.19921875,2744.300048828125,30.951000213623047,77.87999725341797,80.79000091552734,3.947999954223633,4.337500095367432,484.25,538.75,104462.0390625,3474.107177734375,109.3499984741211,1.0301949977874756,155.3560028076172,1453.3199462890625,1.2236906290054321,7.330999851226807
2025-01-18,,,,,,,,,,,,,,,,,,,104408.0703125,3305.78955078125,,,,,,
2025-01-19,,,,,,,,,,,,,,,,,,,101089.609375,3208.96435546875,,,,,,
2025-01-20,,,,2520.050048828125,38902.5,3244.3779296875,19925.810546875,5164.43994140625,122543.0,23344.75,,,,,,,,,102016.6640625,3278.035400390625,,1.0277386903762817,156.30599975585938,1457.3800048828125,1.2171002626419067,7.323999881744385
2025-01-21,6049.240234375,21566.509765625,44025.80859375,2518.030029296875,39027.98046875,3242.623046875,20106.55078125,5165.9599609375,123338.0,23024.650390625,2755.0,31.31100082397461,75.88999938964844,79.29000091552734,3.75600004196167,4.310999870300293,490.0,558.75,106146.265625,3327.40625,108.05999755859375,1.0420682430267334,155.24899291992188,1435.530029296875,1.233136773109436,7.313300132751465
2025-01-22,6086.3701171875,21853.0,44156.73046875,2547.06005859375,39646.25,3213.6240234375,19778.76953125,5205.830078125,122972.0,23155.349609375,2767.60009765625,31.23900032043457,75.44000244140625,79.0,3.9600000381469727,4.271500110626221,484.25,554.0,103653.0703125,3240.224609375,108.16999816894531,1.0405935049057007,155.7740020751953,1425.7900390625,1.2335399389266968,7.271200180053711
2025-01-23,6118.7099609375,21900.9296875,44565.0703125,2515.489990234375,39958.87109375,3230.1640625,19700.560546875,5217.5,122483.0,23205.349609375,2763.10009765625,30.67300033569336,74.62000274658203,78.29000091552734,3.944999933242798,4.299499988555908,489.75,554.0,103960.171875,3334.714111328125,108.05000305175781,1.0410159826278687,156.44000244140625,1434.3399658203125,1.231420874595642,7.271200180053711
2025-01-24,6101.240234375,21774.009765625,44424.25,2536.800048828125,39931.98046875,3252.6259765625,20066.189453125,5219.3701171875,122447.0,23092.19921875,2777.300048828125,31.023000717163086,74.66000366210938,78.5,4.0269999504089355,4.289999961853027,486.5,544.0,104819.484375,3309.554931640625,107.44000244140625,1.041601538658142,156.15499877929688,1433.9300537109375,1.2353914976119995,7.286200046539307
2025-01-25,,,,,,,,,,,,,,,,,,,104714.6484375,3317.26953125,,,,,,
2025-01-26,,,,,,,,,,,,,,,,,,,102682.5,3236.13427734375,,,,,,
2025-01-27,6012.27978515625,21127.279296875,44713.578125,,39565.80078125,3250.60107421875,20197.76953125,5188.4501953125,124862.0,22829.150390625,2737.5,30.253999710083008,73.16999816894531,77.08000183105469,3.697000026702881,4.203499794006348,482.0,535.5,102087.6875,3178.92041015625,107.33999633789062,1.0467586517333984,155.74400329589844,1427.6300048828125,1.2459352016448975,7.243100166320801
2025-01-28,6067.7001953125,21463.0390625,44850.3515625,,39016.87109375,,20225.109375,5195.7099609375,124056.0,22957.25,2766.800048828125,30.726999282836914,73.7699966430664,77.48999786376953,3.4709999561309814,4.2204999923706055,485.25,545.25,101332.4765625,3077.112548828125,107.87000274658203,1.0445064306259155,154.90899658203125,1417.9200439453125,1.2460592985153198,7.250699996948242
2025-01-29,6039.31005859375,21411.4609375,44713.51953125,,39414.78125,,,5230.66015625,123432.0,23163.099609375,2769.10009765625,31.238000869750977,72.62000274658203,76.58000183105469,3.5350000858306885,4.257500171661377,497.0,562.5,103703.2109375,3112.9990234375,108.0,1.0429050922393799,155.5590057373047,1443.260009765625,1.2441680431365967,7.250199794769287
2025-01-30,6071.169921875,21508.119140625,44882.12890625,,39513.96875,,,5282.2099609375,126913.0,23249.5,2823.0,32.36399841308594,72.7300033569336,76.87000274658203,3.046999931335449,4.288000106811523,490.25,566.5,104735.3046875,3247.780029296875,107.80000305175781,1.0425245761871338,155.1699981689453,1443.3199462890625,1.245530128479004,7.169000148773193
2025-01-31,6040.52978515625,21478.05078125,44544.66015625,2517.3701171875,39572.48828125,,,5286.8701171875,126135.0,23508.400390625,2812.5,32.12799835205078,72.52999877929688,76.76000213623047,3.0439999103546143,4.26200008392334,482.0,559.5,102405.0234375,3298.26513671875,108.37000274658203,1.0397279262542725,154.0970001220703,1441.6600341796875,1.2423903942108154,7.1809000968933105
2025-02-01,,,,,,,,,,23482.150390625,,,,,,,,,100655.90625,3118.32861328125,,,,,,
2025-02-02,,,,,,,,,,,,,,,,,,,97688.9765625,2868.69287109375,,,,,,
2025-02-03,5994.56982421875,21297.580078125,44421.91015625,2453.949951171875,38520.08984375,,20217.259765625,5217.91015625,125970.0,23361.05078125,2833.89990234375,32.391998291015625,73.16000366210938,75.95999908447266,3.3519999980926514,4.294000148773193,488.75,566.75,101405.421875,2884.566650390625,108.98999786376953,1.024779200553894,155.36300659179688,1456.780029296875,1.2291958332061768,7.185800075531006
2025-02-04,6037.8798828125,21566.919921875,44556.0390625,2481.68994140625,38798.37109375,,20789.9609375,5264.58984375,125147.0,23739.25,2853.300048828125,32.88800048828125,72.69999694824219,76.19999694824219,3.253000020980835,4.34250020980835,494.5,577.0,97871.8203125,2735.05126953125,107.95999908447266,1.0327378511428833,155.27699279785156,1459.050048828125,1.2431780099868774,7.195000171661377
2025-02-05,6061.47998046875,21658.16015625,44873.28125,2509.27001953125,38831.48046875,3229.488037109375,20597.08984375,5271.1201171875,125534.0,23696.30078125,2871.60009765625,32.856998443603516,71.02999877929688,74.61000061035156,3.359999895095825,4.434500217437744,493.25,572.25,96615.4453125,2787.779052734375,107.58000183105469,1.0372798442840576,154.13299560546875,1450.1600341796875,1.2478163242340088,7.1819000244140625
2025-02-06,6083.56982421875,21774.0703125,44747.62890625,2536.75,39066.53125,3270.658935546875,20891.619140625,5356.6298828125,126225.0,23603.349609375,2856.0,32.518001556396484,70.61000061035156,74.29000091552734,3.4079999923706055,4.453499794006348,495.25,587.75,96593.296875,2688.40087890625,107.69000244140625,1.0400848388671875,152.6060028076172,1443.8900146484375,1.2504063844680786,7.270500183105469
2025-02-07,6025.990234375,21491.310546875,44303.3984375,2521.919921875,38787.01953125,3303.6669921875,21133.5390625,5325.39990234375,124619.0,23559.94921875,2867.300048828125,32.334999084472656,71.0,74.66000366210938,3.309000015258789,4.581500053405762,487.5,582.75,96529.0859375,2622.211181640625,108.04000091552734,1.0385725498199463,151.1929931640625,1442.1500244140625,1.2437502145767212,7.287799835205078
2025-02-08,,,,,,,,,,,,,,,,,,,96482.453125,2632.308349609375,,,,,,
2025-02-09,,,,,,,,,,,,,,,,,,,96500.09375,2628.72119140625,,,,,,
2025-02-10,6066.43994140625,21756.73046875,44470.41015625,2521.27001953125,38801.171875,3322.169921875,21521.98046875,5358.2998046875,125572.0,23381.599609375,2914.300048828125,32.391998291015625,72.31999969482422,75.87000274658203,3.444000005722046,4.700500011444092,491.5,579.5,97437.5546875,2661.166748046875,108.31999969482422,1.0311616659164429,151.8459930419922,1450.6199951171875,1.2391574382781982,7.286799907684326
2025-02-11,6068.5,21693.51953125,44593.6484375,2539.050048828125,,3318.056884765625,21294.859375,5390.91015625,126522.0,23071.80078125,2912.5,32.23099899291992,73.31999969482422,77.0,3.5190000534057617,4.5945000648498535,484.0,577.0,95747.4296875,2602.781982421875,107.95999908447266,1.0301525592803955,151.75900268554688,1453.2099609375,1.2360633611679077,7.304500102996826
2025-02-12,6051.97021484375,21719.259765625,44368.55859375,2548.389892578125,38963.69921875,3346.385009765625,21857.919921875,5405.64990234375,124380.0,23045.25,2909.0,32.69499969482422,71.37000274658203,75.18000030517578,3.565000057220459,4.697999954223633,490.25,574.25,97885.859375,2736.902099609375,107.94000244140625,1.0364949703216553,152.73899841308594,1450.75,1.245159387588501,7.307199954986572
2025-02-13,6115.06982421875,22030.7109375,44711.4296875,2583.169921875,39461.46875,3332.48291015625,21814.369140625,5500.5,124850.0,23031.400390625,2925.89990234375,32.650001525878906,71.29000091552734,75.0199966430664,3.628000020980835,4.769000053405762,493.5,577.75,96623.8671875,2675.902587890625,107.30999755859375,1.039198637008667,154.2550048828125,1452.1199951171875,1.2450664043426514,7.308800220489502
2025-02-14,6114.6298828125,22114.689453125,44546.078125,2591.050048828125,39149.4296875,3346.72412109375,22620.330078125,5493.39990234375,128219.0,22929.25,2883.60009765625,32.80099868774414,70.73999786376953,74.73999786376953,3.7249999046325684,4.656499862670898,496.25,600.0,97508.96875,2726.091552734375,106.56999969482422,1.0461673736572266,152.98899841308594,1438.739990234375,1.2563445568084717,7.28879976272583
2025-02-15,,,,,,,,,,,,,,,,,,,97580.3515625,2693.559814453125,,,,,,
2025-02-16,,,,,,,,,,,,,,,,,,,96175.03125,2663.31591796875,,,,,,
2025-02-17,,,,2610.419921875,39174.25,3355.830078125,22616.23046875,5519.830078125,128869.0,22959.5,,,,,,,,,95773.3828125,2743.19970703125,,1.0489217042922974,152.0229949951172,1432.5999755859375,1.2584155797958374,7.252999782562256
2025-02-18,6129.580078125,22164.609375,44556.33984375,2626.81005859375,39270.3984375,3324.490966796875,22976.810546875,5533.83984375,128532.0,22945.30078125,2931.60009765625,33.31700134277344,71.8499984741211,75.83999633789062,4.006999969482422,4.585000038146973,502.0,604.75,95539.546875,2669.3388671875,107.05000305175781,1.048536777496338,151.44400024414062,1441.2900390625,1.262148141860962,7.252999782562256
2025-02-19,6144.14990234375,22175.599609375,44627.58984375,2671.52001953125,39164.609375,3351.5390625,22944.240234375,5461.169921875,127309.0,22932.900390625,2919.39990234375,32.99300003051758,72.25,76.04000091552734,4.28000020980835,4.557000160217285,497.5,592.0,96635.609375,2715.77099609375,107.16999816894531,1.044833779335022,151.93099975585938,1440.0799560546875,1.2625784873962402,7.278600215911865
2025-02-20,6117.52001953125,22068.060546875,44176.6484375,2654.06005859375,38678.0390625,3350.782958984375,22576.98046875,5461.02978515625,127601.0,22913.150390625,2940.0,33.444000244140625,72.56999969482422,76.4800033569336,4.1519999504089355,4.607999801635742,498.0,585.5,98333.9375,2740.386474609375,106.33999633789062,1.0421009063720703,151.22000122070312,1439.97998046875,1.2584155797958374,7.283299922943115
2025-02-21,6013.1298828125,21614.080078125,43428.01953125,2654.580078125,38776.94140625,3379.113037109375,23477.919921875,5474.85009765625,127128.0,22795.900390625,2937.60009765625,32.97600173950195,70.4000015258789,74.43000030517578,4.234000205993652,4.559999942779541,491.25,590.0,96125.546875,2659.655517578125,106.61000061035156,1.0500562191009521,149.4080047607422,1431.699951171875,1.2670401334762573,7.255499839782715
2025-02-22,,,,,,,,,,,,,,,,,,,96577.7578125,2764.029296875,,,,,,
2025-02-23,,,,,,,,,,,,,,,,,,,96273.921875,2821.310302734375,,,,,,
2025-02-24,5983.25,21352.080078125,43461.2109375,2645.27001953125,,3373.028076171875,23341.609375,5453.759765625,125401.0,22553.349609375,2947.89990234375,32.57500076293945,70.69999694824219,74.77999877929688,3.99399995803833,4.517000198364258,482.5,579.0,91418.171875,2513.8212890625,106.5999984741211,1.0474823713302612,149.38699340820312,1434.2900390625,1.2649900913238525,7.25
2025-02-25,5955.25,21087.25,43621.16015625,2630.2900390625,38237.7890625,3346.0400390625,23034.01953125,5447.89990234375,125980.0,22547.55078125,2904.5,31.801000595092773,68.93000030517578,73.0199966430664,4.173999786376953,4.486000061035156,479.75,572.75,88736.171875,2493.592529296875,106.30999755859375,1.0461344718933105,149.86399841308594,1428.6500244140625,1.261781930923462,7.247600078582764
2025-02-26,5956.06005859375,21132.919921875,43433.12109375,2641.090087890625,38142.37109375,3380.214111328125,23787.9296875,5527.990234375,124769.0,,2916.800048828125,32.25299835205078,68.62000274658203,72.52999877929688,3.9059998989105225,4.541999816894531,478.25,566.0,84347.0234375,2331.45263671875,106.41999816894531,1.0524100065231323,149.0780029296875,1429.5,1.2674431800842285,7.247600078582764
2025-02-27,5861.56982421875,20550.94921875,43239.5,2621.75,38256.171875,3388.06201171875,23718.2890625,5472.56005859375,124799.0,22545.05078125,2883.199951171875,31.801000595092773,70.3499984741211,74.04000091552734,3.934000015258789,4.579999923706055,464.75,546.75,84704.2265625,2305.484375,107.23999786376953,1.0488777160644531,148.83799743652344,1434.4200439453125,1.2682307958602905,7.257999897003174
2025-02-28,5954.5,20884.41015625,43840.91015625,2532.780029296875,37155.5,3320.89697265625,22941.3203125,5463.5400390625,122799.0,22124.69921875,2836.800048828125,31.2189998626709,69.76000213623047,73.18000030517578,3.8340001106262207,4.514500141143799,453.5,537.0,84373.0078125,2237.9052734375,107.61000061035156,1.039511799812317,150.01199340820312,1449.8599853515625,1.259890079498291,7.285299777984619
2025-03-01,,,,,,,,,,,,,,,,,,,86031.9140625,2216.643310546875,,,,,,
2025-03-02,,,,,,,,,,,,,,,,,,,94248.3515625,2519.694580078125,,,,,,
2025-03-03,5849.72021484375,20425.580078125,43191.23828125,,37785.46875,3316.925048828125,23006.26953125,5540.68994140625,,22119.30078125,2890.199951171875,32.03200149536133,68.37000274658203,71.62000274658203,4.122000217437744,4.576499938964844,440.25,532.0,86065.671875,2145.573974609375,106.75,1.0413846969604492,150.77099609375,1459.800048828125,1.260398268699646,7.282800197601318
2025-03-04,5778.14990234375,20352.529296875,42520.98828125,2528.919921875,37331.1796875,3324.2099609375,22941.76953125,5387.31005859375,,22082.650390625,2909.60009765625,32.108001708984375,68.26000213623047,71.04000091552734,4.349999904632568,4.527500152587891,436.0,518.5,87222.1953125,2170.01513671875,105.73999786376953,1.0485037565231323,149.30499267578125,1457.9300537109375,1.270147681236267,7.284299850463867
2025-03-05,5842.6298828125,20628.4609375,43006.58984375,2558.1298828125,37418.23828125,3341.965087890625,23594.2109375,5489.1201171875,123047.0,22337.30078125,2915.300048828125,32.858001708984375,66.30999755859375,69.30000305175781,4.449999809265137,4.766499996185303,440.25,530.75,90623.5625,2241.977294921875,105.73999786376953,1.062699317932129,149.7989959716797,1452.8499755859375,1.2794268131256104,7.265100002288818
2025-03-06,5738.52001953125,20052.630859375,42579.078125,2576.159912109375,37704.9296875,3381.097900390625,24369.7109375,5520.47021484375,123358.0,22544.69921875,2916.60009765625,33.0629997253418,66.36000061035156,69.45999908447266,4.302000045776367,4.7789998054504395,449.5,537.0,89961.7265625,2202.476806640625,104.05999755859375,1.0794938802719116,148.8979949951172,1443.030029296875,1.2891913652420044,7.2505998611450195
2025-03-07,5770.2001953125,20201.369140625,42801.71875,2563.47998046875,36887.171875,3372.5458984375,24231.30078125,5468.41015625,125035.0,22552.5,2904.699951171875,32.54800033569336,67.04000091552734,70.36000061035156,4.39900016784668,4.683000087738037,455.25,533.75,86742.671875,2138.987548828125,103.83999633789062,1.0787951946258545,148.10800170898438,1446.5,1.2885303497314453,7.2505998611450195
2025-03-08,,,,,,,,,,,,,,,,,,,86154.59375,2201.51025390625,,,,,,
2025-03-09,,,,,,,,,,,,,,,,,,,80601.0390625,2015.5091552734375,,,,,,
2025-03-10,5614.56005859375,19430.94921875,41911.7109375,2570.389892578125,37028.26953125,3366.1630859375,23783.490234375,5386.97998046875,124519.0,22460.30078125,2891.0,32.275001525878906,66.02999877929688,69.27999877929688,4.491000175476074,4.639500141143799,458.75,545.25,78532.0,1861.1513671875,103.91000366210938,1.086059331893921,147.60800170898438,1446.260009765625,1.2932428121566772,7.234000205993652
2025-03-11,5572.06982421875,19376.9609375,41433.48046875,2537.60009765625,36793.109375,3379.827880859375,23782.140625,5309.89990234375,123507.0,22497.900390625,2912.89990234375,32.88800048828125,66.25,69.55999755859375,4.453000068664551,4.739999771118164,456.5,541.0,82862.2109375,1919.844970703125,103.44000244140625,1.0839403867721558,147.06900024414062,1457.030029296875,1.2875481843948364,7.259099960327148
2025-03-12,5599.2998046875,19596.01953125,41350.9296875,2574.820068359375,36819.08984375,3371.924072265625,23600.310546875,5359.419921875,123864.0,22470.5,2939.10009765625,33.48400115966797,67.68000030517578,70.94999694824219,4.084000110626221,4.821000099182129,448.75,538.75,83722.359375,1908.982666015625,103.61000061035156,1.0914170742034912,148.04200744628906,1451.02001953125,1.294481635093689,7.259099960327148
2025-03-13,5521.52001953125,19225.48046875,40813.5703125,2573.639892578125,36790.03125,3358.72900390625,23462.650390625,5328.39013671875,125637.0,22397.19921875,2984.300048828125,34.05099868774414,66.55000305175781,69.87999725341797,4.111000061035156,4.898499965667725,453.5,547.25,81066.703125,1862.9696044921875,103.83000183105469,1.0886249542236328,148.2790069580078,1448.75,1.2964283227920532,7.237100124359131
2025-03-14,5638.93994140625,19704.640625,41488.19140625,2566.360107421875,37053.1015625,3419.56201171875,23959.98046875,5404.18017578125,128957.0,,2994.5,34.1870002746582,67.18000030517578,70.58000183105469,4.104000091552734,4.869500160217285,445.5,545.75,83969.1015625,1909.467529296875,103.72000122070312,1.085564136505127,147.94900512695312,1453.22998046875,1.2958402633666992,7.237100124359131
2025-03-15,,,,,,,,,,,,,,,,,,,84343.109375,1937.3946533203125,,,,,,
2025-03-16,,,,,,,,,,,,,,,,,,,82579.6875,1887.43505859375,,,,,,
2025-03-17,5675.1201171875,19812.240234375,41841.62890625,2610.68994140625,37396.51953125,3426.12890625,24145.5703125,5445.5498046875,130834.0,22508.75,3000.0,34.07400131225586,67.58000183105469,71.06999969482422,4.01800012588501,4.933499813079834,461.0,568.5,84075.6875,1927.0029296875,103.37000274658203,1.0881274938583374,148.59800720214844,1449.050048828125,1.2930588722229004,7.237100124359131
2025-03-18,5614.66015625,19483.359375,41581.30859375,2612.340087890625,37845.421875,3429.759033203125,24740.5703125,5485.009765625,131475.0,22834.30078125,3035.10009765625,34.57899856567383,66.9000015258789,70.55999755859375,4.052000045776367,4.993000030517578,458.75,565.0,82718.5,1932.54345703125,103.23999786376953,1.091917634010315,149.37899780273438,1442.489990234375,1.2985326051712036,7.232699871063232
2025-03-19,5675.2900390625,19736.66015625,41964.62890625,2628.6201171875,37751.87890625,3426.428955078125,24771.140625,5507.35986328125,132508.0,22907.599609375,3035.89990234375,33.974998474121094,67.16000366210938,70.77999877929688,4.247000217437744,5.076000213623047,462.0,563.5,86854.2265625,2057.7490234375,103.43000030517578,1.093948245048523,149.45199584960938,1448.93994140625,1.3000519275665283,7.22730016708374
2025-03-20,5662.89013671875,19677.609375,41953.3203125,2637.10009765625,,3408.947998046875,24219.94921875,5450.93017578125,131955.0,23190.650390625,3040.0,33.7859992980957,68.26000213623047,72.0,3.9749999046325684,5.085000038146973,469.0,557.25,84167.1953125,1982.099853515625,103.8499984741211,1.0911908149719238,148.49000549316406,1443.3900146484375,1.3010668754577637,7.230000019073486
2025-03-21,5667.56005859375,19753.970703125,41985.3515625,2643.1298828125,37677.05859375,3364.8310546875,23689.720703125,5423.830078125,132345.0,23350.400390625,3018.199951171875,33.290000915527344,68.27999877929688,72.16000366210938,3.9800000190734863,5.087500095367432,464.25,558.25,84043.2421875,1964.8475341796875,104.08999633789062,1.0856702327728271,148.5959930419922,1465.8199462890625,1.2967981100082397,7.247700214385986
2025-03-22,,,,,,,,,,,,,,,,,,,83832.484375,1980.037841796875,,,,,,
2025-03-23,,,,,,,,,,,,,,,,,,,86054.375,2005.2991943359375,,,,,,
2025-03-24,5767.56982421875,20180.44921875,42583.3203125,2632.070068359375,37608.48828125,3370.028076171875,23905.560546875,5415.7900390625,131321.0,23658.349609375,3013.10009765625,33.26499938964844,69.11000061035156,73.0,3.9140000343322754,5.064000129699707,464.5,548.25,87498.9140625,2077.47900390625,104.26000213623047,1.0835762023925781,149.677001953125,1464.780029296875,1.2924572229385376,7.248499870300293
2025-03-25,5776.64990234375,20287.830078125,42587.5,2615.81005859375,37780.5390625,3369.97607421875,23344.25,5475.080078125,132068.0,23668.650390625,3023.699951171875,34.00199890136719,69.0,73.0199966430664,3.8399999141693115,5.183000087738037,457.75,543.25,87471.703125,2067.76416015625,104.18000030517578,1.0803569555282593,150.7740020751953,1466.27001953125,1.2924238443374634,7.252999782562256
2025-03-26,5712.2001953125,19916.990234375,42454.7890625,2643.93994140625,38027.2890625,3368.697021484375,23483.3203125,5411.68994140625,132520.0,23486.849609375,3020.89990234375,34.03300094604492,69.6500015258789,73.79000091552734,3.8610000610351562,5.216000080108643,451.25,535.25,86900.8828125,2009.1893310546875,104.55000305175781,1.0787487030029297,149.9499969482422,1462.0899658203125,1.2943308353424072,7.256899833679199
2025-03-27,5693.31005859375,19798.619140625,42299.69921875,2607.14990234375,37799.96875,3373.7490234375,23578.80078125,5381.080078125,133149.0,23591.94921875,3060.199951171875,34.89699935913086,69.91999816894531,74.02999877929688,3.950000047683716,5.097499847412109,450.0,532.0,87177.1015625,2002.357421875,104.06999969482422,1.0742061138153076,150.47300720214844,1465.6800537109375,1.2877637147903442,7.256899833679199
2025-03-28,5580.93994140625,19281.400390625,41583.8984375,2557.97998046875,37120.328125,3351.306884765625,23426.599609375,5331.39990234375,131902.0,23519.349609375,3086.5,34.64400100708008,69.36000061035156,73.62999725341797,4.065000057220459,5.112500190734863,453.25,528.25,84353.1484375,1895.5029296875,104.04000091552734,1.080100178718567,150.8470001220703,1461.8900146484375,1.295202612876892,7.263299942016602
2025-03-29,,,,,,,,,,,,,,,,,,,82597.5859375,1827.3203125,,,,,,
2025-03-30,,,,,,,,,,,,,,,,,,,82334.5234375,1806.2186279296875,,,,,,
2025-03-31,5611.85009765625,19278.44921875,42001.76171875,2481.1201171875,35617.55859375,3335.74609375,23119.580078125,5248.39013671875,130260.0,,3122.800048828125,34.457000732421875,71.4800033569336,74.73999786376953,4.11899995803833,5.019999980926514,457.25,537.0,82548.9140625,1823.47998046875,104.20999908447266,1.082391619682312,149.61700439453125,1469.4100341796875,1.2938284873962402,7.262800216674805
2025-04-01,5633.06982421875,19436.419921875,41989.9609375,2521.389892578125,35624.48046875,3348.43505859375,23206.83984375,5320.2998046875,131147.0,23165.69921875,3118.89990234375,34.15800094604492,71.19999694824219,74.48999786376953,3.9509999752044678,5.019000053405762,461.75,540.5,85169.171875,1905.491455078125,104.26000213623047,1.0818880796432495,149.91299438476562,1471.9599609375,1.292089819908142,7.256700038909912
2025-04-02,5670.97021484375,19581.779296875,42225.3203125,2505.860107421875,35725.87109375,3350.126953125,23202.529296875,5303.9501953125,131190.0,23332.349609375,3139.89990234375,34.499000549316406,71.70999908447266,74.94999694824219,4.054999828338623,5.023499965667725,457.75,539.25,82485.7109375,1795.313232421875,103.80999755859375,1.0795987844467163,149.7830047607422,1469.969970703125,1.292306900024414,7.269700050354004
2025-04-03,5396.52001953125,18521.470703125,40545.9296875,2486.699951171875,34735.9296875,3342.008056640625,22849.810546875,5113.27978515625,131141.0,23250.099609375,3097.0,31.8439998626709,66.94999694824219,70.13999938964844,4.138000011444092,4.810999870300293,457.5,536.0,83102.828125,1815.63720703125,102.06999969482422,1.090869426727295,147.8719940185547,1466.0400390625,1.3046314716339111,7.267499923706055
2025-04-04,5074.080078125,17397.69921875,38314.859375,2465.419921875,33780.578125,,,4878.31005859375,127256.0,22904.44921875,3012.0,29.115999221801758,61.9900016784668,65.58000183105469,3.8369998931884766,4.384500026702881,460.25,529.0,83843.8046875,1815.335205078125,103.0199966430664,1.1043744087219238,146.2310028076172,1450.6800537109375,1.308866262435913,7.267499923706055
2025-04-05,,,,,,,,,,,,,,,,,,,83504.796875,1805.9732666015625,,,,,,
2025-04-06,,,,,,,,,,,,,,,,,,,78214.484375,1576.72802734375,,,,,,
2025-04-07,5062.25,17430.6796875,37965.6015625,2328.199951171875,31136.580078125,3096.575927734375,19828.30078125,4656.41015625,125588.0,22161.599609375,2951.300048828125,29.510000228881836,60.70000076293945,64.20999908447266,3.6549999713897705,4.169000148773193,464.5,536.5,79235.3359375,1555.240966796875,103.26000213623047,1.098454475402832,145.43299865722656,1458.52001953125,1.2910722494125366,7.281300067901611
2025-04-08,4982.77001953125,17090.400390625,37645.58984375,2334.22998046875,33012.578125,3145.549072265625,20127.6796875,4773.64990234375,123932.0,22535.849609375,2968.39990234375,29.591999053955078,59.58000183105469,62.81999969482422,3.4649999141693115,4.127500057220459,469.0,540.0,76271.953125,1472.5531005859375,102.95999908447266,1.0915361642837524,147.78900146484375,1469.949951171875,1.2734960317611694,7.30810022354126
2025-04-09,5456.89990234375,19145.060546875,40608.44921875,2293.699951171875,31714.029296875,3186.81005859375,20264.490234375,4622.14013671875,127796.0,22399.150390625,3056.5,30.322999954223633,62.349998474121094,65.4800033569336,3.815999984741211,4.17549991607666,474.0,542.25,82573.953125,1668.0400390625,102.9000015258789,1.0980443954467773,145.84500122070312,1486.1300048828125,1.2790995836257935,7.338799953460693
2025-04-10,5268.0498046875,18343.5703125,39593.66015625,2445.06005859375,34609.0,3223.637939453125,20681.779296875,4818.919921875,126355.0,,3155.199951171875,30.67099952697754,60.06999969482422,63.33000183105469,3.556999921798706,4.321000099182129,483.0,538.0,79626.140625,1522.518798828125,100.87000274658203,1.0952062606811523,147.3990020751953,1443.949951171875,1.2825446128845215,7.349999904632568
2025-04-11,5363.35986328125,18690.05078125,40212.7109375,2432.719970703125,33585.578125,3238.22705078125,20914.689453125,4787.22998046875,127682.0,22828.55078125,3222.199951171875,31.823999404907227,61.5,64.76000213623047,3.5269999504089355,4.507500171661377,490.25,555.75,83404.8359375,1567.1497802734375,99.77999877929688,1.1257838010787964,143.7469940185547,1452.0400390625,1.2992074489593506,7.314000129699707
2025-04-12,,,,,,,,,,,,,,,,,,,85287.109375,1643.528564453125,,,,,,
2025-04-13,,,,,,,,,,,,,,,,,,,83684.9765625,1596.685791015625,,,,,,
2025-04-14,5405.97021484375,18796.01953125,40524.7890625,2455.889892578125,33982.359375,3262.80810546875,21417.400390625,4911.39013671875,129454.0,,3204.800048828125,32.09199905395508,61.529998779296875,64.87999725341797,3.325000047683716,4.610499858856201,485.0,547.5,84542.390625,1622.7698974609375,99.63999938964844,1.1343141794204712,143.6959991455078,1419.050048828125,1.3085237741470337,7.291600227355957
2025-04-15,5396.6298828125,18830.23046875,40368.9609375,2477.409912109375,34267.5390625,3267.662109375,21466.26953125,4970.43017578125,129245.0,23328.55078125,3218.699951171875,32.22700119018555,61.33000183105469,64.66999816894531,3.3289999961853027,4.611000061035156,481.25,542.0,83668.9921875,1588.6324462890625,100.22000122070312,1.1339668035507202,143.2209930419922,1419.4200439453125,1.3174536228179932,7.3119001388549805
2025-04-16,5275.7001953125,18257.640625,39669.390625,2447.429931640625,33920.3984375,3276.00390625,21056.98046875,4966.5,128317.0,23437.19921875,3326.60009765625,32.92599868774414,62.470001220703125,65.8499984741211,3.246999979019165,4.673999786376953,484.25,547.75,84033.8671875,1578.1053466796875,99.37999725341797,1.1292672157287598,143.18099975585938,1427.02001953125,1.323101282119751,7.3119001388549805
2025-04-17,5282.7001953125,18258.08984375,39142.23046875,2470.409912109375,34377.6015625,3280.341064453125,21395.140625,4935.33984375,129650.0,23851.650390625,3308.699951171875,32.41999816894531,64.68000030517578,67.95999908447266,3.244999885559082,4.731500148773193,482.25,548.75,84895.75,1582.54833984375,99.37999725341797,1.1396790742874146,141.92799377441406,1414.22998046875,1.3233989477157593,7.3119001388549805
2025-04-18,,,,2483.419921875,34730.28125,3276.72998046875,,,,,,,,,,,,,84450.8046875,1588.9246826171875,,,,,,
2025-04-19,,,,,,,,,,,,,,,,,,,85063.4140625,1612.9228515625,,,,,,
2025-04-20,,,,,,,,,,,,,,,,,,,85174.3046875,1587.5142822265625,,,,,,
2025-04-21,5158.2001953125,17808.30078125,38170.41015625,2488.419921875,34279.921875,3291.43408203125,,,,24125.55078125,3406.199951171875,32.49599838256836,63.08000183105469,66.26000213623047,3.0160000324249268,4.7210001945495605,481.75,538.5,87518.90625,1579.7344970703125,98.27999877929688,,,,,
2025-04-22,5287.759765625,18276.41015625,39186.98046875,2486.639892578125,34220.6015625,3299.757080078125,21562.3203125,4961.4501953125,130464.0,24167.25,3400.800048828125,32.880001068115234,64.30999755859375,67.44000244140625,3.006999969482422,4.870500087738037,475.75,535.5,93441.890625,1757.3316650390625,98.91999816894531,1.1512778997421265,140.87600708007812,1421.6400146484375,1.3379716873168945,7.298999786376953
2025-04-23,5375.85986328125,18693.259765625,39606.5703125,2525.56005859375,34868.62890625,3296.35498046875,22072.619140625,5098.740234375,132216.0,24328.94921875,3276.300048828125,33.518001556396484,62.27000045776367,66.12000274658203,3.0220000743865967,4.8354997634887695,472.0,528.25,93699.109375,1796.104248046875,99.83999633789062,1.1351252794265747,142.68800354003906,1429.219970703125,1.327316164970398,7.311800003051758
2025-04-24,5484.77001953125,19214.400390625,40093.3984375,2522.330078125,35039.1484375,3297.2880859375,21909.759765625,5114.97998046875,134580.0,24246.69921875,3332.0,33.481998443603516,62.790000915527344,66.55000305175781,2.930000066757202,4.849999904632568,477.25,529.25,93943.796875,1769.8316650390625,99.29000091552734,1.132733702659607,143.22300720214844,1426.449951171875,1.326453447341919,7.285999774932861
2025-04-25,5525.2099609375,19432.560546875,40113.5,2546.300048828125,35705.73828125,3295.06005859375,21980.740234375,5154.1201171875,134739.0,24039.349609375,3282.39990234375,32.98899841308594,63.02000045776367,66.87000274658203,2.937000036239624,4.8354997634887695,478.75,530.0,94720.5,1786.634521484375,99.47000122070312,1.1371906995773315,142.87899780273438,1430.06005859375,1.3326226472854614,7.285999774932861
2025-04-26,,,,,,,,,,,,,,,,,,,94646.9296875,1821.881103515625,,,,,,
2025-04-27,,,,,,,,,,,,,,,,,,,93754.84375,1792.864990234375,,,,,,
2025-04-28,5528.75,19427.2890625,40227.58984375,2548.860107421875,35839.98828125,3288.4150390625,21971.9609375,5170.490234375,135016.0,24328.5,3332.5,32.9900016784668,62.04999923706055,65.86000061035156,3.1700000762939453,4.8379998207092285,475.5,515.5,94978.75,1798.851806640625,99.01000213623047,1.1343141794204712,143.84100341796875,1437.3599853515625,1.3290096521377563,7.286399841308594
2025-04-29,5560.830078125,19544.94921875,40527.62109375,2565.419921875,,3286.655029296875,22008.109375,5161.89990234375,135093.0,24335.94921875,3318.800048828125,33.275001525878906,60.41999816894531,64.25,3.385999917984009,4.822999954223633,460.5,505.75,94284.7890625,1799.1756591796875,99.23999786376953,1.1409143209457397,142.17799377441406,1435.8800048828125,1.3436164855957031,7.294000148773193
2025-04-30,5569.06005859375,19571.01953125,40669.359375,2556.610107421875,36045.37890625,3279.031005859375,22119.41015625,5160.22021484375,135067.0,24334.19921875,3305.0,32.53099822998047,58.209999084472656,63.119998931884766,3.3259999752044678,4.559999942779541,467.25,513.0,94207.3125,1793.775390625,99.47000122070312,1.1389262676239014,142.2989959716797,1431.1600341796875,1.3410794734954834,7.269000053405762
2025-05-01,5604.14013671875,19786.7109375,40752.9609375,,36452.30078125,,,,,,3210.0,32.18899917602539,59.2400016784668,62.130001068115234,3.4790000915527344,4.580999851226807,464.25,515.25,96492.3359375,1839.2215576171875,100.25,1.1324899196624756,143.00900268554688,1423.75,1.3323917388916016,7.270599842071533
2025-05-02,5686.669921875,20102.609375,41317.4296875,2559.7900390625,36830.69140625,,22504.6796875,5285.18994140625,135134.0,24346.69921875,3231.89990234375,31.98900032043457,58.290000915527344,61.290000915527344,3.630000114440918,4.627500057220459,461.25,526.5,96910.0703125,1842.7078857421875,100.0,1.1296498775482178,145.447998046875,1435.0999755859375,1.3286387920379639,7.270599842071533
2025-05-03,,,,,,,,,,,,,,,,,,,95891.796875,1833.8397216796875,,,,,,
2025-05-04,,,,,,,,,,,,,,,,,,,94315.9765625,1808.59423828125,,,,,,
2025-05-05,5650.3798828125,19967.939453125,41218.828125,,,,,5283.0498046875,133491.0,24461.150390625,3311.300048828125,32.20500183105469,57.130001068115234,60.22999954223633,3.549999952316284,4.65500020980835,446.5,514.25,94748.0546875,1819.697509765625,99.83000183105469,1.1323232650756836,144.62399291992188,1398.9000244140625,1.3271929025650024,7.270599842071533
2025-05-06,5606.91015625,19791.349609375,40829.0,,,3316.114013671875,22662.7109375,5263.3798828125,133516.0,24379.599609375,3411.39990234375,33.112998962402344,59.09000015258789,62.150001525878906,3.4630000591278076,4.735000133514404,447.5,519.0,96802.4765625,1815.0875244140625,99.23999786376953,1.1313369274139404,143.6540069580078,1374.3699951171875,1.3292568922042847,7.269999980926514
2025-05-07,5631.27978515625,19867.970703125,41113.96875,2573.800048828125,36779.66015625,3342.6650390625,22691.880859375,5230.18994140625,133398.0,24414.400390625,3381.39990234375,32.53099822998047,58.06999969482422,61.119998931884766,3.621000051498413,4.616499900817871,441.0,518.0,97032.3203125,1811.606689453125,99.61000061035156,1.1342755556106567,143.03500366210938,1374.77001953125,1.335594892501831,7.216300010681152
2025-05-08,5663.93994140625,20063.560546875,41368.44921875,2579.47998046875,36928.62890625,3351.99609375,22775.919921875,5288.93994140625,136232.0,24273.80078125,3296.60009765625,32.37799835205078,59.90999984741211,62.84000015258789,3.5920000076293945,4.560999870300293,439.0,513.0,103241.4609375,2206.5146484375,100.63999938964844,1.1306205987930298,143.84800720214844,1397.2900390625,1.3294159173965454,7.225200176239014
2025-05-09,5659.91015625,20061.44921875,41249.37890625,2577.27001953125,37503.328125,3341.9990234375,22867.740234375,5309.740234375,136512.0,24008.0,3335.39990234375,32.67599868774414,61.02000045776367,63.90999984741211,3.7950000762939453,4.611000061035156,441.5,505.5,102970.8515625,2345.50732421875,100.33999633789062,1.122422695159912,146.01499938964844,1403.8499755859375,1.323539137840271,7.225200176239014
2025-05-10,,,,,,,,,,,,,,,,,,,104696.328125,2582.422607421875,,,,,,
2025-05-11,,,,,,,,,,,,,,,,,,,104106.359375,2510.23779296875,,,,,,
2025-05-12,5844.18994140625,20868.150390625,42410.1015625,2607.330078125,37644.26171875,3369.2451171875,23549.4609375,5392.35986328125,136563.0,24924.69921875,3220.0,32.38800048828125,61.95000076293945,64.95999908447266,3.6459999084472656,4.578499794006348,440.25,499.0,102812.953125,2496.397705078125,101.79000091552734,1.12296462059021,145.81199645996094,1395.1700439453125,1.3289036750793457,7.236299991607666
2025-05-13,5886.5498046875,21197.69921875,42140.4296875,2608.419921875,38183.26171875,3374.87109375,23108.26953125,5416.2099609375,138963.0,24578.349609375,3240.300048828125,32.86800003051758,63.66999816894531,66.62999725341797,3.6470000743865967,4.68149995803833,436.0,501.5,104169.8125,2680.129638671875,101.0,1.1095577478408813,148.30999755859375,1416.030029296875,1.3177834749221802,7.2017998695373535
2025-05-14,5892.580078125,21319.2109375,42051.05859375,2640.570068359375,38128.12890625,3403.947998046875,23640.650390625,5403.43994140625,138423.0,24666.900390625,3181.39990234375,32.22600173950195,63.150001525878906,66.08999633789062,3.492000102996826,4.611000061035156,438.5,508.75,103539.4140625,2610.063232421875,101.04000091552734,1.1185556650161743,147.5279998779297,1416.0,1.3304418325424194,7.205699920654297
2025-05-15,5916.93017578125,21335.8203125,42322.75,2621.360107421875,37755.51171875,3380.821044921875,23453.16015625,5412.080078125,139334.0,25062.099609375,3220.699951171875,32.48099899291992,61.619998931884766,64.52999877929688,3.361999988555908,4.644499778747559,448.5,532.75,103744.640625,2546.85693359375,100.87999725341797,1.1181930303573608,146.64999389648438,1407.3299560546875,1.3263479471206665,7.205699920654297
2025-05-16,5958.3798828125,21427.939453125,42654.73828125,2626.8701171875,37753.71875,3367.4619140625,23345.05078125,5427.52978515625,139187.0,25019.80078125,3182.0,32.15800094604492,62.4900016784668,65.41000366210938,3.3340001106262207,4.555500030517578,443.5,525.0,103489.2890625,2536.297607421875,101.08999633789062,1.1192693710327148,145.61300659179688,1397.02001953125,1.3306896686553955,7.206500053405762
2025-05-17,,,,,,,,,,,,,,,,,,,103191.0859375,2475.75439453125,,,,,,
2025-05-18,,,,,,,,,,,,,,,,,,,106446.0078125,2498.233642578125,,,,,,
2025-05-19,5963.60009765625,21447.05078125,42792.0703125,2603.419921875,37498.62890625,3367.5830078125,23332.720703125,5427.22998046875,139636.0,24945.44921875,3228.89990234375,32.3129997253418,62.689998626708984,65.54000091552734,3.11299991607666,4.633500099182129,447.5,529.0,105606.1796875,2529.166748046875,100.43000030517578,1.1187559366226196,145.29800415039062,1398.1300048828125,1.3305498361587524,7.209000110626221
2025-05-20,5940.4599609375,21367.369140625,42677.23828125,2601.800048828125,37529.48828125,3380.47802734375,23681.48046875,5454.64990234375,140110.0,24683.900390625,3280.300048828125,32.97999954223633,62.560001373291016,65.37999725341797,3.427000045776367,4.619500160217285,454.5,546.0,106791.0859375,2524.173095703125,100.12000274658203,1.1233429908752441,144.97500610351562,1388.550048828125,1.3360053300857544,7.209000110626221
2025-05-21,5844.60986328125,21080.359375,41860.44140625,2625.580078125,37298.98046875,3387.573974609375,23827.779296875,5454.4599609375,137881.0,24813.44921875,3309.300048828125,33.4630012512207,61.56999969482422,64.91000366210938,3.368000030517578,4.638000011444092,461.0,549.25,109678.078125,2552.34716796875,99.55999755859375,1.1287955045700073,144.3280029296875,1392.72998046875,1.3397821187973022,7.219399929046631
2025-05-22,5842.009765625,21112.470703125,41859.08984375,2593.669921875,36985.87109375,3380.18896484375,23544.310546875,5424.47998046875,137273.0,24609.69921875,3292.300048828125,33.047000885009766,61.20000076293945,64.44000244140625,3.253000020980835,4.648499965667725,463.0,544.5,111673.28125,2664.156982421875,99.95999908447266,1.133118748664856,143.7550048828125,1373.8599853515625,1.3419036865234375,7.201900005340576
2025-05-23,5802.81982421875,20915.66015625,41603.0703125,2592.090087890625,37160.46875,3348.3720703125,23601.259765625,5326.31005859375,137824.0,24853.150390625,3363.60009765625,33.44200134277344,61.529998779296875,64.77999877929688,3.3340001106262207,4.80649995803833,459.5,542.5,107287.796875,2526.44189453125,99.11000061035156,1.1281843185424805,143.85800170898438,1381.3399658203125,1.3419216871261597,7.203700065612793
2025-05-24,,,,,,,,,,,,,,,,,,,107791.15625,2530.646240234375,,,,,,
2025-05-25,,,,,,,,,,,,,,,,,,,109035.390625,2551.763916015625,,,,,,
2025-05-26,,,,2644.39990234375,37531.53125,3346.839111328125,23282.330078125,5395.330078125,138136.0,25001.150390625,,,,,,,,,109440.3671875,2564.138427734375,98.93000030517578,1.1372811794281006,142.86700439453125,1364.72998046875,1.3535828590393066,7.203700065612793
2025-05-27,5921.5400390625,21414.990234375,42343.6484375,2637.219970703125,37724.109375,3340.68701171875,23381.990234375,5415.4501953125,139541.0,24826.19921875,3299.10009765625,33.145999908447266,60.88999938964844,64.08999633789062,3.3980000019073486,4.710000038146973,459.5,528.5,108994.640625,2663.06982421875,99.5199966430664,1.1388484239578247,142.65499877929688,1368.0999755859375,1.3565207719802856,7.203700065612793
2025-05-28,5888.5498046875,21318.169921875,42098.69921875,2670.14990234375,37722.3984375,3339.931884765625,23258.310546875,5378.39013671875,138888.0,24752.44921875,3293.60009765625,33.0,61.84000015258789,64.9000015258789,3.2039999961853027,4.644000053405762,451.0,530.25,107802.328125,2682.212890625,99.87999725341797,1.1337097883224487,144.177001953125,1374.800048828125,1.3513330221176147,7.203700065612793
2025-05-29,5912.169921875,21363.94921875,42215.73046875,2720.639892578125,38432.98046875,3363.446044921875,23573.380859375,,138534.0,24833.599609375,3317.10009765625,33.28300094604492,60.939998626708984,64.1500015258789,3.5220000743865967,4.653500080108643,447.0,534.0,105641.7578125,2632.65478515625,99.27999877929688,1.123368263244629,145.69700622558594,1373.5999755859375,1.3431472778320312,7.203700065612793
2025-05-30,5911.68994140625,21340.990234375,42270.0703125,2697.669921875,37965.1015625,3347.487060546875,23289.76953125,5366.58984375,137027.0,24750.69921875,3288.89990234375,32.891998291015625,60.790000915527344,63.900001525878906,3.447000026702881,4.652500152587891,444.0,534.0,103998.5703125,2529.943603515625,99.33000183105469,1.1378376483917236,143.7790069580078,1370.4100341796875,1.3498992919921875,7.203700065612793
2025-05-31,,,,,,,,,,,,,,,,,,,104638.09375,2529.08740234375,,,,,,
2025-06-01,,,,,,,,,,,,,,,,,,,105652.1015625,2536.266357421875,,,,,,
2025-06-02,5935.93994140625,21491.75,42305.48046875,2698.969970703125,37470.671875,,23157.970703125,5355.56005859375,136787.0,24716.599609375,3370.60009765625,34.5629997253418,62.52000045776367,64.62999725341797,3.694000005722046,4.834499835968018,438.25,539.0,105881.53125,2607.097412109375,98.69999694824219,1.1353315114974976,143.81500244140625,1381.989990234375,1.346728801727295,7.203700065612793
2025-06-03,5970.3701171875,21662.580078125,42519.640625,,37446.80859375,3361.97607421875,23512.490234375,5375.7001953125,137546.0,24542.5,3350.199951171875,34.50299835205078,63.40999984741211,65.62999725341797,3.7219998836517334,4.809500217437744,438.5,536.0,105432.46875,2593.2802734375,99.25,1.1453442573547363,142.45199584960938,1376.0699462890625,1.3556748628616333,7.203700065612793
2025-06-04,5970.81005859375,21721.919921875,42427.73828125,2770.840087890625,37747.44921875,3376.202880859375,23654.029296875,5405.14990234375,137002.0,24620.19921875,3373.5,34.51900100708008,62.849998474121094,64.86000061035156,3.7160000801086426,4.864500045776367,438.75,543.25,104731.984375,2608.64306640625,98.79000091552734,1.1384464502334595,143.83700561523438,1377.719970703125,1.353143334388733,7.203700065612793
2025-06-05,5939.2998046875,21547.4296875,42319.73828125,2812.050048828125,37554.48828125,3384.09912109375,23906.970703125,5410.5498046875,136236.0,24750.900390625,3350.699951171875,35.68899917602539,63.369998931884766,65.33999633789062,3.677000045776367,4.91349983215332,439.5,545.5,101575.953125,2416.28564453125,98.73999786376953,1.1422044038772583,142.73199462890625,1361.0899658203125,1.3552155494689941,7.203700065612793
2025-06-06,6000.35986328125,21761.7890625,42762.87109375,,37741.609375,3385.35791015625,23792.5390625,5430.169921875,136102.0,25003.05078125,3322.699951171875,36.025001525878906,64.58000183105469,66.47000122070312,3.7839999198913574,4.829999923706055,442.5,554.75,104390.34375,2477.19482421875,99.19000244140625,1.1453834772109985,143.54200744628906,1354.550048828125,1.3579576015472412,7.175000190734863
2025-06-07,,,,,,,,,,,,,,,,,,,105615.625,2526.50537109375,,,,,,
2025-06-08,,,,,,,,,,,,,,,,,,,105793.6484375,2510.787109375,,,,,,
2025-06-09,6005.8798828125,21797.869140625,42761.76171875,2855.77001953125,38088.5703125,3399.77197265625,24181.4296875,,135699.0,25103.19921875,3332.10009765625,36.6879997253418,65.29000091552734,67.04000091552734,3.634999990463257,4.9095001220703125,433.5,542.0,110294.1015625,2681.51708984375,98.94000244140625,1.1407841444015503,144.6909942626953,1359.18994140625,1.3538211584091187,7.188600063323975
2025-06-10,6038.81005859375,21941.919921875,42866.87109375,2871.85009765625,38211.51171875,3384.81591796875,24162.869140625,5415.3798828125,136436.0,25104.25,3320.89990234375,36.54199981689453,64.9800033569336,66.87000274658203,3.5329999923706055,4.883999824523926,438.75,534.5,110257.234375,2813.517578125,99.05000305175781,1.1428048610687256,144.5399932861328,1353.8499755859375,1.3556748628616333,7.180200099945068
2025-06-11,6022.240234375,21860.80078125,42865.76953125,2907.0400390625,38421.19140625,3402.31591796875,24366.939453125,5393.14990234375,137128.0,25141.400390625,3321.300048828125,36.16600036621094,68.1500015258789,69.7699966430664,3.506999969482422,4.801000118255615,437.0,534.25,108686.625,2773.529296875,98.62999725341797,1.143746018409729,144.83799743652344,1363.8800048828125,1.3508219718933105,7.180200099945068
2025-06-12,6045.259765625,21913.3203125,42967.62109375,2920.030029296875,38173.08984375,3402.657958984375,24035.380859375,5360.81982421875,137800.0,24888.19921875,3380.89990234375,36.2130012512207,68.04000091552734,69.36000061035156,3.492000102996826,4.821499824523926,438.5,526.5,105929.0546875,2651.795166015625,97.91999816894531,1.1509333848953247,144.2030029296875,1365.68994140625,1.3567416667938232,7.192800045013428
2025-06-13,5976.97021484375,21631.0390625,42197.7890625,2894.6201171875,37834.25,3376.99609375,23892.560546875,5290.47021484375,137213.0,24718.599609375,3431.199951171875,36.28099822998047,72.9800033569336,74.2300033569336,3.5810000896453857,4.802999973297119,444.5,543.75,106090.96875,2579.486083984375,98.18000030517578,1.1600254774093628,143.19400024414062,1349.7900390625,1.3627691268920898,7.192800045013428
2025-06-14,,,,,,,,,,,,,,,,,,,105472.40625,2533.444091796875,,,,,,
2025-06-15,,,,,,,,,,,,,,,,,,,105552.0234375,2546.837158203125,,,,,,
2025-06-16,6033.10986328125,21937.5703125,42515.08984375,2946.659912109375,38311.328125,3388.72900390625,24060.990234375,5339.56982421875,139256.0,24946.5,3396.39990234375,36.37900161743164,71.7699966430664,73.2300033569336,3.747999906539917,4.826499938964844,434.75,536.5,106796.7578125,2540.60498046875,98.0,1.1556684970855713,144.09100341796875,1365.1400146484375,1.3557006120681763,7.181000232696533
2025-06-17,5982.72021484375,21719.080078125,42215.80078125,2950.300048828125,38536.73828125,3387.405029296875,23980.30078125,5288.68017578125,138840.0,24853.400390625,3386.60009765625,37.09000015258789,74.83999633789062,76.44999694824219,3.8510000705718994,4.80049991607666,431.5,549.0,104601.1171875,2510.761474609375,98.81999969482422,1.1551345586776733,144.72900390625,1357.780029296875,1.3565576076507568,7.178999900817871
2025-06-18,5980.8701171875,21719.689453125,42171.66015625,2972.18994140625,38885.1484375,3388.80908203125,23710.689453125,5266.91015625,138717.0,24812.05078125,3389.800048828125,36.86600112915039,75.13999938964844,76.69999694824219,3.989000082015991,4.84499979019165,433.5,574.25,104883.328125,2524.301513671875,98.91000366210938,1.1482638120651245,145.37600708007812,1380.5,1.3430029153823853,7.184500217437744
2025-06-19,,,,2977.739990234375,38488.33984375,3362.10791015625,23237.740234375,5197.02978515625,,24793.25,,,,,,,,,104684.2890625,2521.653564453125,,1.1477497816085815,144.9550018310547,1370.75,1.3416515588760376,7.188799858093262
2025-06-20,5967.83984375,21626.390625,42206.8203125,3021.840087890625,38403.23046875,3359.89501953125,23530.48046875,5233.580078125,137116.0,25112.400390625,3368.10009765625,35.97600173950195,74.93000030517578,77.01000213623047,3.8469998836517334,4.826000213623047,428.75,567.75,103309.6015625,2407.30419921875,98.70999908447266,1.1512778997421265,145.21800231933594,1374.8900146484375,1.3476725816726685,7.188000202178955
2025-06-21,,,,,,,,,,,,,,,,,,,102257.40625,2300.49560546875,,,,,,
2025-06-22,,,,,,,,,,,,,,,,,,,100987.140625,2228.213134765625,,,,,,
2025-06-23,6025.169921875,21856.330078125,42581.78125,3014.469970703125,38354.08984375,3381.58203125,23689.130859375,5221.89990234375,136551.0,24971.900390625,3377.699951171875,36.15299987792969,68.51000213623047,71.4800033569336,3.697999954223633,4.8429999351501465,419.25,552.75,105577.7734375,2421.824951171875,98.41999816894531,1.1500862836837769,146.2239990234375,1369.469970703125,1.3435983657836914,7.188000202178955
2025-06-24,6092.18017578125,22190.51953125,43089.01953125,3103.639892578125,38790.55859375,3420.56591796875,24177.0703125,5297.06982421875,137165.0,25044.349609375,3317.39990234375,35.70100021362305,64.37000274658203,67.13999938964844,3.5369999408721924,4.867000102996826,416.25,535.75,106045.6328125,2448.0087890625,97.86000061035156,1.1599044799804688,145.92799377441406,1361.93994140625,1.3545364141464233,7.178999900817871
2025-06-25,6092.16015625,22237.740234375,42982.4296875,3108.25,38942.0703125,3455.97412109375,24474.669921875,5252.009765625,135767.0,25244.75,3327.10009765625,36.084999084472656,64.91999816894531,67.68000030517578,3.4059998989105225,4.913000106811523,410.25,528.25,107361.2578125,2419.310302734375,97.68000030517578,1.161224365234375,144.95700073242188,1353.780029296875,1.361488938331604,7.171299934387207
2025-06-26,6141.02001953125,22447.2890625,43386.83984375,3079.56005859375,39584.578125,3448.452880859375,24325.400390625,5244.02978515625,137114.0,25549.0,3333.5,36.58599853515625,65.23999786376953,67.7300033569336,3.260999917984009,5.065499782562256,409.5,521.0,106960.0,2416.146728515625,97.1500015258789,1.1683744192123413,144.9040069580078,1357.030029296875,1.369187831878662,7.176400184631348
2025-06-27,6173.06982421875,22534.19921875,43819.26953125,3055.93994140625,40150.7890625,3424.22705078125,24284.150390625,5325.64013671875,136866.0,25637.80078125,3273.699951171875,36.0369987487793,65.5199966430664,67.7699966430664,3.739000082015991,5.06850004196167,417.5,524.75,107088.4296875,2423.866943359375,97.4000015258789,1.1692214012145996,144.69400024414062,1352.760009765625,1.37247633934021,7.167500019073486
2025-06-28,,,,,,,,,,,,,,,,,,,107327.703125,2437.109375,,,,,,
2025-06-29,,,,,,,,,,,,,,,,,,,108385.5703125,2500.9599609375,,,,,,
2025-06-30,6204.9501953125,22679.009765625,44094.76953125,3071.699951171875,40487.390625,3444.426025390625,24072.279296875,5303.240234375,138855.0,25517.05078125,3294.39990234375,35.85200119018555,65.11000061035156,67.61000061035156,3.4560000896453857,5.03000020980835,420.5,528.75,107135.3359375,2486.46435546875,96.87999725341797,1.1727453470230103,144.51699829101562,1363.5899658203125,1.3719680309295654,7.172100067138672
2025-07-01,6198.009765625,22478.130859375,44494.94140625,3089.64990234375,39986.328125,3457.7470703125,,5282.43017578125,139549.0,25541.80078125,3336.699951171875,36.082000732421875,65.44999694824219,67.11000061035156,3.4149999618530273,5.047999858856201,420.0,537.25,105698.28125,2405.792724609375,96.81999969482422,1.178717017173767,143.8000030517578,1348.5,1.3730605840682983,7.163599967956543
2025-07-02,6227.419921875,22641.890625,44484.421875,3075.06005859375,39762.48046875,3454.7919921875,24221.41015625,5318.72021484375,139051.0,25453.400390625,3348.0,36.42599868774414,67.44999694824219,69.11000061035156,3.48799991607666,5.14900016784668,429.25,556.0,108859.3203125,2571.33544921875,96.77999877929688,1.180553913116455,143.40199279785156,1355.5899658203125,1.374721646308899,7.1645002365112305
2025-07-03,6279.35009765625,22866.970703125,44828.53125,3116.27001953125,39785.8984375,3461.15087890625,24069.939453125,5343.14990234375,140928.0,25405.30078125,3331.60009765625,36.784000396728516,67.0,68.80000305175781,3.4089999198913574,5.0970001220703125,431.5,547.75,109647.9765625,2591.00732421875,97.18000030517578,1.18002450466156,143.5260009765625,1354.75,1.3650014400482178,7.164899826049805
2025-07-04,,,,3054.280029296875,39810.87890625,3472.319091796875,23916.060546875,5288.81005859375,141478.0,25461.0,3332.5,36.775001525878906,66.5,68.29000091552734,3.38700008392334,5.018499851226807,,,108034.3359375,2508.518310546875,,1.1771491765975952,144.6820068359375,1357.0999755859375,1.366829752922058,7.164899826049805
2025-07-05,,,,,,,,,,,,,,,,,,,108231.1796875,2517.280029296875,,,,,,
2025-07-06,,,,,,,,,,,,,,,,,,,109232.0703125,2571.236572265625,,,,,,
2025-07-07,6229.97998046875,22685.5703125,44406.359375,3059.469970703125,39587.6796875,3473.126953125,23887.830078125,5341.5400390625,139490.0,25461.30078125,3332.199951171875,36.6150016784668,67.93000030517578,69.58000183105469,3.4119999408721924,4.984499931335449,418.0,539.75,108299.8515625,2543.01318359375,97.4800033569336,1.178078293800354,144.4980010986328,1362.199951171875,1.3651504516601562,7.164899826049805
2025-07-08,6225.52001953125,22702.25,44240.76171875,3114.949951171875,39688.80859375,3497.47509765625,24148.0703125,5371.9501953125,139303.0,25522.5,3307.0,36.47200012207031,68.33000183105469,70.1500015258789,3.3399999141693115,5.644999980926514,411.0,543.0,108950.2734375,2615.505859375,97.51000213623047,1.1736538410186768,145.89199829101562,1374.6400146484375,1.3623607158660889,7.1743998527526855
2025-07-09,6263.259765625,22864.91015625,44458.30078125,3133.739990234375,39821.28125,3493.050048828125,23892.3203125,5445.64990234375,137481.0,25476.099609375,3311.60009765625,36.35100173950195,68.37999725341797,70.19000244140625,3.2139999866485596,5.44350004196167,412.5,542.75,111326.5546875,2770.777587890625,97.47000122070312,1.1724566221237183,146.8489990234375,1370.300048828125,1.3585295677185059,7.173799991607666
2025-07-10,6280.4599609375,22829.259765625,44650.640625,3183.22998046875,39646.359375,3509.681884765625,24028.369140625,5438.27001953125,136743.0,25355.25,3317.39990234375,37.03799819946289,66.56999969482422,68.63999938964844,3.3369998931884766,5.547999858856201,407.25,550.25,115987.203125,2954.84521484375,97.6500015258789,1.17311692237854,146.11399841308594,1373.0,1.3593051433563232,7.179999828338623
2025-07-11,6259.75,22780.599609375,44371.51171875,3175.77001953125,39569.6796875,3510.177001953125,24139.5703125,5383.47998046875,136187.0,25149.849609375,3356.0,38.67599868774414,68.44999694824219,70.36000061035156,3.313999891281128,5.561999797821045,403.0,540.75,117516.9921875,2957.88623046875,97.8499984741211,1.1702749729156494,146.28799438476562,1372.6400146484375,1.3579576015472412,7.174799919128418
2025-07-12,,,,,,,,,,,,,,,,,,,117435.2265625,2942.91162109375,,,,,,
2025-07-13,,,,,,,,,,,,,,,,,,,119116.1171875,2973.35888671875,,,,,,
2025-07-14,6268.56005859375,22855.630859375,44459.6484375,3202.030029296875,39459.62109375,3519.64990234375,24203.3203125,5370.85009765625,135299.0,25082.30078125,3351.5,38.46200180053711,66.9800033569336,69.20999908447266,3.4660000801086426,5.514999866485596,412.75,534.0,119849.703125,3013.350830078125,98.08000183105469,1.1682106256484985,147.2949981689453,1378.1700439453125,1.3493820428848267,7.168099880218506
2025-07-15,6243.759765625,22884.58984375,44023.2890625,3215.280029296875,39678.01953125,3504.9990234375,24590.119140625,5354.169921875,135250.0,25195.80078125,3329.800048828125,37.83399963378906,66.5199966430664,68.70999908447266,3.5230000019073486,5.546000003814697,401.25,538.0,117777.1875,3139.8896484375,98.62000274658203,1.1666297912597656,147.79200744628906,1382.010009765625,1.3428045511245728,7.166999816894531
2025-07-16,6263.7001953125,22907.970703125,44254.78125,3186.3798828125,39663.3984375,3503.777099609375,24517.759765625,5298.06982421875,135511.0,25212.05078125,3352.5,37.85300064086914,66.37999725341797,68.5199966430664,3.5510001182556152,5.496500015258789,405.25,541.25,118738.5078125,3371.5068359375,98.38999938964844,1.1607391834259033,148.76100158691406,1386.449951171875,1.3393335342407227,7.172900199890137
2025-07-17,6297.35986328125,23081.05078125,44484.48828125,3192.2900390625,39901.19140625,3516.824951171875,24498.94921875,5377.14990234375,135565.0,25111.44921875,3340.10009765625,38.055999755859375,67.54000091552734,69.5199966430664,3.5420000553131104,5.486000061035156,402.0,533.5,119289.84375,3476.784423828125,98.7300033569336,1.1635754108428955,148.0030059814453,1384.9200439453125,1.3411099910736084,7.178500175476074
2025-07-18,6296.7900390625,23065.470703125,44342.19140625,3188.070068359375,39819.109375,3534.48291015625,24825.66015625,5359.22998046875,133382.0,24968.400390625,3353.0,38.222999572753906,67.33999633789062,69.27999877929688,3.565000057220459,5.578000068664551,408.5,546.25,118003.2265625,3549.016357421875,98.4800033569336,1.161548137664795,148.44200134277344,1391.5799560546875,1.3432555198669434,7.183199882507324
2025-07-19,,,,,,,,,,,,,,,,,,,117939.9765625,3595.273681640625,,,,,,
2025-07-20,,,,,,,,,,,,,,,,,,,117300.7890625,3759.471435546875,,,,,,
2025-07-21,6305.60009765625,23180.060546875,44323.0703125,3210.81005859375,,3559.791015625,24994.140625,5342.97998046875,134167.0,25090.69921875,3401.89990234375,39.10100173950195,67.19999694824219,69.20999908447266,3.325000047683716,5.610499858856201,403.75,542.25,117439.5390625,3763.371337890625,97.8499984741211,1.1630746126174927,148.43099975585938,1390.5699462890625,1.341597557067871,7.177700042724609
2025-07-22,6309.6201171875,23063.580078125,44502.44140625,3169.93994140625,39774.921875,3581.861083984375,25130.029296875,5290.47998046875,134036.0,25060.900390625,3439.199951171875,39.31999969482422,66.20999908447266,68.58999633789062,3.252000093460083,5.697000026702881,399.25,549.5,119995.4140625,3749.1455078125,97.38999938964844,1.1694538593292236,147.40899658203125,1381.8199462890625,1.348945140838623,7.17549991607666
2025-07-23,6358.91015625,23162.41015625,45010.2890625,3183.77001953125,41171.3203125,3582.298095703125,25538.0703125,5344.25,135368.0,25219.900390625,3394.10009765625,39.27799987792969,65.25,68.51000213623047,3.0769999027252197,5.795000076293945,398.5,540.5,118754.9609375,3629.70361328125,97.20999908447266,1.1739156246185303,146.78500366210938,1379.780029296875,1.352155327796936,7.174300193786621
2025-07-24,6363.35009765625,23219.869140625,44693.91015625,3190.449951171875,41826.33984375,3605.72705078125,25667.1796875,5355.2001953125,133808.0,25062.099609375,3371.0,39.020999908447266,66.02999877929688,69.18000030517578,3.0940001010894775,5.7769999504089355,401.75,541.5,118368.0,3708.005615234375,97.37999725341797,1.1774264574050903,146.3489990234375,1373.719970703125,1.3579576015472412,7.1595001220703125
2025-07-25,6388.64013671875,23272.25,44901.921875,3196.050048828125,41456.23046875,3593.655029296875,25388.349609375,5352.16015625,133524.0,24837.0,3334.0,38.16699981689453,65.16000366210938,68.44000244140625,3.109999895095825,5.763500213623047,399.5,538.25,117635.8828125,3727.266845703125,97.6500015258789,1.1756131649017334,147.0050048828125,1372.0,1.3510043621063232,7.153500080108643
2025-07-26,,,,,,,,,,,,,,,,,,,117947.3671875,3741.39599609375,,,,,,
2025-07-27,,,,,,,,,,,,,,,,,,,119448.4921875,3875.24658203125,,,,,,
2025-07-28,6389.77001953125,23356.26953125,44837.55859375,3209.52001953125,40998.26953125,3597.93701171875,25562.130859375,5337.580078125,132129.0,24680.900390625,3309.10009765625,38.0260009765625,66.70999908447266,70.04000091552734,2.98799991607666,5.59499979019165,393.75,538.5,117924.4765625,3787.42578125,98.66000366210938,1.1756821870803833,147.81300354003906,1382.780029296875,1.344085931777954,7.153500080108643
2025-07-29,6370.85986328125,23308.30078125,44632.98828125,3230.570068359375,40674.55078125,3609.7109375,25524.44921875,5379.2001953125,132726.0,24821.099609375,3323.39990234375,38.08399963378906,69.20999908447266,72.51000213623047,3.0810000896453857,5.603499889373779,389.25,529.75,117922.1484375,3793.454833984375,98.91000366210938,1.1596757173538208,148.47900390625,1388.2900390625,1.336023211479187,7.177800178527832
2025-07-30,6362.89990234375,23345.41015625,44461.28125,3254.469970703125,40654.69921875,3615.717041015625,25176.9296875,5393.18017578125,133990.0,24855.05078125,3295.800048828125,37.566001892089844,70.0,73.23999786376953,3.0450000762939453,5.570000171661377,391.75,523.75,117831.1875,3808.20166015625,99.94000244140625,1.1550945043563843,148.44200134277344,1388.8599853515625,1.3353630304336548,7.176400184631348
2025-07-31,6339.39013671875,23218.119140625,44130.98046875,3245.43994140625,41069.8203125,3573.2080078125,24773.330078125,5319.919921875,133071.0,24768.349609375,3293.199951171875,36.551998138427734,69.26000213623047,72.52999877929688,3.1059999465942383,4.33050012588501,394.0,523.25,115758.203125,3696.707763671875,100.02999877929688,1.1429355144500732,149.2259979248047,1392.52001953125,1.3257676362991333,7.176400184631348
2025-08-01,6238.009765625,22763.310546875,43588.578125,3119.409912109375,40799.6015625,3559.951904296875,24507.810546875,,132437.0,24565.349609375,3347.699951171875,36.7869987487793,67.33000183105469,69.66999816894531,3.0829999446868896,4.412499904632568,389.5,516.75,113320.0859375,3488.365966796875,98.69000244140625,1.142374038696289,150.77200317382812,1391.510009765625,1.3209865093231201,7.200200080871582
2025-08-02,,,,,,,,,,,,,,,,,,,112526.9140625,3392.7412109375,,,,,,
2025-08-03,,,,,,,,,,,,,,,,,,,114217.671875,3497.379150390625,,,,,,
2025-08-04,6329.93994140625,23188.609375,44173.640625,3147.75,40290.69921875,3583.30908203125,24733.44921875,5242.31982421875,132971.0,24722.75,3374.39990234375,37.19200134277344,66.29000091552734,68.76000213623047,2.931999921798706,4.414999961853027,387.0,516.75,115071.8828125,3718.986083984375,98.77999877929688,1.158668041229248,147.34300231933594,1390.1800537109375,1.3289920091629028,7.211599826812744
2025-08-05,6299.18994140625,23018.560546875,44111.73828125,3198.0,40549.5390625,3617.597900390625,24902.529296875,5249.58984375,133151.0,24649.55078125,3381.89990234375,37.6870002746582,65.16000366210938,67.63999938964844,3.009999990463257,4.363999843597412,381.5,508.25,114141.4453125,3611.8994140625,98.77999877929688,1.1584129333496094,146.79299926757812,1383.5899658203125,1.3297518491744995,7.177999973297119
2025-08-06,6345.06005859375,23315.0390625,44193.12109375,3198.139892578125,40794.859375,3633.9951171875,24910.630859375,5263.2900390625,134538.0,24574.19921875,3380.0,37.76599884033203,64.3499984741211,66.88999938964844,3.0769999027252197,4.390999794006348,379.75,508.5,115028.0,3683.920654296875,98.18000030517578,1.1579166650772095,147.55999755859375,1386.5799560546875,1.3299463987350464,7.1834001541137695
2025-08-07,6340.0,23389.529296875,43968.640625,3227.679931640625,41059.1484375,3639.6669921875,25081.630859375,5332.06982421875,136528.0,24596.150390625,3400.300048828125,38.15800094604492,63.880001068115234,66.43000030517578,3.066999912261963,4.378499984741211,384.5,518.25,117496.8984375,3914.325927734375,98.4000015258789,1.1663167476654053,147.1929931640625,1384.3900146484375,1.3357912302017212,7.182799816131592
2025-08-08,6389.4501953125,23611.26953125,44175.609375,3210.010009765625,41820.48046875,3635.1279296875,24858.8203125,5347.740234375,135913.0,24363.30078125,3439.10009765625,38.41699981689453,63.880001068115234,66.58999633789062,2.990000009536743,4.45550012588501,382.75,514.5,116688.7265625,4009.848876953125,98.18000030517578,1.1676650047302246,146.83700561523438,1384.969970703125,1.345152735710144,7.181000232696533
2025-08-09,,,,,,,,,,,,,,,,,,,116500.359375,4263.59912109375,,,,,,
2025-08-10,,,,,,,,,,,,,,,,,,,119306.7578125,4254.2177734375,,,,,,
2025-08-11,6373.4501953125,23526.630859375,43975.08984375,3206.77001953125,,3647.547119140625,24906.810546875,5331.85009765625,135623.0,24585.05078125,3353.10009765625,37.6619987487793,63.959999084472656,66.62999725341797,2.9539999961853027,4.423500061035156,385.0,515.0,118731.4453125,4226.966796875,98.5199966430664,1.1647952795028687,147.66400146484375,1387.81005859375,1.3444474935531616,7.181000232696533
2025-08-12,6445.759765625,23839.19921875,44458.609375,3189.909912109375,42718.171875,3665.91796875,24969.6796875,5335.97021484375,137914.0,24487.400390625,3348.89990234375,37.89899826049805,63.16999816894531,66.12000274658203,2.808000087738037,4.508500099182129,371.5,505.0,120172.90625,4590.9248046875,98.0999984741211,1.1618449687957764,148.125,1389.7900390625,1.3435261249542236,7.187699794769287
2025-08-13,6466.580078125,23849.0390625,44922.26953125,3224.3701171875,43274.671875,3683.465087890625,25613.669921875,5388.25,136687.0,24619.349609375,3358.699951171875,38.499000549316406,62.650001525878906,65.62999725341797,2.828000068664551,4.48199987411499,374.0,507.25,123344.0625,4756.27587890625,97.83999633789062,1.1677058935165405,147.75799560546875,1383.0899658203125,1.3504207134246826,7.178500175476074
2025-08-14,6468.5400390625,23832.439453125,44911.26171875,3225.659912109375,42649.26171875,3666.443115234375,25519.3203125,5434.7001953125,136356.0,24631.30078125,3335.199951171875,37.981998443603516,63.959999084472656,66.83999633789062,2.8410000801086426,4.4644999504089355,375.0,503.5,118359.578125,4548.16650390625,98.25,1.171289324760437,147.1199951171875,1378.780029296875,1.3585295677185059,7.174300193786621
2025-08-15,6449.7998046875,23712.0703125,44946.12109375,,43378.30859375,3696.77099609375,25270.0703125,5448.60986328125,136341.0,,3336.0,37.89400100708008,62.79999923706055,65.8499984741211,2.9159998893737793,4.478000164031982,383.75,506.5,117398.3515625,4439.98876953125,97.8499984741211,1.1651345491409302,147.6909942626953,1387.8699951171875,1.3530701398849487,7.179500102996826
2025-08-16,,,,,,,,,,,,,,,,,,,117491.3515625,4426.18017578125,,,,,,
2025-08-17,,,,,,,,,,,,,,,,,,,117453.0625,4473.271484375,,,,,,
2025-08-18,6449.14990234375,23713.759765625,44911.8203125,3177.280029296875,43714.30859375,3728.027099609375,25176.849609375,5434.64013671875,137322.0,24876.94921875,3331.699951171875,37.95100021362305,63.41999816894531,66.5999984741211,2.890000104904175,4.456999778747559,383.0,502.75,116252.3125,4312.5048828125,98.16999816894531,1.1706587076187134,147.26400756835938,1387.97998046875,1.3556381464004517,7.181700229644775
2025-08-19,6411.3701171875,23384.76953125,44922.26953125,3151.56005859375,43546.2890625,3727.2880859375,25122.900390625,5483.27978515625,134432.0,24980.650390625,3313.39990234375,37.26100158691406,62.349998474121094,65.79000091552734,2.7660000324249268,4.408999919891357,379.5,498.5,112831.1796875,4073.464111328125,98.2699966430664,1.1668338775634766,147.91600036621094,1386.9100341796875,1.3508219718933105,7.184599876403809
2025-08-20,6395.77978515625,23249.5703125,44938.30859375,3130.090087890625,42888.55078125,3766.2099609375,25165.939453125,5472.31982421875,134667.0,25050.55078125,3343.39990234375,37.70500183105469,63.209999084472656,66.83999633789062,2.752000093460083,4.426000118255615,380.0,505.5,114274.7421875,4334.50048828125,98.22000122070312,1.164252758026123,147.7310028076172,1391.3399658203125,1.348679542541504,7.1819000244140625
2025-08-21,6370.169921875,23142.580078125,44785.5,3141.739990234375,42610.171875,3771.09912109375,25104.609375,5462.16015625,134511.0,25083.75,3336.89990234375,38.027000427246094,63.52000045776367,67.66999816894531,2.8259999752044678,4.43149995803833,387.25,507.0,112419.03125,4223.2099609375,98.62000274658203,1.165175199508667,147.3179931640625,1396.9100341796875,1.3466380834579468,7.1757001876831055
2025-08-22,6466.91015625,23498.119140625,45631.73828125,3168.72998046875,42633.2890625,3825.759033203125,25339.140625,5488.22998046875,137968.0,24870.099609375,3374.39990234375,39.00299835205078,63.65999984741211,67.7300033569336,2.697999954223633,4.447500228881836,388.25,504.75,116874.0859375,4831.3486328125,97.72000122070312,1.16130530834198,148.38600158691406,1399.6099853515625,1.3419395685195923,7.179900169372559
2025-08-23,,,,,,,,,,,,,,,,,,,115374.328125,4776.09033203125,,,,,,
2025-08-24,,,,,,,,,,,,,,,,,,,113458.4296875,4779.6474609375,,,,,,
2025-08-25,6439.31982421875,23425.609375,45282.46875,3209.860107421875,42807.8203125,3883.56201171875,25829.91015625,5443.9599609375,138025.0,24967.75,3373.800048828125,38.676998138427734,64.80000305175781,68.80000305175781,2.696000099182129,4.4664998054504395,389.25,506.75,110124.3515625,4372.98779296875,98.43000030517578,1.1709601879119873,147.21499633789062,1382.8900146484375,1.35111403465271,7.167500019073486
2025-08-26,6465.93994140625,23525.2890625,45418.0703125,3179.360107421875,42394.3984375,3868.382080078125,25524.919921875,5383.68017578125,137771.0,24712.05078125,3388.60009765625,38.582000732421875,63.25,67.22000122070312,2.7170000076293945,4.450500011444092,387.5,509.5,111802.65625,4600.4267578125,98.2300033569336,1.1618449687957764,147.82200622558594,1389.050048828125,1.3453518152236938,7.151000022888184
2025-08-27,6481.39990234375,23565.849609375,45565.23046875,3187.159912109375,42520.26953125,3800.35009765625,25201.759765625,5393.06982421875,139206.0,,3404.60009765625,38.68899917602539,64.1500015258789,68.05000305175781,2.867000102996826,4.4145002365112305,382.5,502.25,111222.0625,4503.39306640625,98.2300033569336,1.1639411449432373,147.46200561523438,1393.949951171875,1.3478723764419556,7.1519999504089355
2025-08-28,6501.85986328125,23703.44921875,45636.8984375,3196.320068359375,42828.7890625,3843.596923828125,24998.8203125,5396.72998046875,141049.0,24500.900390625,3431.800048828125,39.189998626708984,64.5999984741211,68.62000274658203,2.944000005722046,4.463500022888184,385.5,510.25,112544.8046875,4507.177734375,97.80999755859375,1.1647952795028687,147.3159942626953,1392.75,1.3503841161727905,7.1529998779296875
2025-08-29,6460.259765625,23415.419921875,45544.87890625,3186.010009765625,42718.46875,3857.927001953125,25077.619140625,5351.72998046875,141422.0,24426.849609375,3473.699951171875,40.20000076293945,64.01000213623047,68.12000274658203,2.996999979019165,4.518499851226807,398.0,518.0,108410.8359375,4360.15283203125,97.7699966430664,1.1681560277938843,146.7899932861328,1384.4100341796875,1.35111403465271,7.1529998779296875
2025-08-30,,,,,,,,,,,,,,,,,,,108808.0703125,4374.1533203125,,,,,,
2025-08-31,,,,,,,,,,,,,,,,,,,108236.7109375,4390.01904296875,,,,,,
2025-09-01,,,,3142.929931640625,42188.7890625,3875.531005859375,25617.419921875,5367.080078125,141125.0,24625.05078125,,,,,,,,,109250.59375,4314.47021484375,,1.1691803932189941,147.0970001220703,1388.8399658203125,1.3503841161727905,7.13040018081665
2025-09-02,6415.5400390625,23231.109375,45295.80859375,3172.35009765625,42310.48828125,3858.133056640625,25496.55078125,5291.0400390625,140335.0,24579.599609375,3549.39990234375,41.07099914550781,65.58999633789062,69.13999938964844,3.009000062942505,4.569499969482422,403.0,513.0,111200.5859375,4325.36572265625,98.4000015258789,1.1715912818908691,147.08399963378906,1392.93994140625,1.3547931909561157,7.13040018081665
2025-09-03,6448.259765625,23414.83984375,45271.23046875,3184.419921875,41938.890625,3813.556884765625,25343.4296875,5325.009765625,139864.0,24715.05078125,3593.199951171875,41.54199981689453,63.970001220703125,67.5999984741211,3.063999891281128,4.558499813079834,397.75,504.0,111723.2109375,4450.38916015625,98.13999938964844,1.163602590560913,148.54800415039062,1394.5699462890625,1.3383476734161377,7.138999938964844
2025-09-04,6502.080078125,23633.009765625,45621.2890625,3200.830078125,42580.26953125,3765.8759765625,25058.509765625,5346.7099609375,140993.0,24734.30078125,3565.800048828125,40.9109992980957,63.47999954223633,66.98999786376953,3.0739998817443848,4.48799991607666,399.75,502.25,110723.6015625,4298.744140625,98.3499984741211,1.16604483127594,147.97999572753906,1389.6300048828125,1.3441582918167114,7.14139986038208
2025-09-05,6481.5,23652.439453125,45400.859375,3205.1201171875,43018.75,3812.513916015625,25417.98046875,5318.14990234375,142640.0,24741.0,3613.199951171875,41.07400131225586,61.869998931884766,65.5,3.0480000972747803,4.482500076293945,399.0,501.0,110650.984375,4306.98876953125,97.7699966430664,1.1656913757324219,148.375,1392.06005859375,1.3444474935531616,7.14139986038208
2025-09-06,,,,,,,,,,,,,,,,,,,110224.6953125,4274.2421875,,,,,,
2025-09-07,,,,,,,,,,,,,,,,,,,111167.6171875,4305.34765625,,,,,,
2025-09-08,6495.14990234375,23762.30078125,45514.94921875,3219.590087890625,43643.80859375,3826.841064453125,25633.91015625,5362.81005859375,141792.0,24773.150390625,3638.10009765625,41.42599868774414,62.2599983215332,66.0199966430664,3.0899999141693115,4.490499973297119,403.0,505.5,112071.4296875,4308.072265625,97.44999694824219,1.1713168621063232,148.343994140625,1385.510009765625,1.3492909669876099,7.132500171661377
2025-09-09,6512.60986328125,23839.80078125,45711.33984375,3260.050048828125,43459.2890625,3807.2919921875,25938.130859375,5368.81982421875,141618.0,24868.599609375,3643.300048828125,40.87799835205078,62.630001068115234,66.38999938964844,3.117000102996826,4.500999927520752,401.25,500.75,111530.546875,4309.04150390625,97.79000091552734,1.1769136190414429,147.36399841308594,1385.719970703125,1.3553073406219482,7.129300117492676
2025-09-10,6532.0400390625,23849.26953125,45490.921875,3314.530029296875,43837.671875,3812.220947265625,26200.259765625,5361.47021484375,142349.0,24973.099609375,3643.60009765625,41.132999420166016,63.66999816894531,67.48999786376953,3.0290000438690186,4.550000190734863,397.25,495.0,113955.359375,4349.14599609375,97.77999877929688,1.1702749729156494,147.39199829101562,1387.25,1.352109670639038,7.1209001541137695
2025-09-11,6587.47021484375,23992.560546875,46108.0,3344.199951171875,44372.5,3875.30908203125,26086.3203125,5386.77001953125,143151.0,25005.5,3636.89990234375,41.696998596191406,62.369998931884766,66.37000274658203,2.934000015258789,4.5904998779296875,399.0,503.0,115507.5390625,4461.2333984375,97.54000091552734,1.1703435182571411,147.33200073242188,1387.199951171875,1.3534730672836304,7.120699882507324
2025-09-12,6584.2900390625,24092.189453125,45834.21875,3395.5400390625,44768.12109375,3870.597900390625,26388.16015625,5390.7099609375,142272.0,25114.0,3649.39990234375,42.387001037597656,62.689998626708984,66.98999786376953,2.940999984741211,4.588500022888184,399.0,503.0,116101.578125,4715.24609375,97.55000305175781,1.1734747886657715,147.2239990234375,1389.5,1.3576626777648926,7.1184000968933105
2025-09-13,,,,,,,,,,,,,,,,,,,115950.5078125,4668.1796875,,,,,,
2025-09-14,,,,,,,,,,,,,,,,,,,115407.65625,4609.59765625,,,,,,
2025-09-15,6615.27978515625,24293.779296875,45883.44921875,3407.31005859375,,3860.50390625,26446.560546875,5440.39990234375,143547.0,25069.19921875,3682.199951171875,42.516998291015625,63.29999923706055,67.44000244140625,3.0429999828338623,4.6554999351501465,423.25,525.0,115444.875,4526.8203125,97.30000305175781,1.1726491451263428,147.66600036621094,1393.699951171875,1.3553440570831299,7.124199867248535
2025-09-16,6606.759765625,24274.25,45757.8984375,3449.6201171875,44902.26953125,3861.864990234375,26438.509765625,5372.31005859375,144062.0,25239.099609375,3688.89990234375,42.47100067138672,64.5199966430664,68.47000122070312,3.1029999256134033,4.632999897003174,429.5,534.0,116843.1875,4503.564453125,96.62999725341797,1.1763737201690674,147.40499877929688,1385.010009765625,1.3602666854858398,7.118500232696533
2025-09-17,6600.35009765625,24223.689453125,46018.3203125,3413.39990234375,44790.37890625,3876.341064453125,26908.390625,5369.7001953125,145594.0,25330.25,3681.800048828125,41.72200012207031,64.05000305175781,67.94999694824219,3.0999999046325684,4.571000099182129,426.75,528.25,116468.5078125,4592.7333984375,96.87000274658203,1.1871408224105835,146.41299438476562,1377.6400146484375,1.365392804145813,7.114200115203857
2025-09-18,6631.9599609375,24454.890625,46142.421875,3461.300048828125,45303.4296875,3831.656005859375,26544.849609375,5456.669921875,145500.0,25423.599609375,3643.699951171875,41.707000732421875,63.56999969482422,67.44000244140625,2.938999891281128,4.540999889373779,423.75,524.25,117137.203125,4589.9189453125,97.3499984741211,1.1826341152191162,146.89100646972656,1378.68994140625,1.3629734516143799,7.103300094604492
2025-09-19,6664.35986328125,24626.25,46315.26953125,3445.239990234375,45045.80859375,3820.089111328125,26545.099609375,5458.419921875,145865.0,25327.05078125,3671.5,42.5359992980957,62.68000030517578,66.68000030517578,2.888000011444092,4.568999767303467,424.0,522.5,115688.859375,4470.9169921875,97.63999938964844,1.1791062355041504,147.94700622558594,1386.75,1.3556013107299805,7.1128997802734375
2025-09-20,,,,,,,,,,,,,,,,,,,115721.9609375,4482.265625,,,,,,
2025-09-21,,,,,,,,,,,,,,,,,,,115306.09375,4451.3291015625,,,,,,
2025-09-22,6693.75,24761.0703125,46381.5390625,3468.64990234375,45493.66015625,3828.575927734375,26344.140625,5442.0498046875,145109.0,25202.349609375,3740.699951171875,43.79899978637695,62.63999938964844,66.56999969482422,2.805999994277954,4.572999954223633,421.75,510.75,112748.5078125,4202.87744140625,97.33000183105469,1.1736950874328613,148.09500122070312,1396.22998046875,1.3464748859405518,7.1128997802734375
2025-09-23,6656.919921875,24580.169921875,46292.78125,3486.18994140625,,3821.8330078125,26159.119140625,5472.39013671875,146425.0,25169.5,3780.60009765625,44.19200134277344,63.40999984741211,67.62999725341797,2.8529999256134033,4.584499835968018,426.25,520.5,112014.5,4165.50390625,97.26000213623047,1.1801080703735352,147.72500610351562,1389.3900146484375,1.3514974117279053,7.113999843597412
2025-09-24,6637.97021484375,24503.5703125,46121.28125,3472.139892578125,45630.30859375,3853.64208984375,26518.650390625,5464.56005859375,146492.0,25056.900390625,3732.10009765625,43.777000427246094,64.98999786376953,69.30999755859375,2.8580000400543213,4.752500057220459,424.25,519.5,113328.6328125,4153.46923828125,97.87000274658203,1.1814465522766113,147.61300659179688,1391.8499755859375,1.3524478673934937,7.111599922180176
2025-09-25,6604.72021484375,24397.310546875,45947.3203125,3471.110107421875,45754.9296875,3853.302001953125,26484.6796875,5444.89013671875,145306.0,24890.849609375,3736.89990234375,44.696998596191406,64.9800033569336,69.41999816894531,2.9040000438690186,4.699999809265137,425.75,527.0,109049.2890625,3868.333984375,98.55000305175781,1.1744670867919922,148.75100708007812,1403.6500244140625,1.3452396392822266,7.131499767303467
2025-09-26,6643.7001953125,24503.849609375,46247.2890625,3386.050048828125,45354.98828125,3828.10595703125,26128.19921875,5499.7001953125,145447.0,24654.69921875,3775.300048828125,46.22100067138672,65.72000122070312,70.12999725341797,2.8350000381469727,4.7154998779296875,422.0,519.75,109712.828125,4035.887939453125,98.1500015258789,1.166275978088379,149.86099243164062,1408.9200439453125,1.333653450012207,7.133800029754639
2025-09-27,,,,,,,,,,,,,,,,,,,109681.9453125,4018.658203125,,,,,,
2025-09-28,,,,,,,,,,,,,,,,,,,112122.640625,4141.4765625,,,,,,
2025-09-29,6661.2099609375,24611.349609375,46316.0703125,3431.2099609375,45043.75,3862.531982421875,26622.880859375,5506.85009765625,146337.0,24634.900390625,3820.89990234375,46.61199951171875,63.45000076293945,67.97000122070312,3.2669999599456787,4.841000080108643,421.5,519.5,114400.3828125,4217.341796875,97.91000366210938,1.170823097229004,149.40499877929688,1408.7099609375,1.3408241271972656,7.132800102233887
2025-09-30,6688.4599609375,24679.990234375,46397.890625,3424.60009765625,44932.62890625,3882.777099609375,26855.560546875,5529.9599609375,146237.0,24611.099609375,3840.800048828125,46.25299835205078,62.369998931884766,67.0199966430664,3.302999973297119,4.804999828338623,415.5,508.0,114056.0859375,4145.95751953125,97.7699966430664,1.1731443405151367,148.59500122070312,1399.3299560546875,1.3437248468399048,7.1194000244140625
2025-10-01,6711.2001953125,24800.859375,46441.1015625,3455.830078125,44550.8515625,,,5581.2099609375,145517.0,24836.30078125,3867.5,47.290000915527344,61.779998779296875,65.3499984741211,3.4760000705718994,4.83050012588501,416.5,509.25,118648.9296875,4351.1123046875,97.70999908447266,1.1735849380493164,147.9969940185547,1403.1500244140625,1.3443390130996704,7.11899995803833
2025-10-02,6715.35009765625,24892.759765625,46519.71875,3549.2099609375,44936.73046875,,27287.119140625,5645.81005859375,143950.0,,3839.699951171875,46.0,60.47999954223633,64.11000061035156,3.441999912261963,4.8979997634887695,421.75,514.75,120681.2578125,4487.923828125,97.8499984741211,1.1734058856964111,147.08299255371094,1401.8199462890625,1.3480178117752075,7.11899995803833
2025-10-03,6715.7900390625,24785.51953125,46758.28125,,45769.5,,27140.919921875,5651.7099609375,144201.0,24894.25,3880.800048828125,47.59700012207031,60.880001068115234,64.52999877929688,3.3239998817443848,5.058000087738037,419.0,515.25,122266.53125,4514.87060546875,97.72000122070312,1.1725116968154907,147.14999389648438,1405.6300048828125,1.3446643352508545,7.11899995803833
2025-10-04,,,,,,,,,,,,,,,,,,,122425.4296875,4489.197265625,,,,,,
2025-10-05,,,,,,,,,,,,,,,,,,,123513.4765625,4515.4228515625,,,,,,
2025-10-06,6740.27978515625,24978.560546875,46694.96875,,47944.76171875,,26957.76953125,5628.72021484375,143608.0,25077.650390625,3948.5,48.082000732421875,61.689998626708984,65.47000122070312,3.3570001125335693,4.986999988555908,421.75,512.75,124752.53125,4687.771484375,98.11000061035156,1.171248197555542,149.6060028076172,1406.06005859375,1.3433817625045776,7.11899995803833
2025-10-07,6714.58984375,24840.23046875,46602.98046875,,47950.87890625,,,5613.6201171875,141356.0,25108.30078125,3976.60009765625,47.17900085449219,61.72999954223633,65.44999694824219,3.497999906539917,5.047999858856201,419.75,506.75,121451.3828125,4451.15185546875,98.58000183105469,1.171028733253479,150.33099365234375,1409.9200439453125,1.3484903573989868,7.11899995803833
2025-10-08,6753.72021484375,25136.619140625,46601.78125,,47734.98828125,,26829.4609375,5649.72998046875,142145.0,25046.150390625,4043.300048828125,48.65599822998047,62.54999923706055,66.25,3.3329999446868896,5.046000003814697,422.0,507.25,123354.8671875,4527.64794921875,98.8499984741211,1.1654603481292725,152.05099487304688,1414.5699462890625,1.3421016931533813,7.11899995803833
2025-10-09,6735.10986328125,25098.1796875,46358.421875,,48580.44140625,3933.971923828125,26752.58984375,5625.56005859375,141708.0,25181.80078125,3946.300048828125,46.849998474121094,61.5099983215332,65.22000122070312,3.2690000534057617,5.075500011444092,418.25,506.5,121705.5859375,4369.1435546875,99.54000091552734,1.1631964445114136,152.67999267578125,1422.52001953125,1.3401411771774292,7.118500232696533
2025-10-10,6552.509765625,24221.740234375,45479.6015625,3610.60009765625,48088.80078125,3897.028076171875,26290.3203125,5531.31982421875,140680.0,25285.349609375,3975.89990234375,46.9379997253418,58.900001525878906,62.72999954223633,3.1059999465942383,4.848499774932861,413.0,498.5,113214.3671875,3843.0087890625,98.9800033569336,1.156644344329834,152.96499633789062,1421.510009765625,1.3304948806762695,7.127500057220459
2025-10-11,,,,,,,,,,,,,,,,,,,110807.8828125,3750.611572265625,,,,,,
2025-10-12,,,,,,,,,,,,,,,,,,,115169.765625,4164.427734375,,,,,,
2025-10-13,6654.72021484375,24750.25,46067.578125,3584.550048828125,,3889.501953125,25889.48046875,5568.18994140625,141783.0,25227.349609375,4108.60009765625,50.130001068115234,59.4900016784668,63.31999969482422,3.118000030517578,5.100500106811523,410.75,496.75,115271.078125,4245.4677734375,99.2699966430664,1.160240888595581,152.05599975585938,1429.030029296875,1.3336178064346313,7.099999904632568
2025-10-14,6644.31005859375,24579.3203125,46270.4609375,3561.81005859375,46847.3203125,3865.22900390625,25441.349609375,5552.0498046875,141683.0,25145.5,4138.7001953125,50.31399917602539,58.70000076293945,62.38999938964844,3.0280001163482666,4.980500221252441,413.0,500.25,113118.6640625,4125.412109375,99.05000305175781,1.1566845178604126,152.4340057373047,1426.0699462890625,1.3332622051239014,7.099999904632568
2025-10-15,6671.06005859375,24745.359375,46253.30859375,3657.280029296875,47672.671875,3912.208984375,25910.599609375,5605.02978515625,142604.0,25323.55078125,4176.89990234375,51.073001861572266,58.27000045776367,61.90999984741211,3.0160000324249268,4.9720001220703125,416.75,498.75,110783.1640625,3987.45947265625,98.79000091552734,1.1602274179458618,151.7310028076172,1429.4300537109375,1.3321610689163208,7.138400077819824
2025-10-16,6629.06982421875,24657.240234375,45952.23828125,3748.3701171875,48277.73828125,3916.22802734375,25888.509765625,5652.009765625,142200.0,25585.30078125,4280.2001953125,53.02299880981445,57.459999084472656,61.060001373291016,2.937999963760376,4.958000183105469,421.75,502.5,108186.0390625,3894.75439453125,98.38999938964844,1.1646324396133423,150.9739990234375,1420.0899658203125,1.3404465913772583,7.126200199127197
2025-10-17,6664.009765625,24817.94921875,46190.609375,3748.889892578125,47582.1484375,3839.7548828125,25247.099609375,5607.39013671875,143399.0,25709.849609375,4189.89990234375,49.86399841308594,57.540000915527344,61.290000915527344,3.007999897003174,4.93149995803833,422.5,503.75,106467.7890625,3832.558837890625,98.43000030517578,1.1699601411819458,150.1199951171875,1415.719970703125,1.3445558547973633,7.123000144958496
2025-10-18,,,,,,,,,,,,,,,,,,,107198.265625,3890.34619140625,,,,,,
2025-10-19,,,,,,,,,,,,,,,,,,,108666.7109375,3984.649658203125,,,,,,
2025-10-20,6735.1298828125,25141.01953125,46706.578125,3814.68994140625,49185.5,3863.89306640625,25858.830078125,5680.93017578125,144509.0,25843.150390625,4336.39990234375,51.11899948120117,57.52000045776367,61.0099983215332,3.3970000743865967,4.998000144958496,423.25,504.75,110588.9296875,3980.76025390625,98.58999633789062,1.165745735168457,150.89999389648438,1419.739990234375,1.342588186264038,7.126399993896484
2025-10-21,6735.35009765625,25127.130859375,46924.73828125,3823.840087890625,49316.05859375,3916.33203125,26027.55078125,5686.830078125,144085.0,25868.599609375,4087.699951171875,47.45000076293945,57.81999969482422,61.31999969482422,3.4739999771118164,4.929999828338623,419.75,500.25,108476.890625,3876.76416015625,98.93000030517578,1.164442539215088,150.7740020751953,1419.739990234375,1.3405184745788574,7.119500160217285
2025-10-22,6699.39990234375,24879.009765625,46590.41015625,3883.679931640625,49307.7890625,3913.758056640625,25781.76953125,5639.2099609375,144873.0,,4044.39990234375,47.46099853515625,58.5,62.59000015258789,3.450000047683716,4.960999965667725,423.0,503.75,107688.5859375,3808.122314453125,98.9000015258789,1.160038948059082,151.89300537109375,1430.739990234375,1.336523175239563,7.121799945831299
2025-10-23,6738.43994140625,25097.41015625,46734.609375,3845.56005859375,48641.609375,3922.409912109375,25967.98046875,5668.330078125,145721.0,25891.400390625,4125.5,48.481998443603516,61.790000915527344,65.98999786376953,3.3440001010894775,5.081999778747559,428.0,513.0,110069.7265625,3856.0263671875,98.94000244140625,1.1608469486236572,151.95399475097656,1430.4000244140625,1.3351848125457764,7.125699996948242
2025-10-24,6791.68994140625,25358.16015625,47207.12109375,3941.590087890625,49299.6484375,3950.31201171875,26160.150390625,5674.5,146172.0,25795.150390625,4118.39990234375,48.37699890136719,61.5,65.94000244140625,3.303999900817871,5.093500137329102,423.25,512.5,111033.921875,3934.5673828125,98.94999694824219,1.1618045568466187,152.6020050048828,1435.8399658203125,1.332746982574463,7.125699996948242
2025-10-25,,,,,,,,,,,,,,,,,,,111641.7265625,3953.470947265625,,,,,,
2025-10-26,,,,,,,,,,,,,,,,,,,114472.4453125,4157.9892578125,,,,,,
2025-10-27,6875.16015625,25821.55078125,47544.58984375,4042.830078125,50512.3203125,3996.945068359375,26433.69921875,5711.06005859375,146969.0,25966.05078125,4001.89990234375,46.5620002746582,61.310001373291016,65.62000274658203,3.441999912261963,5.140500068664551,428.75,526.0,114119.328125,4120.1220703125,98.77999877929688,1.1631693840026855,153.06100463867188,1436.969970703125,1.3322391510009766,7.121099948883057
2025-10-28,6890.89013671875,26012.150390625,47706.37109375,4010.409912109375,50219.1796875,3988.22412109375,26346.140625,5704.35009765625,147429.0,25936.19921875,3966.199951171875,47.125,60.150001525878906,64.4000015258789,3.3450000286102295,5.140500068664551,432.0,529.0,112956.1640625,3982.262451171875,98.69000244140625,1.165175199508667,152.69200134277344,1430.969970703125,1.3341000080108643,7.110199928283691
2025-10-29,6890.58984375,26119.849609375,47632.0,4081.14990234375,51307.6484375,4016.3310546875,,5705.81005859375,148633.0,26053.900390625,3983.699951171875,47.72100067138672,60.47999954223633,64.91999816894531,3.375999927520752,5.233500003814697,434.0,532.25,110055.3046875,3903.35302734375,99.22000122070312,1.1657865047454834,151.7310028076172,1425.969970703125,1.3279330730438232,7.098800182342529
2025-10-30,6822.33984375,25734.810546875,47522.12109375,4086.889892578125,51325.609375,3986.90087890625,26282.689453125,5699.18017578125,148780.0,25877.849609375,4001.300048828125,48.428001403808594,60.56999969482422,65.0,3.9560000896453857,5.078000068664551,430.25,524.25,108305.546875,3804.375244140625,99.52999877929688,1.1603351831436157,152.7220001220703,1424.010009765625,1.3195397853851318,7.098999977111816
2025-10-31,6840.2001953125,25858.130859375,47562.87109375,4107.5,52411.33984375,3954.7900390625,25906.650390625,5662.0400390625,149540.0,25722.099609375,3982.199951171875,47.99399948120117,60.97999954223633,65.06999969482422,4.124000072479248,5.065499782562256,431.5,534.0,109556.1640625,3847.080322265625,99.80000305175781,1.157246708869934,153.89999389648438,1424.02001953125,1.3159106969833374,7.109799861907959
2025-11-01,,,,,,,,,,,,,,,,,,,110064.015625,3874.18798828125,,,,,,
2025-11-02,,,,,,,,,,,,,,,,,,,110639.625,3911.063232421875,,,,,,
2025-11-03,6851.97021484375,25972.939453125,47336.6796875,4221.8701171875,,3976.52099609375,26158.359375,5679.25,150454.0,25763.349609375,4000.300048828125,47.88800048828125,61.04999923706055,64.88999938964844,4.265999794006348,5.046999931335449,434.25,543.5,106547.5234375,3602.30810546875,99.87000274658203,1.1528042554855347,154.19500732421875,1427.1700439453125,1.3134735822677612,7.1168999671936035
2025-11-04,6771.5498046875,25435.69921875,47085.23828125,4121.740234375,51497.19921875,3960.18603515625,25952.400390625,5660.2001953125,150704.0,25597.650390625,3947.699951171875,47.130001068115234,60.560001373291016,64.44000244140625,4.3429999351501465,4.926000118255615,431.5,550.25,101590.5234375,3292.574462890625,100.22000122070312,1.1519144773483276,154.20399475097656,1428.969970703125,1.3135254383087158,7.171800136566162
2025-11-05,6796.2900390625,25620.029296875,47311.0,4004.419921875,50212.26953125,3969.248046875,25935.41015625,5669.1298828125,153294.0,,3980.300048828125,47.862998962402344,59.599998474121094,63.52000045776367,4.23199987411499,4.9629998207092285,435.25,554.75,103891.8359375,3425.171142578125,100.19999694824219,1.1485539674758911,153.5570068359375,1439.81005859375,1.3021697998046875,7.129499912261963
2025-11-06,6720.31982421875,25130.0390625,46912.30078125,4026.449951171875,50883.6796875,4007.760009765625,26485.900390625,5611.18017578125,153339.0,25509.69921875,3979.89990234375,47.79399871826172,59.43000030517578,63.380001068115234,4.35699987411499,4.945499897003174,428.75,535.5,101301.2890625,3312.2578125,99.7300033569336,1.1496764421463013,154.072998046875,1439.739990234375,1.3052598237991333,7.125999927520752
2025-11-07,6728.7998046875,25059.810546875,46987.1015625,3953.760009765625,50276.37109375,3997.555908203125,26241.830078125,5566.52978515625,154064.0,25492.30078125,3999.39990234375,48.016998291015625,59.75,63.630001068115234,4.315000057220459,4.938000202178955,427.25,527.75,103372.40625,3435.301025390625,99.5999984741211,1.1549211740493774,152.947998046875,1447.9000244140625,1.3140950202941895,7.118599891662598
2025-11-08,,,,,,,,,,,,,,,,,,,102282.1171875,3400.3759765625,,,,,,
2025-11-09,,,,,,,,,,,,,,,,,,,104719.640625,3582.621337890625,,,,,,
2025-11-10,6832.43017578125,25611.740234375,47368.62890625,4073.239990234375,50911.76171875,4018.596923828125,26649.060546875,5664.4599609375,155257.0,25574.349609375,4111.7998046875,50.176998138427734,60.130001068115234,64.05999755859375,4.3379998207092285,5.086999893188477,429.75,535.75,105996.59375,3568.4599609375,99.62000274658203,1.1543878316879272,153.81700134277344,1454.0,1.3142677545547485,7.118599891662598
2025-11-11,6846.60986328125,25533.490234375,47927.9609375,4106.39013671875,50842.9296875,4002.758056640625,26696.41015625,5725.7001953125,157749.0,25694.94921875,4106.7998046875,50.61800003051758,61.040000915527344,65.16000366210938,4.565000057220459,5.048500061035156,432.0,536.0,102997.46875,3415.2822265625,99.45999908447266,1.1557220220565796,154.14599609375,1456.0899658203125,1.3172974586486816,7.11929988861084
2025-11-12,6850.919921875,25517.330078125,48254.8203125,4150.39013671875,51063.30859375,4000.139892578125,26922.73046875,5787.31005859375,157633.0,25875.80078125,4204.39990234375,53.332000732421875,58.4900016784668,62.709999084472656,4.5329999923706055,5.0894999504089355,435.25,536.0,101663.1875,3413.09423828125,99.4800033569336,1.1587486267089844,154.0749969482422,1459.8399658203125,1.3152875900268555,7.11929988861084
2025-11-13,6737.490234375,24993.4609375,47457.21875,4170.6298828125,51281.828125,4029.5009765625,27073.029296875,5742.7900390625,157162.0,25879.150390625,4186.89990234375,53.07400131225586,58.689998626708984,63.0099983215332,4.645999908447266,5.087500095367432,441.5,535.75,99697.4921875,3232.757080078125,99.18000030517578,1.159218668937683,154.71299743652344,1468.02001953125,1.3127838373184204,7.11929988861084
2025-11-14,6734.10986328125,25008.240234375,47147.48046875,4011.570068359375,50376.53125,3990.491943359375,26572.4609375,5693.77001953125,157739.0,25910.05078125,4087.60009765625,50.59000015258789,60.09000015258789,64.38999938964844,4.565999984741211,5.049499988555908,430.25,527.25,94397.7890625,3103.78564453125,99.2699966430664,1.1631964445114136,154.63299560546875,1468.7099609375,1.3152183294296265,7.111999988555908
2025-11-15,,,,,,,,,,,,,,,,,,,95549.1484375,3166.63134765625,,,,,,
2025-11-16,,,,,,,,,,,,,,,,,,,94177.078125,3092.847412109375,,,,,,
2025-11-17,6672.41015625,24799.919921875,46590.23828125,4089.25,50323.91015625,3972.034912109375,26384.279296875,5640.93994140625,156993.0,26013.44921875,4068.300048828125,50.625,59.90999984741211,64.19999694824219,4.361000061035156,5.0,434.75,544.25,92093.875,3024.538818359375,99.58999633789062,1.1615345478057861,154.5850067138672,1446.530029296875,1.3160146474838257,7.0991997718811035
2025-11-18,6617.31982421875,24503.099609375,46091.73828125,3953.6201171875,48702.98046875,3939.81298828125,25930.029296875,5534.7099609375,156522.0,25910.05078125,4061.300048828125,50.45000076293945,60.7400016784668,64.88999938964844,4.370999813079834,4.962500095367432,436.75,546.5,92948.875,3122.97900390625,99.55000305175781,1.159057378768921,155.2729949951172,1461.68994140625,1.3156163692474365,7.107500076293945
2025-11-19,6642.16015625,24640.51953125,46138.76953125,3929.510009765625,48537.69921875,3946.741943359375,25830.650390625,5542.0498046875,155381.0,26052.650390625,4077.699951171875,50.790000915527344,59.439998626708984,63.5099983215332,4.550000190734863,5.007999897003174,429.75,536.75,91465.9921875,3023.07080078125,100.2300033569336,1.1581177711486816,155.54800415039062,1456.550048828125,1.3147515058517456,7.107500076293945
2025-11-20,6538.759765625,24054.380859375,45752.26171875,4004.85009765625,49823.94140625,3931.051025390625,25835.5703125,5569.919921875,,26192.150390625,4056.5,50.24700164794922,59.13999938964844,63.380001068115234,4.473999977111816,4.959499835968018,426.5,527.0,86631.8984375,2831.777587890625,100.16000366210938,1.154068112373352,156.99200439453125,1466.1300048828125,1.3061821460723877,7.107500076293945
2025-11-21,6602.990234375,24239.5703125,46245.41015625,3853.260009765625,48625.87890625,3834.89111328125,25220.01953125,5515.08984375,154770.0,26068.150390625,4076.699951171875,49.87300109863281,58.060001373291016,62.560001373291016,4.579999923706055,5.008500099182129,425.5,527.0,85090.6875,2765.69921875,100.18000030517578,1.1534557342529297,157.36900329589844,1473.25,1.308489441871643,7.107500076293945
2025-11-22,,,,,,,,,,,,,,,,,,,84648.359375,2767.607421875,,,,,,
2025-11-23,,,,,,,,,,,,,,,,,,,86805.0078125,2801.676025390625,,,,,,
2025-11-24,6705.1201171875,24873.849609375,46448.26953125,3846.06005859375,,3836.764892578125,25716.5,5528.669921875,155278.0,25959.5,4091.89990234375,50.29499816894531,58.84000015258789,63.369998931884766,4.548999786376953,4.961999893188477,423.75,522.25,88270.5625,2952.71337890625,100.13999938964844,1.1507612466812134,156.68800354003906,1467.72998046875,1.3096375465393066,7.106599807739258
2025-11-25,6765.8798828125,25018.359375,47112.44921875,3857.780029296875,48659.51953125,3870.02294921875,25894.55078125,5573.91015625,155910.0,25884.80078125,4139.2001953125,50.933998107910156,57.95000076293945,62.47999954223633,4.423999786376953,4.999499797821045,423.5,527.25,87341.890625,2957.936279296875,99.66000366210938,1.1520073413848877,156.93899536132812,1474.8599853515625,1.3106160163879395,7.102200031280518
2025-11-26,6812.60986328125,25236.939453125,47427.12109375,3960.8701171875,49559.0703125,3864.18408203125,25928.080078125,5655.580078125,158555.0,26205.30078125,4165.2001953125,52.91600036621094,58.650001525878906,63.130001068115234,4.558000087738037,5.104499816894531,431.75,529.0,90518.3671875,3027.81201171875,99.5999984741211,1.156483769416809,156.22999572753906,1464.9200439453125,1.315870761871338,7.084499835968018
2025-11-27,,,,3986.909912109375,50167.1015625,3875.260009765625,25945.9296875,5653.169921875,158292.0,26215.55078125,,,,,,,,,91285.375,3014.542236328125,,1.1602139472961426,156.23899841308594,1470.5899658203125,1.3244997262954712,7.075799942016602
2025-11-28,6849.08984375,25434.890625,47716.421875,3926.590087890625,50253.91015625,3888.595947265625,25858.890625,5668.169921875,159072.0,26202.94921875,4218.2998046875,56.44599914550781,58.54999923706055,63.20000076293945,4.849999904632568,5.185500144958496,435.5,531.0,90919.265625,3032.304443359375,99.45999908447266,1.1599851846694946,156.28399658203125,1461.4000244140625,1.3241175413131714,7.075799942016602
2025-11-29,,,,,,,,,,,,,,,,,,,90851.7578125,2991.685302734375,,,,,,
2025-11-30,,,,,,,,,,,,,,,,,,,90394.3125,2992.112548828125,,,,,,
2025-12-01,6812.6298828125,25342.849609375,47289.328125,3920.3701171875,49303.28125,3914.006103515625,26033.259765625,5667.47998046875,158611.0,26175.75,4239.2998046875,58.417999267578125,59.31999969482422,63.16999816894531,4.921000003814697,5.218999862670898,432.75,530.25,86321.5703125,2800.18896484375,99.41000366210938,1.1601465940475464,155.92799377441406,1465.6199951171875,1.3239772319793701,7.075099945068359
2025-12-02,6829.3701171875,25555.859375,47474.4609375,3994.929931640625,49303.44921875,3897.7119140625,26095.05078125,5686.169921875,161092.0,26032.19921875,4186.60009765625,57.983001708984375,58.63999938964844,62.45000076293945,4.840000152587891,5.160999774932861,438.0,537.75,91350.203125,2997.939697265625,99.36000061035156,1.1607661247253418,155.5570068359375,1470.1700439453125,1.3209341764450073,7.071700096130371
2025-12-03,6849.72021484375,25606.5390625,47882.8984375,4036.300048828125,49864.6796875,3878.0,25760.73046875,5694.56005859375,161755.0,25986.0,4199.2998046875,57.92100143432617,58.95000076293945,62.66999816894531,4.994999885559082,5.308000087738037,431.5,537.75,93527.8046875,3191.57177734375,98.8499984741211,1.1627906560897827,155.8070068359375,1467.3599853515625,1.3219469785690308,7.070000171661377
2025-12-04,6857.1201171875,25581.69921875,47850.94140625,4028.510009765625,51028.421875,3875.79296875,25935.900390625,5718.080078125,164456.0,26033.75,4211.7998046875,56.84700012207031,59.66999816894531,63.2599983215332,5.063000202178955,5.291500091552734,437.75,541.0,92141.625,3134.31640625,98.98999786376953,1.1666841506958008,155.10699462890625,1465.030029296875,1.3348817825317383,7.063600063323975
2025-12-05,6870.39990234375,25692.05078125,47954.98828125,4100.0498046875,50491.87109375,3902.80810546875,26085.080078125,5723.93017578125,157369.0,26186.44921875,4212.89990234375,58.422000885009766,60.08000183105469,63.75,5.289000034332275,5.381999969482422,436.75,537.5,89387.7578125,3024.432861328125,98.98999786376953,1.1642799377441406,155.14199829101562,1472.3800048828125,1.3321788311004639,7.071400165557861
2025-12-06,,,,,,,,,,,,,,,,,,,89272.375,3040.207763671875,,,,,,
2025-12-07,,,,,,,,,,,,,,,,,,,90405.640625,3061.3017578125,,,,,,
2025-12-08,6846.509765625,25627.94921875,47739.3203125,4154.85009765625,50581.94140625,3924.077880859375,25765.359375,5725.58984375,158187.0,25960.55078125,4187.2001953125,57.77899932861328,58.880001068115234,62.4900016784668,4.9120001792907715,5.364500045776367,436.25,536.0,90640.203125,3125.197998046875,99.08999633789062,1.164022445678711,155.33999633789062,1471.81005859375,1.3324593305587769,7.0696001052856445
2025-12-09,6840.509765625,25668.689453125,47560.2890625,4143.5498046875,50655.1015625,3909.52099609375,25434.23046875,5718.31982421875,157981.0,25839.650390625,4206.7001953125,60.16899871826172,58.25,61.939998626708984,4.573999881744385,5.240499973297119,440.75,536.25,92691.7109375,3321.114990234375,99.22000122070312,1.1641442775726318,155.843994140625,1468.510009765625,1.3326793909072876,7.071000099182129
2025-12-10,6886.68017578125,25776.439453125,48057.75,4135.0,50602.80078125,3900.49609375,25540.779296875,5708.1201171875,159075.0,25758.0,4196.39990234375,60.37900161743164,58.459999084472656,62.209999084472656,4.59499979019165,5.2754998207092285,434.75,531.25,92020.9453125,3325.39013671875,98.79000091552734,1.1628313064575195,156.83799743652344,1467.9300537109375,1.3303532600402832,7.063300132751465
2025-12-11,6901.0,25686.689453125,48704.01171875,4110.6201171875,50148.8203125,3873.318115234375,25530.509765625,5753.9599609375,159189.0,25898.55078125,4285.5,63.92900085449219,57.599998474121094,61.279998779296875,4.230999946594238,5.427000045776367,435.25,534.5,92511.3359375,3237.056884765625,98.3499984741211,1.1701242923736572,155.7899932861328,1469.0400390625,1.3388315439224243,7.064000129699707
2025-12-12,6827.41015625,25196.73046875,48458.05078125,4167.16015625,50836.55078125,3889.345947265625,25976.7890625,5720.7099609375,160766.0,26046.94921875,4300.10009765625,61.36199951171875,57.439998626708984,61.119998931884766,4.11299991607666,5.2835001945495605,431.5,534.5,90270.4140625,3084.172607421875,98.4000015258789,1.1739431619644165,155.56700134277344,1470.8499755859375,1.339046597480774,7.0578999519348145
2025-12-13,,,,,,,,,,,,,,,,,,,90298.7109375,3116.6953125,,,,,,
2025-12-14,,,,,,,,,,,,,,,,,,,88175.1796875,3060.5947265625,,,,,,
2025-12-15,6816.509765625,25067.26953125,48416.55859375,4090.590087890625,50168.109375,3867.9208984375,25628.880859375,5752.52001953125,162482.0,26027.30078125,4306.7001953125,62.939998626708984,56.81999969482422,60.560001373291016,4.01200008392334,5.338500022888184,439.75,520.75,86419.78125,2964.18310546875,98.1500015258789,1.1737639904022217,155.88800048828125,1472.9100341796875,1.3367732763290405,7.053999900817871
2025-12-16,6800.259765625,25132.939453125,48114.26171875,3999.1298828125,49383.2890625,3824.81201171875,25235.41015625,5717.830078125,158578.0,25860.099609375,4304.5,62.70000076293945,55.27000045776367,58.91999816894531,3.885999917984009,5.2870001792907715,436.5,509.5,87843.984375,2964.180908203125,98.1500015258789,1.1754610538482666,155.01499938964844,1467.47998046875,1.3380612134933472,7.046999931335449
2025-12-17,6721.43017578125,24647.609375,47885.96875,4056.409912109375,49512.28125,3870.278076171875,25468.779296875,5681.669921875,157327.0,25818.55078125,4347.5,66.23699951171875,55.939998626708984,59.68000030517578,4.02400016784668,5.363500118255615,440.5,506.25,86143.7578125,2831.403564453125,98.37000274658203,1.1749500036239624,154.7779998779297,1471.739990234375,1.342499852180481,7.0416998863220215
2025-12-18,6774.759765625,25019.369140625,47951.8515625,3994.510009765625,49001.5,3876.37109375,25498.130859375,5741.7099609375,157923.0,25815.55078125,4339.5,64.59200286865234,56.150001525878906,59.81999969482422,3.9079999923706055,5.366499900817871,444.5,507.75,85462.5078125,2827.069091796875,98.43000030517578,1.1742326021194458,155.4949951171875,1474.0,1.3374598026275635,7.043000221252441
2025-12-19,6834.5,25346.1796875,48134.890625,4020.550048828125,49507.2109375,3890.447998046875,25690.529296875,5760.35009765625,158473.0,25966.400390625,4361.39990234375,66.84500122070312,56.65999984741211,60.470001220703125,3.9839999675750732,5.439499855041504,443.75,509.75,88103.3828125,2977.970703125,98.5999984741211,1.1725666522979736,155.58599853515625,1474.3599853515625,1.3385393619537354,7.040500164031982
2025-12-20,,,,,,,,,,,,,,,,,,,88344.0,2977.58251953125,,,,,,
2025-12-21,,,,,,,,,,,,,,,,,,,88621.75,3001.61376953125,,,,,,
2025-12-22,6878.490234375,25461.69921875,48362.6796875,4105.93017578125,50402.390625,3917.364013671875,25801.76953125,5743.68994140625,158142.0,26172.400390625,4444.60009765625,67.90599822998047,58.0099983215332,62.06999969482422,3.9649999141693115,5.4375,447.0,515.5,88490.015625,3006.07373046875,98.29000091552734,1.1708093881607056,157.67599487304688,1473.719970703125,1.3377031087875366,7.040900230407715
2025-12-23,6909.7900390625,25587.830078125,48442.41015625,4117.31982421875,50412.87109375,3919.97900390625,25774.140625,5749.27978515625,160456.0,26177.150390625,4482.7998046875,70.48500061035156,58.380001068115234,62.380001068115234,4.4079999923706055,5.47599983215332,447.5,517.0,87414.0,2963.3740234375,97.94000244140625,1.1765950918197632,156.8769989013672,1476.8399658203125,1.3469899892807007,7.040900230407715
2025-12-24,6932.0498046875,25656.150390625,48731.16015625,4108.6201171875,50344.1015625,3940.947021484375,25818.9296875,,,26142.099609375,4480.60009765625,71.03099822998047,58.349998474121094,62.2400016784668,4.242000102996826,5.498499870300293,451.0,521.75,87611.9609375,2945.590576171875,97.9800033569336,1.179551362991333,156.17599487304688,1478.6700439453125,1.3513604402542114,7.0279998779296875
2025-12-25,,,,,50407.7890625,3959.62109375,,,,,,,,,,,,,87234.7421875,2903.57958984375,,,,,,
2025-12-26,6929.93994140625,25644.390625,48710.96875,4129.68017578125,50750.390625,3963.678955078125,,,160897.0,26042.30078125,4529.10009765625,76.48600006103516,56.7400016784668,60.63999938964844,4.366000175476074,5.766499996185303,450.0,519.0,87301.4296875,2925.74560546875,98.0199966430664,1.1785364151000977,156.08999633789062,1446.52001953125,1.3508949279785156,7.0279998779296875
2025-12-27,,,,,,,,,,,,,,,,,,,87802.15625,2947.998291015625,,,,,,
2025-12-28,,,,,,,,,,,,,,,,,,,87835.8359375,2948.568115234375,,,,,,
2025-12-29,6905.740234375,25525.560546875,48461.9296875,4220.56005859375,50526.921875,3965.280029296875,25635.23046875,5751.7099609375,160490.0,25942.099609375,4325.10009765625,69.85600280761719,58.08000183105469,61.939998626708984,4.686999797821045,5.490499973297119,442.25,513.0,87138.140625,2934.538330078125,98.04000091552734,1.1772738695144653,156.46299743652344,1441.3299560546875,1.349727988243103,7.0279998779296875
2025-12-30,6896.240234375,25462.560546875,48367.05859375,4214.169921875,50339.48046875,3965.115966796875,25854.599609375,5796.22021484375,161125.0,25938.849609375,4370.10009765625,77.3740005493164,57.95000076293945,61.91999816894531,3.9719998836517334,5.727499961853027,440.5,510.75,88430.1328125,2971.416748046875,98.23999786376953,1.1772878170013428,156.01300048828125,1434.7099609375,1.3510993719100952,7.0055999755859375
2025-12-31,6845.5,25249.849609375,48063.2890625,,,3968.840087890625,25630.5390625,,,26129.599609375,4325.60009765625,70.13400268554688,57.41999816894531,60.849998474121094,3.686000108718872,5.630000114440918,440.25,507.0,87508.828125,2967.03759765625,98.27999877929688,1.1747292280197144,156.41299438476562,1437.9100341796875,1.346719741821289,6.996099948883057
2026-01-01,,,,,,,,,,26146.55078125,,,,,,,,,88731.984375,3000.394287109375,,,,,,
2026-01-02,6858.47021484375,25206.169921875,48382.390625,4309.6298828125,,,26338.470703125,,160539.0,26328.55078125,4314.39990234375,70.55599975585938,57.31999969482422,60.75,3.618000030517578,5.639999866485596,437.5,506.5,89944.6953125,3124.422607421875,98.41999816894531,1.175046682357788,156.7310028076172,1443.6400146484375,1.347363829612732,6.996099948883057
2026-01-03,,,,,,,,,,,,,,,,,,,90603.1875,3125.91748046875,,,,,,
2026-01-04,,,,,,,,,,,,,,,,,,,91413.4921875,3140.71044921875,,,,,,
2026-01-05,6902.0498046875,25401.3203125,48977.1796875,4457.52001953125,51832.80078125,4023.4169921875,26347.240234375,5923.68994140625,161870.0,26250.30078125,4436.89990234375,76.16400146484375,58.31999969482422,61.7599983215332,3.5230000019073486,5.924499988555908,444.5,512.5,93882.5546875,3226.13037109375,98.2699966430664,1.1704667806625366,156.98899841308594,1440.47998046875,1.3437970876693726,6.993100166320801
2026-01-06,6944.81982421875,25639.7109375,49462.078125,4525.47998046875,52518.078125,4083.6669921875,26710.44921875,5931.7900390625,163664.0,26178.69921875,4482.2001953125,80.52999877929688,57.130001068115234,60.70000076293945,3.3499999046325684,6.010499954223633,444.0,510.5,93729.03125,3295.94677734375,98.58000183105469,1.1714951992034912,156.62600708007812,1445.56005859375,1.3533997535705566,6.98799991607666
2026-01-07,6920.93017578125,25653.900390625,48996.078125,4551.06005859375,51961.98046875,4085.77197265625,26458.94921875,5923.56982421875,161975.0,26140.75,4449.2998046875,77.13500213623047,55.9900016784668,59.959999084472656,3.5250000953674316,5.809000015258789,446.75,518.0,91308.0546875,3166.843994140625,98.68000030517578,1.1688251495361328,156.67999267578125,1444.9599609375,1.3500559329986572,6.983399868011475
2026-01-08,6921.4599609375,25507.099609375,49266.109375,4552.3701171875,51117.26171875,4082.97900390625,26149.310546875,5904.31982421875,162937.0,25876.849609375,4449.7001953125,74.71600341796875,57.7599983215332,61.9900016784668,3.4070000648498535,5.746500015258789,446.0,518.0,91027.125,3104.382568359375,98.93000030517578,1.1676785945892334,156.7310028076172,1446.1400146484375,1.3459312915802002,6.996500015258789
2026-01-09,6966.27978515625,25766.259765625,49504.0703125,4586.31982421875,51939.890625,4120.42578125,26231.7890625,5997.47021484375,163370.0,25683.30078125,4490.2998046875,78.88400268554688,59.119998931884766,63.34000015258789,3.1689999103546143,5.855500221252441,445.75,517.25,90513.1015625,3083.047119140625,99.12999725341797,1.1657865047454834,156.8800048828125,1450.0799560546875,1.3438005447387695,6.983500003814697
2026-01-10,,,,,,,,,,,,,,,,,,,90386.6484375,3082.39599609375,,,,,,
2026-01-11,,,,,,,,,,,,,,,,,,,90827.4609375,3118.88525390625,,,,,,
2026-01-12,6977.27001953125,25787.66015625,49590.19921875,4624.7900390625,,4165.287109375,26608.48046875,6016.2998046875,163150.0,25790.25,4604.2998046875,84.61000061035156,59.5,63.869998931884766,3.4089999198913574,5.985000133514404,421.5,511.25,91192.9921875,3092.3251953125,98.86000061035156,1.1623716354370117,158.1490020751953,1455.239990234375,1.3394231796264648,6.977200031280518
2026-01-13,6963.740234375,25741.94921875,49191.98828125,4692.64013671875,53549.16015625,4138.7578125,26848.470703125,6029.830078125,161973.0,25732.30078125,4589.2001953125,85.87699890136719,61.150001525878906,65.47000122070312,3.4189999103546143,5.96999979019165,419.75,510.5,95321.78125,3322.095458984375,99.12999725341797,1.1666978597640991,157.98599243164062,1464.9300537109375,1.3465656042099,6.973100185394287
2026-01-14,6926.60009765625,25465.939453125,49149.62890625,4723.10009765625,54341.23046875,4126.0927734375,26999.810546875,6005.0498046875,165146.0,25665.599609375,4626.2998046875,90.86900329589844,62.02000045776367,66.5199966430664,3.119999885559082,6.008999824523926,422.0,512.5,96929.328125,3354.72265625,99.12999725341797,1.164252758026123,159.1790008544922,1473.010009765625,1.3426783084869385,6.977499961853027
2026-01-15,6944.47021484375,25547.0703125,49442.44140625,4797.5498046875,54110.5,4112.60107421875,26923.619140625,6041.14013671875,165568.0,,4616.2998046875,91.8759994506836,59.189998626708984,63.7599983215332,3.128000020980835,5.947999954223633,420.25,510.5,95551.1875,3317.101318359375,99.31999969482422,1.1646324396133423,158.40199279785156,1462.9000244140625,1.344266653060913,6.9730000495910645
2026-01-16,6940.009765625,25529.259765625,49359.328125,4840.740234375,53936.171875,4101.9130859375,26844.9609375,6029.4501953125,164800.0,25694.349609375,4588.39990234375,88.09100341796875,59.439998626708984,64.12999725341797,3.1029999256134033,5.78849983215332,424.75,518.0,95525.1171875,3295.482177734375,99.38999938964844,1.1609008312225342,158.5959930419922,1468.8399658203125,1.3381328582763672,6.966000080108643
2026-01-17,,,,,,,,,,,,,,,,,,,95099.921875,3308.8642578125,,,,,,
2026-01-18,,,,,,,,,,,,,,,,,,,93634.4296875,3281.15771484375,,,,,,
2026-01-19,,,,4904.66015625,53583.5703125,4114.0,26563.900390625,5925.81982421875,164849.0,25585.5,,,,,,,,,92553.59375,3186.62109375,,1.162493348121643,157.53500366210938,1471.5799560546875,1.3404287099838257,6.968100070953369
2026-01-20,6796.85986328125,24987.5703125,48488.58984375,4885.75,52991.1015625,4113.64892578125,26487.509765625,5892.080078125,166277.0,25232.5,4759.60009765625,94.20600128173828,60.34000015258789,64.91999816894531,3.9070000648498535,5.7729997634887695,423.75,510.25,88310.90625,2935.605712890625,98.63999938964844,1.1639139652252197,158.177001953125,1471.52001953125,1.3418315649032593,6.968100070953369
2026-01-21,6875.6201171875,25326.580078125,49077.23046875,4909.93017578125,52774.640625,4116.93994140625,26585.060546875,5882.8798828125,171817.0,25157.5,4831.7998046875,92.20999908447266,60.619998931884766,65.23999786376953,4.875,5.729499816894531,421.75,507.75,89376.9609375,2978.901123046875,98.76000213623047,1.1727865934371948,158.16200256347656,1477.780029296875,1.344085931777954,6.95989990234375
2026-01-22,6913.35009765625,25518.349609375,49384.01171875,4952.52978515625,53688.890625,4122.576171875,26629.9609375,5956.169921875,175589.0,25289.900390625,4908.7998046875,95.97599792480469,59.36000061035156,64.05999755859375,5.045000076293945,5.742499828338623,424.0,515.5,89462.453125,2949.63330078125,98.36000061035156,1.1672970056533813,158.45599365234375,1464.8299560546875,1.3419395685195923,6.963699817657471
2026-01-23,6915.60986328125,25605.470703125,49098.7109375,4990.06982421875,53846.87109375,4136.1640625,26749.509765625,5948.2001953125,178859.0,25048.650390625,4976.2001953125,100.92500305175781,61.06999969482422,65.87999725341797,5.275000095367432,5.910999774932861,430.5,529.5,89503.875,2953.25634765625,97.5999984741211,1.1754610538482666,158.50100708007812,1463.260009765625,1.3501288890838623,6.972599983215332
2026-01-24,,,,,,,,,,,,,,,,,,,89110.734375,2948.74072265625,,,,,,
2026-01-25,,,,,,,,,,,,,,,,,,,86572.21875,2815.90234375,,,,,,
2026-01-26,6950.22998046875,25713.2109375,49412.3984375,4949.58984375,52885.25,4132.60498046875,26765.51953125,5957.7998046875,178721.0,,5079.7001953125,115.08000183105469,60.630001068115234,65.58999633789062,6.800000190734863,5.984000205993652,428.25,522.5,88267.140625,2926.45703125,97.04000091552734,1.1858457326889038,155.16600036621094,1444.81005859375,1.3662508726119995,6.972599983215332
2026-01-27,6978.60009765625,25939.740234375,49003.41015625,5084.85009765625,53333.5390625,4139.90380859375,27126.94921875,5994.58984375,181919.0,25175.400390625,5079.89990234375,105.52300262451172,62.38999938964844,67.56999969482422,6.953999996185303,5.828499794006348,426.5,523.25,89102.5703125,3022.2109375,96.22000122070312,1.1876484155654907,154.33599853515625,1440.97998046875,1.3677457571029663,6.95419979095459
2026-01-28,6978.02978515625,26022.7890625,49015.6015625,5170.81005859375,53358.7109375,4151.23779296875,27826.91015625,5933.2001953125,184691.0,25342.75,5301.60009765625,113.11100006103516,63.209999084472656,68.4000015258789,7.460000038146973,5.892499923706055,430.0,536.0,89184.5703125,3006.607421875,96.44999694824219,1.2017642259597778,152.4530029296875,1432.510009765625,1.3824374675750732,6.954500198364258
2026-01-29,6969.009765625,25884.30078125,49071.55859375,5221.25,53375.6015625,4157.98388671875,27968.08984375,5891.9501953125,183134.0,25418.900390625,5318.39990234375,114.03700256347656,65.41999816894531,70.70999908447266,3.9179999828338623,6.17549991607666,430.75,541.5,84561.5859375,2818.232666015625,96.27999877929688,1.1977769136428833,153.0959930419922,1429.27001953125,1.382533073425293,6.954500198364258
2026-01-30,6939.02978515625,25552.390625,48892.46875,5224.35986328125,53322.8515625,4117.9482421875,27387.109375,5947.81005859375,181364.0,25320.650390625,4713.89990234375,78.29000091552734,65.20999908447266,70.69000244140625,4.354000091552734,5.896999835968018,428.25,538.0,84128.65625,2702.375244140625,96.98999786376953,1.19657301902771,153.16200256347656,1428.760009765625,1.380643367767334,6.947999954223633
2026-01-31,,,,,,,,,,,,,,,,,,,78621.1171875,2445.091796875,,,,,,
2026-02-01,,,,,,,,,,,,,,,,,,,76974.4453125,2267.96484375,,,,,,
2026-02-02,6976.43994140625,25738.609375,49407.66015625,4949.669921875,52655.1796875,4015.74609375,26775.5703125,6007.509765625,182793.0,25088.400390625,4622.5,76.77799987792969,62.13999938964844,66.30000305175781,3.236999988555908,5.801499843597412,425.75,527.75,78688.765625,2344.356689453125,97.61000061035156,1.1849182844161987,155.20199584960938,1448.800048828125,1.3679141998291016,6.951000213623047
2026-02-03,6917.81005859375,25338.619140625,49240.98828125,5288.080078125,54720.66015625,4067.738037109375,26834.76953125,5995.35009765625,185674.0,25727.55078125,4903.7001953125,83.04199981689453,63.209999084472656,67.33000183105469,3.311000108718872,6.0625,428.5,528.75,75633.546875,2227.558837890625,97.44000244140625,1.1798714399337769,155.4429931640625,1452.5400390625,1.367315649986267,6.946300029754639
2026-02-04,6882.72021484375,24891.240234375,49501.30078125,5371.10009765625,54293.359375,4102.2021484375,26847.3203125,5970.47021484375,181708.0,25776.0,4920.39990234375,84.16500091552734,65.13999938964844,69.45999908447266,3.4649999141693115,5.826000213623047,429.5,526.75,73019.703125,2143.504150390625,97.62000274658203,1.1816140413284302,155.7989959716797,1446.6800537109375,1.3697504997253418,6.937699794769287
2026-02-05,6798.39990234375,24548.689453125,48908.71875,5163.56982421875,53818.0390625,4075.9169921875,26885.240234375,5925.7001953125,182127.0,25642.80078125,4861.39990234375,76.52899932861328,63.290000915527344,67.55000305175781,3.509000062942505,5.798999786376953,435.0,535.25,62702.09765625,1821.68310546875,97.81999969482422,1.180163860321045,156.91700744628906,1460.1099853515625,1.3644611835479736,6.937699794769287
2026-02-06,6932.2998046875,25075.76953125,50115.671875,5089.14013671875,54253.6796875,4065.5830078125,26559.94921875,5998.39990234375,182950.0,25693.69921875,4951.2001953125,76.73500061035156,63.54999923706055,68.05000305175781,3.421999931335449,5.863500118255615,430.25,529.75,70555.390625,2063.386962890625,97.62999725341797,1.177786946296692,156.78399658203125,1470.6800537109375,1.3520822525024414,6.93779993057251
2026-02-07,,,,,,,,,,,,,,,,,,,69281.96875,2090.54931640625,,,,,,
2026-02-08,,,,,,,,,,,,,,,,,,,70264.7265625,2088.762939453125,,,,,,
2026-02-09,6964.81982421875,25268.140625,50135.87109375,5298.0400390625,56363.94140625,4123.08984375,27027.16015625,6059.009765625,186241.0,25867.30078125,5050.89990234375,82.06500244140625,64.36000061035156,69.04000091552734,3.138000011444092,5.945000171661377,428.75,528.75,70120.78125,2103.567626953125,96.81999969482422,1.182578206062317,157.24400329589844,1462.4000244140625,1.3608959913253784,6.938799858093262
2026-02-10,6941.81005859375,25127.640625,50188.140625,5301.68994140625,57650.5390625,4128.373046875,27183.150390625,6047.06005859375,185929.0,25935.150390625,5003.7998046875,80.21800231933594,63.959999084472656,68.80000305175781,3.115000009536743,5.895999908447266,428.75,528.25,68793.9609375,2019.4974365234375,96.80000305175781,1.1904053688049316,156.1320037841797,1458.5400390625,1.368344783782959,6.921999931335449
2026-02-11,6941.47021484375,25201.259765625,50121.3984375,5354.490234375,,4131.98486328125,27266.380859375,6035.64013671875,189699.0,25953.849609375,5071.60009765625,83.75399780273438,64.62999725341797,69.4000015258789,3.1589999198913574,5.948999881744385,427.5,537.25,66991.96875,1940.621337890625,96.83000183105469,1.1889617443084717,154.48199462890625,1455.3299560546875,1.3634566068649292,6.910600185394287
2026-02-12,6832.759765625,24687.609375,49451.98046875,5522.27001953125,57639.83984375,4134.01806640625,27032.5390625,6011.2900390625,187766.0,25807.19921875,4923.7001953125,75.5459976196289,62.84000015258789,67.5199966430664,3.2170000076293945,5.770999908447266,431.25,552.5,66221.84375,1946.940673828125,96.93000030517578,1.1876062154769897,153.2689971923828,1444.18994140625,1.362399697303772,6.912499904632568
2026-02-13,6836.169921875,24732.73046875,49500.9296875,5507.009765625,56941.96875,4082.072998046875,26567.119140625,5985.22998046875,186464.0,25471.099609375,5022.0,77.85099792480469,62.88999938964844,67.75,3.243000030517578,5.792500019073486,431.75,548.75,68857.84375,2048.52734375,96.87999725341797,1.1868449449539185,152.8209991455078,1440.9000244140625,1.3620266914367676,6.900100231170654
2026-02-14,,,,,,,,,,,,,,,,,,,69767.625,2086.009765625,,,,,,
2026-02-15,,,,,,,,,,,,,,,,,,,68788.1875,1966.04296875,,,,,,
2026-02-16,,,,,56806.41015625,,26705.939453125,5978.8798828125,,25682.75,,,,,,,,,68843.15625,1997.917724609375,,1.1867464780807495,152.7790069580078,1439.52001953125,1.3647778034210205,6.9079999923706055
2026-02-17,6843.22021484375,24701.599609375,49533.19140625,,56566.48828125,,,6021.85009765625,,25725.400390625,4882.89990234375,73.4469985961914,62.33000183105469,67.41999816894531,3.0309998989105225,5.632999897003174,426.25,537.75,67494.21875,1992.1943359375,97.16000366210938,1.1849884986877441,153.60899353027344,1440.22998046875,1.3627691268920898,6.9079999923706055
2026-02-18,6881.31005859375,24898.869140625,49662.66015625,,57143.83984375,,,6103.3701171875,186016.0,25819.349609375,4986.5,77.50900268554688,65.19000244140625,70.3499984741211,3.010999917984009,5.793499946594238,427.0,547.0,66425.3203125,1953.97412109375,97.69999694824219,1.185185194015503,153.1490020751953,1439.969970703125,1.3564472198486328,6.9079999923706055
2026-02-19,6861.89013671875,24797.33984375,49395.16015625,5677.25,57467.828125,,,6059.6201171875,188534.0,25454.349609375,4975.89990234375,77.56500244140625,66.43000030517578,71.66000366210938,2.996000051498413,5.730000019073486,425.75,559.5,66957.5234375,1948.2010498046875,97.93000030517578,1.1788839101791382,154.6929931640625,1440.1600341796875,1.349582314491272,6.9079999923706055
2026-02-20,6909.509765625,25012.619140625,49625.96875,5808.52978515625,56825.69921875,,26413.349609375,6131.31005859375,190534.0,25571.25,5059.2998046875,82.28299713134766,66.38999938964844,71.76000213623047,3.046999931335449,5.830999851226807,427.5,573.5,68005.421875,1969.0223388671875,97.80000305175781,1.1769136190414429,155.16000366210938,1447.75,1.3461124897003174,6.908100128173828
2026-02-21,,,,,,,,,,,,,,,,,,,68003.765625,1973.7371826171875,,,,,,
2026-02-22,,,,,,,,,,,,,,,,,,,67659.390625,1957.805908203125,,,,,,
2026-02-23,6837.75,24708.939453125,48804.05859375,5846.08984375,,,27081.91015625,6113.919921875,188854.0,25713.0,5204.7001953125,86.52300262451172,66.30999755859375,71.48999786376953,2.984999895095825,5.7729997634887695,427.5,569.5,64616.73828125,1855.5028076171875,97.69999694824219,1.1834739446640015,154.33900451660156,1443.43994140625,1.3533265590667725,6.9079999923706055
2026-02-24,6890.06982421875,24977.0390625,49174.5,5969.64013671875,57321.08984375,4117.4091796875,26590.3203125,6116.60009765625,191490.0,25424.650390625,5155.7998046875,87.45700073242188,65.62999725341797,70.7699966430664,2.9149999618530273,5.922999858856201,427.75,567.5,64080.04296875,1852.969482421875,97.87999725341797,1.1793843507766724,154.63499450683594,1442.199951171875,1.34969162940979,6.9079999923706055
2026-02-25,6946.1298828125,25329.0390625,49482.1484375,6083.85986328125,58583.12109375,4147.22998046875,26765.720703125,6173.31982421875,191248.0,25482.5,5206.39990234375,90.93900299072266,65.41999816894531,70.8499984741211,2.9690001010894775,5.979499816894531,430.5,565.75,67960.125,2054.6279296875,97.69999694824219,1.1775233745574951,155.8800048828125,1439.989990234375,1.3497462272644043,6.8831000328063965
2026-02-26,6908.85986328125,25034.369140625,49499.19921875,6307.27001953125,58753.390625,4146.630859375,26381.01953125,6161.56005859375,191005.0,25496.55078125,5176.5,86.99800109863281,65.20999908447266,70.75,2.8269999027252197,5.947000026702881,433.25,571.75,67453.7734375,2026.7926025390625,97.79000091552734,1.181516408920288,156.1999969482422,1426.9300537109375,1.3558034896850586,6.869200229644775
2026-02-27,6878.8798828125,24960.0390625,48977.921875,6244.1298828125,58850.26953125,4162.880859375,26630.5390625,6138.41015625,188787.0,25178.650390625,5230.5,92.68199920654297,67.0199966430664,72.4800033569336,2.8589999675750732,6.004499912261963,438.75,591.25,65881.796875,1930.7618408203125,97.61000061035156,1.1803030967712402,155.85899353027344,1432.3199462890625,1.3491452932357788,6.84089994430542
2026-02-28,,,,,,,,,,,,,,,,,,,66995.859375,1965.050537109375,,,,,,
2026-03-01,,,,,,,,,,,,,,,,,,,65738.1015625,1939.066650390625,,,,,,
2026-03-02,6881.6201171875,24992.599609375,48904.78125,,58057.23828125,4182.5908203125,26059.849609375,5986.93017578125,189307.0,24865.69921875,5294.39990234375,88.28399658203125,71.2300033569336,77.73999786376953,2.9600000381469727,5.894499778747559,433.25,574.5,68775.8515625,2027.2689208984375,98.37999725341797,1.1759449243545532,156.63299560546875,1438.5,1.3406623601913452,6.857900142669678
2026-03-03,6816.6298828125,24720.080078125,48501.26953125,5791.91015625,56279.05078125,4122.67578125,25768.080078125,5771.72998046875,183105.0,,5107.39990234375,82.9229965209961,74.55999755859375,81.4000015258789,3.053999900817871,5.773499965667725,434.25,572.25,68293.6484375,1982.7689208984375,99.05000305175781,1.1697274446487427,157.2570037841797,1452.27001953125,1.3410578966140747,6.881999969482422
2026-03-04,6869.5,25093.6796875,48739.41015625,5093.5400390625,54245.5390625,4082.47412109375,25249.48046875,5870.919921875,185366.0,24480.5,5120.2001953125,82.63300323486328,74.66000366210938,81.4000015258789,2.9170000553131104,5.855000019073486,431.75,566.75,72710.578125,2126.50537109375,98.7699966430664,1.161224365234375,157.7729949951172,1483.0699462890625,1.3353630304336548,6.899700164794922
2026-03-05,6830.7099609375,25020.41015625,47954.73828125,5583.89990234375,55278.05859375,4108.56689453125,25321.33984375,5782.89013671875,180464.0,24765.900390625,5065.2998046875,81.68699645996094,81.01000213623047,85.41000366210938,3.003000020980835,5.752999782562256,441.5,582.75,70841.125,2071.60546875,99.31999969482422,1.1635618209838867,156.98300170898438,1460.75,1.3369520902633667,6.896999835968018
2026-03-06,6740.02001953125,24643.01953125,47501.55078125,5584.8701171875,55620.83984375,4124.19384765625,25757.2890625,5719.89990234375,179365.0,24450.44921875,5146.10009765625,83.81600189208984,90.9000015258789,92.69000244140625,3.186000108718872,5.756999969482422,447.0,611.25,68136.4921875,1978.751220703125,98.98999786376953,1.1608065366744995,157.53399658203125,1479.510009765625,1.3357375860214233,6.896999835968018
2026-03-07,,,,,,,,,,,,,,,,,,,67272.59375,1969.4554443359375,,,,,,
2026-03-08,,,,,,,,,,,,,,,,,,,65969.78125,1936.604736328125,,,,,,
2026-03-09,6795.990234375,24967.25,47740.80078125,5251.8701171875,52728.71875,4096.60302734375,25408.4609375,5685.2001953125,180915.0,24028.05078125,5091.5,84.03199768066406,94.7699966430664,98.95999908447266,3.119999885559082,5.80049991607666,437.5,598.0,68402.3828125,1992.938232421875,99.18000030517578,1.152325987815857,158.427001953125,1483.8900146484375,1.3301055431365967,6.896500110626221
2026-03-10,6781.47998046875,24956.470703125,47706.51171875,5532.58984375,54248.390625,4123.13818359375,25959.900390625,5837.169921875,183447.0,24261.599609375,5229.7001953125,89.08300018310547,83.44999694824219,87.80000305175781,3.0199999809265137,5.9039998054504395,436.25,584.75,69926.921875,2037.1204833984375,98.83000183105469,1.1617234945297241,157.84800720214844,1464.469970703125,1.3424980640411377,6.910999774932861
2026-03-11,6775.7998046875,24965.009765625,47417.26953125,5609.9501953125,55025.37109375,4133.43310546875,25898.759765625,5794.68017578125,183969.0,23866.849609375,5167.39990234375,85.06500244140625,87.25,91.9800033569336,3.2090001106262207,5.8454999923706055,444.25,588.5,70204.8828125,2051.5732421875,99.2300033569336,1.1611299514770508,158.11399841308594,1472.780029296875,1.3419036865234375,6.876500129699707
2026-03-12,6672.6201171875,24533.580078125,46677.8515625,5583.25,54452.9609375,4129.10302734375,25716.759765625,5748.89013671875,179285.0,23639.150390625,5115.7998046875,84.66999816894531,95.7300033569336,100.45999908447266,3.2330000400543213,5.82450008392334,448.25,592.25,70493.4609375,2073.13623046875,99.73999786376953,1.1543211936950684,159.0749969482422,1475.3399658203125,1.338186502456665,6.865499973297119
2026-03-13,6632.18994140625,24380.73046875,46558.46875,5487.240234375,53819.609375,4095.447998046875,25465.599609375,5716.60986328125,177653.0,23151.099609375,5052.5,80.91400146484375,98.70999908447266,103.13999938964844,3.13100004196167,5.7144999504089355,452.5,618.5,70968.265625,2092.5634765625,100.36000061035156,1.1521666049957275,159.20599365234375,1470.5799560546875,1.335250735282898,6.868899822235107
2026-03-14,,,,,,,,,,,,,,,,,,,71214.625,2097.086669921875,,,,,,
2026-03-15,,,,,,,,,,,,,,,,,,,72789.9140625,2177.476318359375,,,,,,
2026-03-16,6699.3798828125,24655.33984375,46946.41015625,5549.85009765625,53751.1484375,4084.785888671875,25834.01953125,5739.009765625,179875.0,23408.80078125,4994.0,80.26300048828125,93.5,100.20999908447266,3.0230000019073486,5.790500164031982,454.0,597.25,74861.0859375,2351.176025390625,99.70999908447266,1.1435105800628662,159.5679931640625,1501.75,1.3247665166854858,6.896100044250488
2026-03-17,6716.08984375,24780.419921875,46993.26171875,5640.47998046875,53700.390625,4049.906982421875,25868.5390625,5769.25,180410.0,23581.150390625,5001.0,79.52999877929688,96.20999908447266,103.41999816894531,3.0329999923706055,5.726500034332275,454.0,589.75,73922.4765625,2318.053466796875,99.58000183105469,1.1499539613723755,159.10499572753906,1488.9100341796875,1.3314337730407715,6.95550012588501
2026-03-18,6624.7001953125,24425.08984375,46225.1484375,5925.02978515625,55239.3984375,4062.98388671875,26025.419921875,5736.85009765625,179640.0,23777.80078125,4889.89990234375,77.23799896240234,96.31999969482422,107.37999725341797,3.065000057220459,5.553999900817871,463.25,604.25,71245.578125,2203.671630859375,100.08999633789062,1.153948187828064,158.88900756835938,1484.8699951171875,1.335951805114746,6.886300086975098
2026-03-19,6606.490234375,24355.279296875,46021.4296875,5763.22021484375,53372.53125,4006.552001953125,25500.580078125,5613.830078125,180271.0,23002.150390625,4600.7001953125,70.9020004272461,96.13999938964844,108.6500015258789,3.1659998893737793,5.433000087738037,469.75,608.0,69912.7890625,2137.423828125,99.2300033569336,1.1464471817016602,159.7949981689453,1505.25,1.32650625705719,6.872600078582764
2026-03-20,6506.47998046875,23898.150390625,45577.46875,5781.2001953125,,3957.052978515625,25277.3203125,5501.27978515625,176219.0,23114.5,4570.39990234375,69.36000061035156,98.31999969482422,112.19000244140625,3.0950000286102295,5.34250020980835,465.5,595.25,70522.5859375,2146.4970703125,99.6500015258789,1.157755732536316,157.9239959716797,1489.8399658203125,1.342570185661316,6.899799823760986
2026-03-21,,,,,,,,,,,,,,,,,,,68711.5234375,2076.68994140625,,,,,,
2026-03-22,,,,,,,,,,,,,,,,,,,67845.2109375,2053.04833984375,,,,,,
2026-03-23,6581.0,24188.58984375,46208.46875,5405.75,51515.48828125,3813.282958984375,24382.470703125,5574.31982421875,181932.0,22512.650390625,4404.10009765625,69.04900360107422,88.12999725341797,99.94000244140625,2.8910000324249268,5.439499855041504,459.5,587.75,70914.859375,2152.14599609375,98.94999694824219,1.1560158729553223,159.23399353027344,1504.2099609375,1.3331555128097534,6.885700225830078
2026-03-24,6556.3701171875,24002.44921875,46124.05859375,5553.919921875,52252.28125,3881.280029296875,25063.7109375,5581.2900390625,182509.0,22912.400390625,4399.2998046875,69.27400207519531,92.3499984741211,104.48999786376953,2.943000078201294,5.422500133514404,462.5,590.0,70517.859375,2155.704345703125,99.43000030517578,1.1607122421264648,158.47900390625,1485.3599853515625,1.342426061630249,6.880000114440918
2026-03-25,6591.89990234375,24162.98046875,46429.48828125,5642.2099609375,53749.62109375,3931.8369140625,25335.94921875,5649.330078125,185424.0,23306.44921875,4549.7998046875,72.36100006103516,90.31999969482422,102.22000122070312,2.9519999027252197,5.5289998054504395,467.25,597.75,71309.8828125,2168.021484375,99.5999984741211,1.16146719455719,158.71800231933594,1497.31005859375,1.3416335582733154,6.8917999267578125
2026-03-26,6477.16015625,23586.990234375,45960.109375,5460.4599609375,53603.6484375,3889.0830078125,24856.4296875,5565.93017578125,182733.0,,4375.5,67.6709976196289,94.4800033569336,108.01000213623047,2.999000072479248,5.446499824523926,467.0,605.0,68791.625,2059.578369140625,99.9000015258789,1.1561496257781982,159.38400268554688,1500.969970703125,1.336362361907959,6.901000022888184
2026-03-27,6368.85009765625,23132.76953125,45166.640625,5438.8701171875,53373.0703125,3913.72412109375,24951.880859375,5505.7998046875,181557.0,22819.599609375,4492.0,69.54499816894531,99.63999938964844,112.56999969482422,3.0950000286102295,5.4670000076293945,462.0,605.0,66338.375,1991.27197265625,100.1500015258789,1.1535090208053589,159.70399475097656,1508.3599853515625,1.3335645198822021,6.910699844360352
2026-03-28,,,,,,,,,,,,,,,,,,,66319.6953125,1992.694580078125,,,,,,
2026-03-29,,,,,,,,,,,,,,,,,,,65954.921875,1982.5596923828125,,,,,,
2026-03-30,6343.72021484375,22953.380859375,45216.140625,5277.2998046875,51885.8515625,3923.287109375,24750.7890625,5541.7900390625,182514.0,22331.400390625,4526.0,70.3239974975586,102.87999725341797,112.77999877929688,2.88700008392334,5.47599983215332,455.75,607.0,66691.4453125,2023.514892578125,100.51000213623047,1.149200677871704,160.23399353027344,1507.02001953125,1.3238370418548584,6.911600112915039
2026-03-31,6528.52001953125,23740.189453125,46341.51171875,5052.4599609375,51063.71875,3891.861083984375,24788.140625,5569.72998046875,187462.0,,4647.60009765625,74.69000244140625,101.37999725341797,118.3499984741211,2.884000062942505,5.587500095367432,457.75,616.25,68233.3125,2104.708251953125,99.95999908447266,1.1460003852844238,159.84100341796875,1516.1300048828125,1.3172800540924072,6.911600112915039
2026-04-01,6575.31982421875,24019.990234375,46565.73828125,5478.7001953125,53739.6796875,3948.552001953125,25294.029296875,5732.7099609375,187953.0,22679.400390625,4783.2001953125,75.86699676513672,100.12000274658203,101.16000366210938,2.819000005722046,5.624000072479248,454.25,597.5,68078.5546875,2138.737060546875,99.6500015258789,1.1574207544326782,158.57899475097656,1503.3299560546875,1.324327826499939,6.894199848175049
2026-04-02,6582.68994140625,24045.529296875,46504.671875,5234.0498046875,52463.26953125,3919.284912109375,25116.529296875,5692.85986328125,188052.0,22713.099609375,4651.5,72.73500061035156,111.54000091552734,109.02999877929688,2.799999952316284,5.563000202178955,452.25,598.25,66888.5703125,2056.8525390625,100.02999877929688,1.159057378768921,158.68800354003906,1512.0899658203125,1.3302648067474365,6.870500087738037
2026-04-03,,,,5377.2998046875,53123.48828125,3880.096923828125,,,,,,,,,,,,,66931.1015625,2053.38525390625,,1.1541746854782104,159.49099731445312,1509.219970703125,1.3230313062667847,6.8850998878479
2026-04-04,,,,,,,,,,,,,,,,,,,67290.515625,2065.3515625,,,,,,
2026-04-05,,,,,,,,,,,,,,,,,,,68981.8984375,2108.99560546875,,,,,,
2026-04-06,6611.830078125,24192.169921875,46669.87890625,5450.330078125,53413.6796875,,,,188162.0,22968.25,4656.7998046875,72.66100311279297,112.41000366210938,109.7699966430664,2.811000108718872,5.583499908447266,454.0,595.25,68859.828125,2107.761474609375,99.9800033569336,1.150999665260315,159.77999877929688,1509.260009765625,1.3186348676681519,6.882400035858154
2026-04-07,6616.85009765625,24202.369140625,46584.4609375,5494.77978515625,53429.55859375,3890.1650390625,,5633.22021484375,188259.0,23123.650390625,4657.10009765625,71.82599639892578,112.94999694824219,109.2699966430664,2.869999885559082,5.54449987411499,449.0,598.0,71940.703125,2241.806640625,99.63999938964844,1.1541212797164917,159.68299865722656,1507.8499755859375,1.3234164714813232,6.882299900054932
2026-04-08,6782.81005859375,24903.169921875,47909.921875,5872.33984375,56308.421875,3994.998046875,25893.01953125,5913.3701171875,192201.0,23997.349609375,4749.5,75.2239990234375,94.41000366210938,94.75,2.7239999771118164,5.759500026702881,447.25,580.25,71123.359375,2190.33544921875,99.12999725341797,1.1686612367630005,158.71600341796875,1499.1300048828125,1.3401771783828735,6.8566999435424805
2026-04-09,6824.66015625,25082.08984375,48185.80078125,5778.009765625,55895.3203125,3966.1708984375,25752.400390625,5896.2900390625,195129.0,23775.099609375,4792.2001953125,76.2770004272461,97.87000274658203,95.91999816894531,2.6700000762939453,5.748000144958496,444.0,574.5,71767.828125,2189.14404296875,98.81999969482422,1.16593599319458,158.64199829101562,1477.5999755859375,1.3394052982330322,6.828700065612793
2026-04-10,6816.89013671875,25116.33984375,47916.5703125,5858.8701171875,56924.109375,3986.22509765625,25893.5390625,5926.10986328125,197324.0,24050.599609375,4761.89990234375,76.3239974975586,96.56999969482422,95.19999694824219,2.6480000019073486,5.870500087738037,441.0,571.0,72979.046875,2245.148681640625,98.6500015258789,1.1691256761550903,159.11199951171875,1473.280029296875,1.3430029153823853,6.831399917602539
2026-04-11,,,,,,,,,,,,,,,,,,,73054.2734375,2285.39013671875,,,,,,
2026-04-12,,,,,,,,,,,,,,,,,,,70753.40625,2192.201171875,,,,,,
2026-04-13,6886.240234375,25383.720703125,48218.25,5808.6201171875,56502.76953125,3988.55810546875,25660.849609375,5905.02001953125,198001.0,23842.650390625,4742.39990234375,75.52300262451172,99.08000183105469,99.36000061035156,2.627000093460083,5.97599983215332,440.25,582.25,74484.640625,2370.71484375,98.37000274658203,1.1675150394439697,159.67999267578125,1482.1800537109375,1.339441180229187,6.8277997970581055
2026-04-14,6967.3798828125,25842.0,48535.98828125,5967.75,57877.390625,4026.625,25872.3203125,5984.509765625,198657.0,,4825.0,79.39099884033203,91.27999877929688,94.79000091552734,2.5989999771118164,6.070499897003174,443.0,592.0,74181.609375,2323.30859375,98.12000274658203,1.176885962486267,159.21400451660156,1476.8399658203125,1.3515340089797974,6.8302998542785645
2026-04-15,7022.9501953125,26204.580078125,48463.71875,6091.39013671875,58134.23828125,4027.208984375,25947.3203125,5940.33984375,197738.0,24231.30078125,4800.0,79.49099731445312,91.29000091552734,94.93000030517578,2.609999895095825,6.072000026702881,451.25,593.75,74805.078125,2359.43701171875,98.05999755859375,1.179940938949585,158.79200744628906,1469.4200439453125,1.357533574104309,6.815700054168701
2026-04-16,7041.27978515625,26333.0,48578.71875,6226.0498046875,59518.33984375,4055.547119140625,26394.259765625,5933.27978515625,196819.0,24196.75,4785.39990234375,78.60600280761719,94.69000244140625,99.38999938964844,2.6470000743865967,6.066500186920166,448.5,598.5,75152.1328125,2348.64501953125,98.22000122070312,1.1809163093566895,158.8090057373047,1474.06005859375,1.3573696613311768,6.817999839782715
2026-04-17,7126.06005859375,26672.4296875,49447.4296875,6191.919921875,58475.8984375,4051.425048828125,26160.330078125,6057.7099609375,195734.0,24353.55078125,4857.60009765625,81.73799896240234,83.8499984741211,90.37999725341797,2.6740000247955322,6.103499889373779,448.75,591.25,77126.875,2421.07177734375,98.0999984741211,1.1782727241516113,159.19500732421875,1477.9200439453125,1.3526124954223633,6.821100234985352
2026-04-18,,,,,,,,,,,,,,,,,,,75726.2109375,2351.1005859375,,,,,,
2026-04-19,,,,,,,,,,,,,,,,,,,73856.3515625,2264.9169921875,,,,,,
2026-04-20,7109.14013671875,26590.33984375,49442.55859375,6219.08984375,58824.890625,4082.126953125,26361.0703125,5982.6298828125,196132.0,24364.849609375,4806.60009765625,79.95099639892578,89.61000061035156,95.4800033569336,2.688999891281128,6.035999774932861,452.0,597.0,75872.5234375,2315.21240234375,98.05000305175781,1.1741223335266113,159.16099548339844,1465.1500244140625,1.348435878753662,6.816999912261963
2026-04-21,7064.009765625,26479.470703125,49149.37890625,6388.47021484375,59349.171875,4085.076904296875,26487.48046875,5930.25,,24576.599609375,4698.39990234375,76.41100311279297,92.12999725341797,98.4800033569336,2.697000026702881,6.001500129699707,453.75,605.0,76352.7734375,2327.970458984375,98.41000366210938,1.1784392595291138,158.843994140625,1469.260009765625,1.3531250953674316,6.817399978637695
2026-04-22,7137.89990234375,26937.279296875,49490.03125,6417.93017578125,59585.859375,4106.2578125,26163.240234375,5906.22021484375,192889.0,24378.099609375,4732.5,77.89299774169922,92.95999908447266,101.91000366210938,2.7219998836517334,6.119999885559082,454.25,599.25,78203.1015625,2376.088134765625,98.58999633789062,1.174425721168518,159.3730010986328,1485.800048828125,1.3509680032730103,6.820799827575684
2026-04-23,7108.39990234375,26782.630859375,49310.3203125,6475.81005859375,59140.23046875,4093.25,25915.19921875,5894.72998046875,191378.0,24173.05078125,4705.10009765625,75.46499633789062,95.8499984741211,105.06999969482422,2.614000082015991,6.075500011444092,455.5,610.75,78268.953125,2331.513916015625,98.80000305175781,1.1706037521362305,159.48800659179688,1477.9599609375,1.3500378131866455,6.82420015335083
2026-04-24,7165.080078125,27303.669921875,49230.7109375,6475.6298828125,59716.1796875,4079.89990234375,25978.0703125,5883.47998046875,190745.0,23897.94921875,4722.2998046875,76.38300323486328,94.4000015258789,105.33000183105469,2.5230000019073486,6.023499965667725,455.0,608.25,77455.3125,2315.690185546875,98.51000213623047,1.16838800907135,159.7469940185547,1479.949951171875,1.3466380834579468,6.826000213623047
2026-04-25,,,,,,,,,,,,,,,,,,,77612.015625,2318.8291015625,,,,,,
2026-04-26,,,,,,,,,,,,,,,,,,,78657.5390625,2369.72900390625,,,,,,
2026-04-27,7173.91015625,27305.6796875,49167.7890625,6615.02978515625,60537.359375,4086.343994140625,25925.650390625,5860.31982421875,189579.0,24092.69921875,4675.39990234375,75.00299835205078,96.37000274658203,108.2300033569336,2.549999952316284,6.01800012588501,460.75,621.5,77366.625,2303.06396484375,98.4800033569336,1.1706448793411255,159.5760040283203,1474.68994140625,1.3515102863311768,6.835899829864502
2026-04-28,7138.7998046875,27029.009765625,49141.9296875,6641.02001953125,59917.4609375,4078.636962890625,25679.779296875,5836.10009765625,188619.0,23995.69921875,4591.5,73.20500183105469,99.93000030517578,111.26000213623047,2.559000015258789,5.9145002365112305,465.25,649.0,76350.671875,2289.419677734375,98.62000274658203,1.1723467111587524,159.35699462890625,1473.0,1.3538211584091187,6.822800159454346
2026-04-29,7135.9501953125,27186.98046875,48861.80859375,6690.89990234375,,4107.51416015625,26111.83984375,5816.47998046875,184750.0,24177.650390625,4545.2001953125,71.56900024414062,106.87999725341797,118.02999877929688,2.6470000743865967,5.878499984741211,466.5,642.25,75776.1328125,2253.415771484375,98.91999816894531,1.171783447265625,159.552001953125,1471.989990234375,1.3524478673934937,6.837399959564209
2026-04-30,7209.009765625,27452.119140625,49652.140625,6598.8701171875,59284.921875,4112.1591796875,25776.529296875,5881.509765625,187318.0,23997.55078125,4614.7001953125,73.53399658203125,105.06999969482422,114.01000213623047,2.7669999599456787,5.926000118255615,464.75,623.75,76304.3203125,2256.251220703125,98.08000183105469,1.168470025062561,160.1840057373047,1487.3800048828125,1.3488596677780151,6.837500095367432
2026-05-01,7230.1201171875,27710.359375,49499.26953125,,59513.12109375,,,,,,4629.89990234375,75.95099639892578,101.94000244140625,108.16999816894531,2.7799999713897705,5.932000160217285,468.25,624.5,78179.0,2295.09375,98.20999908447266,1.172910451889038,156.97799682617188,1474.010009765625,1.3602666854858398,6.827300071716309
2026-05-02,,,,,,,,,,,,,,,,,,,78657.25,2316.23193359375,,,,,,
2026-05-03,,,,,,,,,,,,,,,,,,,78538.2265625,2321.6357421875,,,,,,
2026-05-04,7200.75,27651.8203125,48941.8984375,6936.990234375,,,26095.880859375,5763.60986328125,185600.0,24119.30078125,4519.5,73.0719985961914,106.41999816894531,114.44000244140625,2.867000102996826,5.795000076293945,473.75,629.5,79827.90625,2346.39697265625,98.47000122070312,1.1726628541946411,156.8459930419922,1471.72998046875,1.3581420183181763,6.827499866485596
2026-05-05,7259.22021484375,28015.060546875,49298.25,,,,25898.609375,5869.6298828125,186754.0,24032.80078125,4555.7998046875,73.10800170898438,102.2699966430664,109.87000274658203,2.7880001068115234,5.942999839782715,465.5,616.5,80927.0546875,2361.1826171875,98.4800033569336,1.1691941022872925,157.19400024414062,1476.050048828125,1.353143334388733,6.829999923706055
2026-05-06,7365.1201171875,28599.169921875,49910.58984375,7384.56005859375,,4160.173828125,26213.779296875,6027.1298828125,187691.0,24330.94921875,4681.89990234375,76.81099700927734,95.08000183105469,101.2699966430664,2.7300000190734863,6.136499881744385,452.75,606.0,81427.53125,2350.802001953125,98.0199966430664,1.1715774536132812,157.677001953125,1473.9599609375,1.3568705320358276,6.830100059509277
2026-05-07,7337.10986328125,28563.94921875,49596.96875,7490.0498046875,62833.83984375,4180.091796875,26626.279296875,5972.64990234375,183218.0,24326.650390625,4699.7998046875,79.70099639892578,94.80999755859375,100.05999755859375,2.7690000534057617,6.127500057220459,452.75,601.75,80009.9921875,2291.107666015625,98.25,1.1747430562973022,156.50799560546875,1444.449951171875,1.3591758012771606,6.810999870300293
2026-05-08,7398.93017578125,29234.990234375,49609.16015625,7498.0,62713.6484375,4179.953125,26393.7109375,5911.52978515625,184108.0,24176.150390625,4720.39990234375,80.3949966430664,95.41999816894531,101.29000091552734,2.756999969482422,6.249000072479248,456.25,607.5,80186.765625,2306.97216796875,97.83999633789062,1.1731581687927246,156.82899475097656,1454.7900390625,1.3555645942687988,6.801400184631348
2026-05-09,,,,,,,,,,,,,,,,,,,80664.3671875,2326.727294921875,,,,,,
2026-05-10,,,,,,,,,,,,,,,,,,,82138.9296875,2369.0439453125,,,,,,
2026-05-11,7412.83984375,29320.66015625,49704.46875,7822.240234375,62417.87890625,4225.02099609375,26406.83984375,5895.4501953125,181909.0,23815.849609375,4718.7001953125,85.48500061035156,98.06999969482422,104.20999908447266,2.9100000858306885,6.41349983215332,460.75,622.25,81728.296875,2339.36083984375,97.94000244140625,1.176885962486267,156.85800170898438,1460.550048828125,1.3594714403152466,6.80049991607666
2026-05-12,7400.9599609375,29064.80078125,49760.55859375,7643.14990234375,62742.5703125,4214.48876953125,26347.91015625,5808.4501953125,180342.0,23379.55078125,4677.60009765625,85.12999725341797,102.18000030517578,107.7699966430664,2.8429999351501465,6.485000133514404,467.25,665.0,80477.4921875,2274.6435546875,98.29000091552734,1.177994966506958,157.2310028076172,1474.449951171875,1.360470175743103,6.7947998046875
2026-05-13,7444.25,29366.939453125,49693.19921875,7844.009765625,63272.109375,4242.57177734375,26388.439453125,5861.06982421875,177098.0,23412.599609375,4697.7001953125,88.88800048828125,101.0199966430664,105.62999725341797,2.864000082015991,6.635499954223633,466.5,665.0,79277.1171875,2257.576416015625,98.4800033569336,1.1735436916351318,157.67100524902344,1492.989990234375,1.3537001609802246,6.791999816894531
2026-05-14,7501.240234375,29580.298828125,50063.4609375,,,,,5934.9599609375,178365.859375,,4658.7998046875,84.1050033569336,101.63999938964844,106.30000305175781,2.927000045776367,6.584000110626221,470.0,661.0,,,98.94200134277344,1.1716049909591675,157.8509979248047,1489.8399658203125,1.352630853652954,6.790800094604492
2026-05-15,,,,7969.419921875,63148.5703125,,,,,,,,,,,,,,81411.0,2292.340087890625,,1.1663167476654053,158.38699340820312,1496.780029296875,1.339046597480774,6.784599781036377
